,Type of Travel,Inflight wifi service,Customer Type,Online boarding,Checkin service,Class,Inflight service,Baggage handling,Seat comfort,Cleanliness,On-board service,Leg room service,True_Y,Predicted_Y_Neural Network (MLP)
38,0,4,1,4,3,0,5,4,4,2,4,2,0,1
41,0,4,1,4,1,1,5,3,2,2,4,2,1,0
52,0,4,0,3,3,1,4,4,4,3,4,4,1,0
102,1,4,0,4,4,1,4,4,5,5,2,2,1,0
110,0,4,0,4,4,1,3,2,4,4,2,5,0,1
133,0,4,1,4,3,0,4,5,2,2,3,5,0,1
145,0,3,0,3,1,0,2,4,1,1,4,3,0,1
149,1,4,0,4,2,1,4,4,1,1,1,5,1,0
153,0,4,1,4,2,1,2,2,2,2,1,5,1,0
161,1,4,0,3,2,1,3,1,3,2,3,4,1,0
181,1,4,0,4,3,1,5,3,1,1,2,1,1,0
231,1,4,0,4,4,1,4,4,1,1,5,4,1,0
247,1,4,0,0,5,1,5,4,2,2,3,4,1,0
254,0,3,0,4,4,0,3,3,4,3,3,2,1,0
272,0,4,1,4,5,0,5,4,4,4,3,2,0,1
278,0,2,0,2,3,1,3,2,2,2,3,5,1,0
283,0,4,0,4,4,1,3,4,4,4,2,1,1,0
285,0,2,1,2,4,1,5,1,1,5,1,5,0,1
307,1,4,0,4,3,1,4,4,5,5,2,5,1,0
310,0,3,0,4,1,0,3,2,3,4,2,3,1,0
365,0,4,1,4,3,0,5,5,5,5,4,3,0,1
374,1,4,0,3,3,1,3,3,1,1,4,1,1,0
380,0,3,0,2,4,0,1,3,2,2,1,1,1,0
398,0,4,0,4,3,1,4,4,4,4,1,2,1,0
426,1,4,0,4,4,1,4,5,4,3,3,4,1,0
428,0,2,0,2,4,0,5,4,2,2,2,2,0,1
447,0,3,0,3,4,2,3,3,3,3,5,1,1,0
526,0,4,0,1,2,0,4,4,2,2,4,4,1,0
535,0,4,0,4,1,2,4,4,4,4,2,2,1,0
540,1,4,0,2,1,1,3,3,2,2,1,5,1,0
598,1,4,0,4,3,2,3,3,4,4,1,3,1,0
602,0,4,1,4,4,1,5,2,4,5,3,5,1,0
640,0,4,1,4,3,0,5,5,5,5,4,2,0,1
664,0,3,0,3,3,1,1,4,3,3,1,4,1,0
678,0,4,0,2,1,0,4,4,1,3,4,4,1,0
704,0,4,0,4,1,0,4,4,4,5,4,4,1,0
742,0,4,0,3,3,1,4,4,3,3,4,4,1,0
804,0,3,0,3,5,0,1,1,3,3,1,1,0,1
827,0,4,0,4,3,1,3,3,4,4,1,5,1,0
836,0,4,1,4,4,0,5,5,2,2,4,5,0,1
854,1,4,0,5,3,1,5,2,4,5,5,4,1,0
859,0,4,0,4,4,0,4,4,4,4,4,4,0,1
871,0,4,0,4,3,1,3,3,4,4,1,3,1,0
915,1,4,0,4,3,1,4,4,5,5,5,3,1,0
923,0,4,0,4,1,1,2,1,3,4,3,1,1,0
1031,1,4,0,4,3,1,5,4,5,5,2,1,1,0
1067,1,4,0,4,4,2,4,4,2,2,3,4,1,0
1099,1,4,0,5,4,1,4,4,3,3,1,1,1,0
1129,1,4,0,3,4,0,2,2,3,3,2,4,0,1
1155,0,4,0,4,3,0,4,4,3,2,4,4,1,0
1157,0,4,1,4,5,1,4,5,4,4,3,4,0,1
1158,1,4,0,4,5,1,4,4,2,2,3,4,1,0
1176,1,4,0,4,1,1,2,4,2,5,5,4,1,0
1198,0,4,1,4,3,0,5,5,2,2,4,3,0,1
1218,0,4,0,4,3,0,2,4,4,4,3,2,1,0
1229,0,4,0,4,2,1,4,4,4,4,3,2,1,0
1274,1,4,0,4,5,1,5,5,2,2,4,4,1,0
1291,0,4,0,4,4,0,4,4,4,3,4,4,0,1
1344,0,4,1,4,5,1,4,4,5,2,4,4,1,0
1367,0,2,0,2,3,0,1,5,2,2,4,1,1,0
1443,0,4,0,4,1,0,4,4,4,2,4,4,1,0
1470,0,3,1,3,3,0,4,4,4,4,5,3,1,0
1475,0,4,1,4,3,1,5,4,5,5,5,2,1,0
1479,1,4,0,4,4,1,4,4,1,1,5,2,1,0
1535,0,5,0,4,1,0,5,5,4,1,5,5,1,0
1551,0,4,0,4,3,1,3,2,4,4,4,1,0,1
1558,0,5,0,3,3,0,5,5,2,4,5,4,0,1
1560,0,4,1,4,5,1,4,3,4,4,5,4,1,0
1573,0,4,1,4,5,0,5,4,4,4,3,2,0,1
1575,0,4,1,4,3,0,4,5,5,5,3,3,0,1
1580,0,2,0,2,3,1,3,2,2,2,1,4,1,0
1622,0,4,0,4,2,1,1,1,4,4,1,1,0,1
1636,0,4,0,4,3,1,4,3,4,4,1,3,1,0
1666,0,4,0,1,2,1,3,3,1,1,3,4,0,1
1683,0,4,0,5,2,0,4,4,1,1,4,4,0,1
1691,1,4,0,5,4,1,5,4,5,5,4,3,1,0
1709,1,4,0,4,5,1,4,5,1,1,5,5,1,0
1713,0,4,0,4,4,0,1,2,4,4,2,4,0,1
1737,0,4,0,4,4,1,4,4,3,2,4,4,1,0
1800,0,4,1,4,4,1,4,4,1,3,5,3,1,0
1804,0,4,1,4,5,0,5,4,5,5,4,3,0,1
1805,0,3,0,3,2,1,3,3,3,3,5,4,1,0
1809,0,4,1,4,4,0,4,4,4,4,4,2,0,1
1813,0,4,0,4,2,0,1,1,4,4,3,5,0,1
1837,0,4,1,4,4,1,1,5,5,5,4,2,0,1
1844,1,4,0,5,3,1,2,2,4,5,2,4,1,0
1867,1,4,0,4,3,1,4,3,2,2,4,3,1,0
1910,0,4,1,1,1,1,4,3,1,1,5,3,1,0
1917,1,4,0,5,3,0,5,5,4,3,5,4,1,0
1987,0,1,0,3,1,0,3,4,1,4,2,3,0,1
1993,0,4,1,4,3,0,4,4,3,3,3,4,0,1
1998,1,4,0,4,1,1,3,2,2,2,3,2,1,0
2024,0,4,1,4,2,1,2,3,3,3,3,4,1,0
2033,1,4,0,4,5,1,4,5,2,2,5,2,1,0
2062,0,4,1,4,3,0,5,5,3,4,4,5,0,1
2072,1,4,0,4,1,1,2,4,3,3,3,2,1,0
2094,0,4,0,4,4,1,1,2,4,4,4,2,0,1
2120,0,4,0,4,2,1,3,4,4,4,1,4,1,0
2129,0,3,1,3,5,0,4,5,2,2,3,4,1,0
2137,1,4,0,4,5,1,5,4,3,3,5,4,1,0
2151,0,4,1,4,1,1,2,2,4,4,5,1,1,0
2174,0,4,0,4,2,1,4,3,4,4,2,3,1,0
2190,1,4,0,4,3,1,4,4,3,3,5,4,1,0
2197,0,4,0,4,4,2,2,2,3,4,3,3,1,0
2201,0,4,1,3,3,0,3,3,2,1,3,4,1,0
2205,0,5,0,4,4,0,3,2,5,5,3,1,0,1
2209,1,4,0,5,3,1,2,3,5,3,2,4,1,0
2231,0,4,1,4,4,0,4,4,4,3,3,4,0,1
2253,0,4,0,4,1,1,2,2,4,4,2,5,0,1
2259,1,4,0,4,2,1,4,4,5,3,1,4,1,0
2309,0,4,1,4,4,0,5,5,4,4,3,3,0,1
2412,0,4,0,4,3,2,4,3,4,4,5,3,1,0
2422,1,4,0,4,4,1,4,4,4,4,3,3,1,0
2462,1,4,0,4,3,1,5,4,1,3,3,2,1,0
2488,0,4,0,4,3,1,3,2,4,4,3,5,0,1
2494,0,2,0,4,3,0,2,2,4,4,1,2,1,0
2506,1,4,0,4,5,1,4,4,3,3,5,2,1,0
2508,0,4,1,4,3,0,5,5,5,5,5,2,1,0
2509,0,4,1,4,3,1,4,5,2,2,4,5,0,1
2531,0,4,0,3,2,0,4,4,3,1,4,4,1,0
2644,0,3,0,3,2,1,4,4,3,3,5,4,1,0
2686,0,4,1,4,5,0,5,5,1,1,3,4,0,1
2695,1,4,1,4,3,1,4,4,4,4,5,3,0,1
2701,0,4,0,3,4,1,4,4,2,2,4,4,0,1
2702,1,4,0,5,4,1,3,3,5,5,3,4,1,0
2706,1,4,0,4,4,2,4,4,3,3,4,3,1,0
2719,0,5,0,4,3,0,3,4,5,5,4,4,0,1
2729,0,4,1,4,2,1,2,1,5,5,4,4,1,0
2733,1,4,0,4,1,1,3,2,2,2,2,1,1,0
2759,0,3,0,4,4,0,3,3,4,3,3,3,1,0
2773,0,4,1,4,3,0,5,5,5,5,3,3,0,1
2817,1,4,0,4,5,1,5,4,3,3,3,3,1,0
2823,1,4,0,4,3,1,3,3,4,4,1,1,1,0
2858,0,4,1,4,5,1,4,4,1,1,5,2,1,0
2876,1,4,0,4,4,1,5,5,4,4,4,5,1,0
2916,1,4,0,4,3,1,5,5,1,1,4,5,1,0
2948,0,4,0,4,2,0,4,2,4,4,1,5,0,1
2965,0,4,1,4,5,0,4,5,5,3,5,2,0,1
3005,0,4,1,4,1,1,3,1,1,3,5,2,1,0
3012,0,4,0,4,2,0,4,4,3,2,4,4,1,0
3026,0,2,0,2,2,0,4,4,2,2,4,4,0,1
3041,1,4,0,4,3,1,4,4,4,1,5,2,1,0
3049,0,3,0,4,4,0,2,2,4,1,2,2,1,0
3099,0,4,1,4,5,0,5,4,3,3,5,4,0,1
3136,1,4,0,4,1,1,2,4,3,3,5,2,1,0
3138,0,3,0,3,4,0,2,2,3,3,2,2,1,0
3142,0,3,0,3,3,2,1,2,3,3,4,3,1,0
3144,0,4,0,4,4,1,3,2,4,4,2,1,1,0
3157,0,2,0,2,1,1,3,3,2,2,4,4,1,0
3233,0,4,1,3,4,0,4,4,5,5,5,5,0,1
3257,0,4,0,3,2,2,4,4,5,5,4,4,1,0
3287,0,4,1,4,3,0,4,4,3,4,3,2,1,0
3302,0,4,1,4,4,1,4,3,1,2,1,3,1,0
3322,1,4,0,4,4,1,3,3,5,5,2,3,1,0
3330,1,4,0,4,4,1,4,5,3,3,3,5,1,0
3333,1,4,0,3,3,2,4,4,4,3,4,4,1,0
3337,1,4,0,4,5,1,4,4,4,2,5,5,1,0
3354,1,4,0,4,5,1,5,4,3,1,5,4,1,0
3369,1,4,0,4,2,1,4,3,3,3,4,2,1,0
3375,1,4,0,4,3,1,5,5,4,1,5,4,1,0
3418,0,5,0,4,2,1,4,3,5,5,4,1,0,1
3441,0,4,1,4,1,0,1,2,3,3,4,1,1,0
3471,1,4,0,0,4,1,4,4,3,3,3,5,1,0
3490,0,4,0,4,4,1,3,3,4,4,4,2,1,0
3496,1,4,0,4,3,1,5,5,3,3,4,4,1,0
3498,0,4,0,4,4,1,1,3,4,4,3,4,0,1
3543,0,4,1,3,5,1,4,4,2,2,4,5,1,0
3554,0,4,1,4,4,1,5,5,1,2,3,3,0,1
3592,1,4,0,4,5,1,5,5,5,5,4,4,1,0
3603,0,4,0,4,3,0,4,4,4,4,3,3,1,0
3651,0,4,0,4,2,0,2,1,4,4,1,1,0,1
3652,0,2,0,3,1,0,1,3,3,3,1,1,1,0
3654,0,4,0,4,3,0,4,4,3,4,4,4,1,0
3691,0,4,1,4,5,0,4,5,5,4,4,4,0,1
3722,0,2,0,2,2,1,3,4,2,2,4,1,1,0
3741,1,4,0,4,3,1,5,5,2,2,4,4,1,0
3780,0,4,1,4,1,0,5,4,4,4,1,5,1,0
3800,0,4,1,4,2,1,2,4,1,1,1,4,1,0
3819,0,4,0,4,3,2,4,4,3,1,4,4,1,0
3872,0,4,0,3,1,1,5,5,2,3,5,4,1,0
3906,0,4,1,4,4,1,5,5,3,3,4,3,0,1
3918,0,2,1,2,5,0,5,5,4,4,3,2,1,0
3934,0,4,1,4,1,1,5,5,2,5,5,2,0,1
3944,0,3,0,4,2,1,4,4,3,3,2,1,1,0
3951,0,4,0,4,4,1,4,4,4,4,5,3,0,1
3967,0,4,0,2,3,1,4,4,2,1,4,4,0,1
3978,0,3,0,3,4,1,3,2,3,3,4,2,1,0
3982,1,4,0,4,2,1,3,4,3,3,4,4,1,0
3992,0,4,1,4,3,1,4,4,2,2,4,5,1,0
3996,0,4,1,4,4,0,5,5,3,3,5,4,0,1
4066,0,2,0,1,2,0,2,2,2,3,2,2,1,0
4076,1,4,0,5,5,1,2,2,4,5,2,4,1,0
4082,0,4,1,5,4,1,4,4,1,1,4,2,1,0
4131,1,4,0,4,5,0,5,4,4,4,5,5,1,0
4184,1,4,0,4,3,1,4,3,4,4,3,1,1,0
4239,1,4,0,2,5,0,5,5,4,4,3,5,0,1
4324,1,4,0,4,4,1,4,3,1,1,5,2,1,0
4336,0,4,1,4,5,1,5,5,2,4,5,4,0,1
4337,0,3,0,3,2,2,2,4,3,3,2,3,1,0
4375,1,4,0,2,4,1,5,2,3,3,3,1,1,0
4417,0,2,0,2,4,1,4,4,1,1,5,1,1,0
4435,0,3,0,3,4,1,4,4,3,3,3,2,1,0
4594,1,4,0,4,3,2,4,4,3,3,4,4,1,0
4600,0,4,1,4,3,1,2,3,2,2,1,5,1,0
4620,1,4,0,4,5,1,4,5,3,3,1,4,1,0
4624,0,4,1,4,3,1,5,4,2,2,4,2,1,0
4654,0,4,1,3,5,1,1,4,5,5,5,5,0,1
4666,0,4,1,5,3,1,3,3,1,1,1,3,1,0
4711,0,2,0,2,2,2,4,1,2,2,4,4,1,0
4804,1,4,0,0,3,2,4,4,2,1,2,1,1,0
4812,0,4,1,4,4,0,5,5,1,1,3,5,0,1
4884,0,4,0,4,1,1,2,2,4,4,2,1,1,0
4919,1,4,0,4,3,1,5,4,2,2,3,2,1,0
4937,0,2,0,3,3,0,3,3,4,3,3,3,1,0
4969,0,4,1,2,2,1,3,5,2,2,3,4,0,1
4976,1,4,0,3,2,1,2,2,3,1,2,4,1,0
4989,0,4,0,4,1,0,2,1,4,4,2,3,0,1
5013,0,3,0,3,3,2,2,2,3,3,2,3,1,0
5042,0,4,1,4,3,1,4,3,1,1,3,4,1,0
5103,0,4,1,2,2,0,5,4,2,2,3,3,0,1
5149,0,4,0,4,3,1,2,2,4,4,4,1,0,1
5158,0,4,1,4,5,0,5,4,5,5,5,2,1,0
5223,0,4,0,4,2,0,3,3,3,1,3,4,1,0
5229,0,3,0,2,2,0,4,4,2,2,2,4,1,0
5231,1,4,0,4,4,0,3,3,4,3,3,4,0,1
5242,1,4,0,4,5,1,5,5,3,3,5,5,1,0
5298,1,4,0,4,4,1,4,5,5,5,4,5,1,0
5362,0,3,0,3,3,1,4,3,3,3,1,1,1,0
5378,0,4,1,4,3,1,1,4,4,4,4,2,1,0
5387,0,4,0,4,1,2,4,4,5,5,2,2,0,1
5407,0,4,0,2,3,0,3,4,2,2,2,2,1,0
5439,0,2,0,2,4,1,1,2,2,2,2,5,1,0
5502,0,4,1,4,3,1,2,1,5,5,1,5,1,0
5511,0,4,0,4,4,0,2,4,4,4,2,3,0,1
5540,0,4,0,4,4,1,4,1,4,4,5,1,0,1
5578,1,4,0,4,5,1,4,4,2,2,4,4,1,0
5600,0,4,0,3,2,1,4,4,3,2,4,4,1,0
5616,0,1,0,4,2,0,3,4,1,4,3,4,0,1
5644,0,4,1,4,4,2,3,3,2,2,1,1,1,0
5671,0,4,1,4,2,1,3,2,4,4,2,1,1,0
5695,0,4,0,4,3,0,4,4,4,4,4,4,0,1
5771,0,4,1,5,5,1,3,4,5,5,5,5,1,0
5796,0,4,1,4,1,1,4,1,4,4,5,3,1,0
5813,0,4,1,4,3,1,5,1,5,2,3,3,1,0
5832,0,4,1,4,3,1,3,1,1,1,1,4,1,0
5836,0,4,0,4,4,2,4,4,4,1,4,4,1,0
5843,0,4,1,4,3,1,5,4,2,2,5,1,0,1
5897,0,4,1,4,4,1,5,2,4,4,2,2,0,1
5918,1,4,0,4,5,1,4,4,5,5,4,4,1,0
5962,1,4,0,4,3,1,5,4,5,3,5,5,1,0
5970,0,4,0,3,3,0,4,4,3,3,4,4,1,0
5972,0,4,1,3,4,0,1,1,4,4,1,4,0,1
5995,0,4,1,4,5,0,4,5,5,5,5,2,0,1
6017,0,4,1,4,5,1,5,4,5,5,4,3,0,1
6026,0,5,0,4,3,1,4,4,5,5,3,4,0,1
6066,1,4,0,4,4,1,4,5,1,1,5,3,1,0
6099,0,1,0,3,3,0,2,2,3,1,2,2,1,0
6155,0,4,1,4,4,1,5,4,3,3,4,5,1,0
6165,0,4,1,4,1,1,2,1,1,1,5,5,1,0
6175,0,4,1,4,2,1,1,5,4,4,1,4,0,1
6188,0,4,1,4,3,0,5,4,1,1,5,4,1,0
6190,0,4,1,4,3,0,5,4,3,1,3,5,0,1
6216,0,4,1,4,4,0,4,5,2,2,4,2,1,0
6230,1,4,0,4,5,1,4,4,2,2,4,5,1,0
6256,0,3,0,3,1,2,3,3,1,5,3,3,1,0
6266,1,4,0,4,3,1,4,4,3,3,3,3,1,0
6333,0,1,0,1,1,0,4,3,3,1,4,4,1,0
6367,0,4,0,3,3,0,4,4,3,3,4,3,1,0
6375,0,4,1,4,4,0,5,4,1,1,4,5,0,1
6386,0,4,1,4,3,1,4,1,5,5,4,4,1,0
6406,0,4,0,4,4,1,1,3,4,4,5,4,0,1
6430,1,4,0,4,3,1,4,2,1,1,2,3,1,0
6442,1,4,0,4,5,1,4,5,2,2,4,3,1,0
6499,0,4,0,4,4,1,4,3,4,4,4,2,1,0
6512,1,4,0,4,2,1,4,2,4,4,3,5,1,0
6540,1,4,0,5,4,1,4,4,4,4,4,3,1,0
6546,0,2,1,2,5,0,4,5,1,1,5,4,1,0
6550,0,4,1,4,1,0,2,1,3,3,5,2,1,0
6575,0,5,0,1,4,0,5,5,1,3,5,4,0,1
6579,1,4,0,4,4,1,5,4,3,3,3,2,1,0
6580,0,4,1,4,3,1,3,5,4,4,4,2,0,1
6584,0,3,0,4,1,0,4,4,3,3,4,5,0,1
6609,0,4,1,4,4,0,4,3,4,4,4,5,0,1
6633,0,4,1,5,3,0,4,4,1,1,3,2,1,0
6678,0,4,1,5,5,1,1,2,5,5,4,2,0,1
6684,0,4,1,5,5,1,5,4,3,3,4,4,1,0
6701,0,4,1,5,4,0,4,4,3,3,2,2,0,1
6704,0,4,0,4,1,1,4,4,4,4,3,4,1,0
6705,1,4,0,3,1,1,3,3,3,2,3,2,1,0
6774,0,2,0,2,4,1,4,2,2,2,5,1,1,0
6775,0,4,0,2,2,0,4,4,1,3,4,4,1,0
6779,0,4,0,4,3,0,4,4,4,4,4,4,0,1
6811,0,4,1,4,5,0,4,5,5,5,3,5,0,1
6843,0,4,1,1,1,1,3,4,1,1,4,4,1,0
6864,1,4,0,5,5,1,4,4,4,3,4,4,1,0
6885,0,4,0,4,1,2,3,4,4,4,3,4,1,0
6898,0,2,0,2,3,1,4,3,3,3,2,1,1,0
6924,0,4,0,4,3,0,4,4,4,4,3,2,1,0
6937,0,4,0,4,3,1,4,4,4,4,3,1,1,0
6977,0,4,1,4,4,1,5,4,2,2,3,2,1,0
6987,0,2,0,1,4,0,4,4,2,2,4,4,0,1
7027,1,4,0,4,3,1,4,5,2,2,5,2,1,0
7042,0,4,0,1,4,2,4,4,2,2,4,4,1,0
7085,1,4,0,4,2,2,4,4,4,3,4,4,1,0
7149,0,2,0,3,3,1,2,5,2,2,4,4,1,0
7163,1,4,0,4,5,1,4,4,4,4,3,2,1,0
7171,0,1,0,2,1,0,2,2,2,2,5,3,1,0
7181,0,4,1,4,3,1,4,4,1,1,4,5,1,0
7224,1,4,0,4,2,1,1,4,3,3,2,1,1,0
7232,0,4,1,4,4,0,4,5,4,2,5,4,0,1
7243,0,2,0,2,2,0,5,3,2,2,1,3,0,1
7251,0,0,0,1,2,1,4,4,4,0,4,3,0,1
7343,0,3,0,3,4,0,3,4,3,3,2,5,1,0
7346,0,4,1,4,5,0,4,4,1,1,3,3,0,1
7402,0,5,0,1,3,0,5,5,3,4,5,4,0,1
7418,0,4,0,4,1,0,4,4,4,4,4,4,1,0
7436,0,2,0,2,4,1,3,4,2,2,5,5,1,0
7442,1,4,0,4,2,1,5,1,2,2,3,5,1,0
7443,1,4,0,4,1,1,4,3,4,4,3,5,1,0
7453,0,4,1,4,4,0,4,5,4,4,3,3,0,1
7456,0,4,1,4,5,1,2,4,4,4,3,3,1,0
7532,0,3,0,3,2,1,3,3,2,3,3,3,1,0
7547,0,4,0,4,3,0,2,3,3,3,3,3,0,1
7601,0,3,1,3,4,0,4,4,5,5,3,5,1,0
7624,1,4,0,5,4,1,3,3,5,3,3,4,1,0
7659,0,4,1,4,4,1,1,1,2,5,2,4,0,1
7710,1,4,0,4,5,1,1,2,3,3,1,3,1,0
7727,0,4,1,4,5,0,5,4,1,1,5,4,1,0
7732,0,4,0,4,3,1,4,4,4,4,3,1,1,0
7739,1,4,0,3,5,1,5,4,3,3,3,2,1,0
7782,0,4,1,4,3,0,4,4,2,5,5,3,0,1
7795,0,4,1,4,3,0,4,5,3,4,5,4,0,1
7800,1,4,0,3,4,1,3,3,3,3,3,5,1,0
7808,0,4,0,4,4,2,2,2,3,3,1,5,0,1
7810,0,4,1,4,5,0,4,5,3,3,4,3,0,1
7819,0,4,1,4,3,0,1,1,3,3,4,1,0,1
7820,0,3,0,3,2,1,2,4,3,3,3,1,1,0
7826,0,4,0,4,4,0,2,1,4,4,4,3,0,1
7828,1,4,0,4,3,1,4,5,2,2,4,2,1,0
7839,0,4,0,4,2,1,4,4,3,4,3,4,1,0
7872,1,4,0,4,5,1,4,5,1,1,4,4,1,0
7884,1,4,0,4,4,1,5,4,1,1,5,2,1,0
7951,0,4,1,4,4,0,4,5,1,1,3,4,0,1
7982,1,4,0,4,4,0,2,4,4,2,2,4,1,0
7988,0,4,1,4,4,1,4,4,2,2,4,3,1,0
8063,0,4,0,4,1,2,4,3,4,4,3,2,1,0
8070,1,4,0,4,4,1,5,4,4,4,4,3,1,0
8095,0,4,1,4,5,1,5,5,3,3,3,4,0,1
8110,0,4,0,3,2,0,4,4,3,1,4,5,1,0
8124,0,4,0,4,4,0,4,4,4,4,4,4,0,1
8125,0,4,1,4,4,1,4,4,5,5,4,4,0,1
8151,1,4,0,4,4,1,2,2,2,2,2,2,1,0
8154,0,4,1,4,4,1,4,4,1,1,5,3,1,0
8177,1,4,0,2,5,1,4,5,1,1,2,3,1,0
8183,0,3,0,4,2,0,1,3,4,4,1,1,0,1
8211,0,3,0,4,4,1,3,3,3,3,3,3,1,0
8216,0,2,0,2,3,2,2,2,1,1,4,2,1,0
8220,1,4,0,4,5,1,2,1,4,4,1,2,0,1
8227,0,4,1,4,4,1,4,4,5,5,4,4,0,1
8260,1,4,0,4,1,1,5,4,2,2,4,3,1,0
8267,0,3,1,3,1,0,5,1,4,4,1,2,1,0
8301,1,4,0,3,1,1,4,4,3,3,2,1,1,0
8317,0,4,0,3,1,0,4,4,4,4,4,4,1,0
8326,0,4,0,4,1,1,3,4,4,4,3,4,1,0
8337,0,4,0,4,2,2,2,2,4,4,3,1,1,0
8373,1,4,1,4,3,1,3,3,4,4,4,2,0,1
8377,1,4,0,4,1,1,5,3,2,2,5,3,1,0
8402,1,4,0,3,2,1,4,4,3,3,2,4,0,1
8427,1,4,0,4,4,1,5,4,5,5,4,5,1,0
8438,0,1,0,1,4,0,3,3,4,4,3,2,0,1
8454,0,4,1,4,3,1,4,4,1,1,3,4,1,0
8464,0,4,0,4,4,0,3,4,4,4,2,4,1,0
8484,0,4,1,4,3,0,4,4,2,4,4,3,1,0
8489,0,3,0,3,3,1,4,3,3,3,3,2,1,0
8490,0,4,0,4,2,0,4,3,4,4,3,5,1,0
8493,0,4,1,4,1,1,3,3,3,3,3,1,1,0
8532,0,4,1,5,4,1,4,5,4,4,5,5,1,0
8572,0,4,1,4,3,1,2,1,3,3,4,4,1,0
8580,1,4,0,4,2,1,3,4,4,4,1,3,1,0
8607,0,4,0,4,1,1,4,4,4,4,2,2,1,0
8624,1,4,0,4,3,0,3,3,5,5,3,4,0,1
8664,0,4,1,4,3,0,5,5,5,5,3,5,0,1
8725,1,4,0,5,3,1,1,1,4,4,1,4,1,0
8735,0,4,1,4,3,0,5,4,4,4,3,3,0,1
8754,0,4,0,3,3,0,4,4,4,2,4,4,1,0
8890,1,4,0,4,4,1,4,4,4,4,1,1,1,0
8912,0,4,0,4,4,1,1,2,4,4,1,5,0,1
8955,0,4,1,4,3,0,4,4,5,5,5,3,0,1
8980,0,4,1,4,1,1,3,4,4,2,4,2,1,0
8984,1,4,0,4,5,1,4,1,1,1,5,2,1,0
8994,0,2,1,2,3,0,5,4,2,2,5,4,1,0
8997,0,3,1,3,3,0,4,4,3,3,3,4,1,0
9001,0,4,0,4,2,1,3,4,4,4,4,5,1,0
9046,0,4,0,4,2,2,4,4,4,4,1,5,1,0
9053,0,3,0,3,3,2,3,2,3,3,2,4,1,0
9059,0,4,0,4,4,0,3,2,4,4,2,3,0,1
9082,0,4,0,4,4,0,4,2,4,4,5,1,1,0
9097,0,3,1,3,4,1,5,4,1,1,4,5,1,0
9100,0,2,1,2,5,0,1,5,1,1,3,4,1,0
9150,1,4,0,2,5,1,3,3,2,5,3,4,1,0
9151,0,3,0,3,4,1,3,4,3,3,3,5,1,0
9170,0,4,1,3,4,1,4,5,4,4,4,2,0,1
9181,0,3,1,3,4,0,4,4,1,2,3,2,1,0
9184,0,2,0,4,3,1,2,2,4,4,2,2,1,0
9238,0,3,0,3,1,0,2,2,3,3,2,2,1,0
9244,1,4,0,2,4,1,4,5,4,4,4,4,1,0
9264,0,4,1,4,3,1,2,4,4,4,5,2,1,0
9265,1,4,0,4,5,0,3,3,4,5,3,4,0,1
9279,0,4,1,4,4,0,5,5,5,4,5,4,0,1
9316,1,4,0,4,3,1,2,2,4,4,2,1,1,0
9386,1,4,0,4,5,1,4,5,5,5,5,5,1,0
9390,0,3,1,3,5,0,4,5,5,5,4,3,1,0
9405,0,3,0,2,1,0,2,2,1,1,2,2,1,0
9408,0,4,1,4,1,1,3,4,3,3,4,3,1,0
9416,0,1,0,0,1,0,4,4,4,5,3,3,0,1
9419,1,4,0,5,4,1,2,2,4,5,2,4,1,0
9528,0,4,1,4,5,1,5,4,1,1,3,3,1,0
9529,0,4,0,4,1,2,2,1,4,4,3,5,0,1
9538,1,4,0,4,3,1,4,4,3,3,3,4,1,0
9564,0,4,0,4,1,0,4,4,4,5,4,4,1,0
9571,1,4,0,4,4,1,5,5,4,4,4,3,1,0
9621,1,4,0,2,4,1,2,2,4,4,1,3,1,0
9679,0,4,0,4,2,1,2,2,3,3,2,5,0,1
9685,0,4,0,3,3,1,4,4,2,2,4,4,1,0
9711,1,4,0,4,4,1,4,3,3,3,2,4,1,0
9748,0,1,0,0,4,0,3,4,3,3,4,5,0,1
9827,0,4,0,4,2,1,3,4,4,4,2,1,1,0
9833,1,4,0,4,4,1,4,5,4,4,4,5,1,0
9834,0,4,0,4,3,1,4,4,3,2,4,4,1,0
9846,0,4,1,4,5,0,4,5,5,5,4,3,0,1
9872,0,4,0,2,1,0,4,4,4,1,4,4,1,0
9912,0,4,1,4,2,1,3,4,2,2,3,4,1,0
9928,0,4,0,3,4,1,3,3,3,1,3,4,0,1
9932,0,2,0,2,1,2,2,2,1,4,2,2,1,0
9997,0,1,0,1,3,0,3,4,3,3,5,3,0,1
10050,1,4,0,4,1,1,3,3,3,2,5,5,1,0
10147,0,4,0,4,3,0,3,3,4,4,3,4,1,0
10160,0,3,1,3,2,1,4,4,5,5,2,4,1,0
10171,0,3,0,2,2,1,3,3,3,1,3,3,1,0
10181,1,4,0,4,3,1,4,4,3,4,3,3,1,0
10185,1,4,0,4,5,1,4,5,3,3,1,2,1,0
10186,0,4,1,4,5,1,1,2,5,5,2,3,0,1
10195,1,4,0,3,3,1,5,5,2,3,5,4,1,0
10197,1,4,0,5,4,1,5,5,3,3,3,4,1,0
10264,0,4,0,4,3,1,4,3,4,4,1,1,1,0
10284,0,4,0,4,3,0,4,4,3,3,4,3,1,0
10317,0,4,1,4,4,1,4,4,5,3,5,4,1,0
10322,1,4,0,5,5,1,5,5,4,5,5,4,1,0
10388,0,4,0,4,2,0,4,4,4,4,1,3,1,0
10398,0,4,1,4,5,0,5,5,3,3,3,2,0,1
10426,1,4,0,4,3,1,3,3,3,2,3,4,1,0
10428,0,3,0,3,3,2,2,1,3,3,1,1,1,0
10453,1,4,0,4,4,1,1,1,4,4,1,4,1,0
10499,0,4,0,3,3,2,4,4,2,2,4,4,1,0
10570,0,4,0,4,4,2,2,4,4,4,5,3,0,1
10571,0,3,0,4,3,0,3,3,4,4,3,4,1,0
10595,1,4,0,2,4,1,4,4,2,4,4,4,1,0
10635,0,2,1,2,4,0,5,4,1,1,5,5,1,0
10657,1,4,0,5,3,1,2,3,1,1,3,5,1,0
10669,1,4,0,4,4,1,4,5,4,4,5,1,1,0
10699,1,4,0,4,2,1,4,4,4,4,4,4,1,0
10719,1,4,0,4,3,1,5,1,4,3,5,4,1,0
10756,1,4,0,4,1,2,4,3,4,4,3,4,1,0
10760,0,4,1,4,4,1,3,4,5,5,4,3,0,1
10778,0,4,0,4,4,1,4,4,3,4,4,4,0,1
10795,0,4,1,4,3,0,4,5,2,2,4,3,1,0
10799,0,4,0,3,4,1,4,4,3,3,4,4,1,0
10824,0,4,0,4,4,0,3,3,4,4,3,3,0,1
10826,1,4,0,4,4,1,3,3,5,5,4,2,1,0
10855,1,4,0,1,5,1,2,4,2,1,2,4,1,0
10856,0,4,1,4,5,0,5,4,3,3,5,4,0,1
10859,1,4,0,4,5,1,5,5,1,1,5,3,1,0
10888,0,4,1,4,4,0,4,4,4,4,3,4,0,1
10980,0,4,1,3,4,0,4,5,2,2,5,4,0,1
10983,0,4,0,4,3,1,3,3,5,5,4,5,0,1
10989,0,4,1,4,3,1,4,5,4,4,5,2,0,1
10991,1,4,0,3,3,1,4,4,3,3,3,1,0,1
11072,0,4,1,5,4,1,5,5,4,4,5,5,1,0
11126,0,2,1,2,3,0,4,4,1,1,3,2,1,0
11137,0,4,0,4,4,1,3,3,4,4,1,1,1,0
11143,1,4,0,2,2,1,5,4,2,2,5,4,1,0
11148,1,4,0,4,2,1,3,2,3,3,2,5,1,0
11150,0,5,0,4,4,0,3,3,5,5,3,5,0,1
11159,0,3,0,2,2,1,3,3,4,3,3,3,1,0
11293,0,3,0,4,4,1,2,3,3,3,4,1,1,0
11304,0,2,0,3,4,0,2,2,2,3,2,2,1,0
11315,0,3,1,3,5,0,5,4,5,5,4,5,1,0
11318,1,4,0,0,2,1,4,4,2,2,1,4,0,1
11326,0,3,0,1,4,1,3,3,2,3,3,3,1,0
11329,1,4,0,4,5,1,5,5,1,1,3,5,1,0
11374,0,4,1,4,3,1,1,1,4,4,4,4,1,0
11389,0,4,0,4,2,1,3,3,4,4,1,1,1,0
11414,0,5,0,4,2,0,3,4,5,5,2,5,0,1
11416,1,4,0,4,3,1,4,5,5,5,5,2,1,0
11434,0,3,0,4,2,0,3,3,2,1,3,4,1,0
11445,0,2,0,4,1,0,4,3,3,3,4,4,1,0
11469,0,4,1,4,3,1,2,2,4,4,4,3,1,0
11616,0,4,0,4,1,1,2,2,3,3,1,3,0,1
11622,0,2,0,3,4,0,2,2,4,3,2,2,1,0
11639,1,4,0,1,1,1,3,5,1,1,5,4,1,0
11650,1,4,0,4,1,0,4,3,2,1,1,5,1,0
11665,0,4,1,4,3,2,4,5,1,2,5,5,0,1
11706,1,4,0,5,5,1,5,3,5,4,5,4,1,0
11747,1,4,0,4,4,1,5,4,3,3,4,3,1,0
11811,0,4,0,4,3,1,4,4,3,2,4,4,1,0
11816,1,4,0,4,5,1,4,5,1,1,4,2,1,0
11845,0,4,0,2,2,0,4,4,4,1,4,4,1,0
11856,0,4,0,4,3,1,4,4,4,2,4,4,1,0
11888,1,4,0,4,4,1,3,3,2,2,4,4,1,0
11905,0,4,0,4,3,1,2,2,4,4,4,2,1,0
11915,0,3,0,3,4,0,4,4,3,3,3,4,1,0
11975,0,4,0,3,1,2,4,4,2,3,4,4,1,0
11978,1,4,0,4,5,1,5,4,4,4,5,3,1,0
12036,0,4,1,4,5,0,4,4,5,5,3,2,0,1
12037,0,4,1,4,5,1,3,4,3,3,2,1,1,0
12075,0,4,0,4,3,2,4,4,4,4,4,4,1,0
12096,0,4,0,4,4,1,4,4,4,4,4,2,1,0
12105,0,4,1,4,4,0,5,4,5,5,4,4,0,1
12157,0,4,1,4,2,1,3,5,1,1,4,1,0,1
12219,1,4,0,4,3,1,4,4,5,5,5,3,1,0
12301,0,4,1,4,3,0,5,5,2,2,3,2,1,0
12336,0,4,0,4,2,2,2,2,4,4,1,2,0,1
12371,0,5,0,3,3,0,5,5,2,3,5,4,0,1
12376,0,2,0,2,2,1,3,1,2,2,3,3,1,0
12449,0,4,0,2,3,0,4,4,4,3,4,4,1,0
12450,0,3,0,4,3,0,3,3,4,3,3,3,1,0
12514,1,4,0,3,1,2,4,4,3,4,4,2,1,0
12526,0,4,1,4,5,0,5,5,4,4,5,3,1,0
12543,0,4,1,4,5,1,4,4,2,2,5,2,0,1
12548,0,4,0,2,1,1,4,4,2,3,4,4,1,0
12554,1,4,0,3,1,1,4,4,5,1,4,4,1,0
12569,1,4,0,2,2,1,3,3,3,3,3,4,0,1
12572,0,3,0,3,3,2,2,2,3,3,1,2,1,0
12575,0,3,0,4,1,0,3,3,3,5,3,3,1,0
12608,1,4,0,4,3,0,4,4,1,4,3,4,1,0
12614,1,4,0,3,5,1,5,4,3,3,4,2,1,0
12628,1,4,0,4,5,1,4,5,1,3,3,3,1,0
12633,0,2,0,3,4,0,2,2,4,3,2,2,1,0
12644,0,5,0,3,4,0,5,5,4,4,5,4,0,1
12689,0,4,1,4,4,1,4,5,4,4,5,4,0,1
12697,0,4,0,4,2,1,4,4,5,5,3,3,0,1
12732,0,2,1,2,3,0,4,4,1,1,4,5,1,0
12736,0,4,1,4,5,0,5,5,3,3,5,5,0,1
12773,1,4,0,4,4,1,1,2,3,3,3,3,1,0
12823,1,4,0,4,5,1,5,5,2,2,4,5,1,0
12863,1,4,0,4,1,0,4,4,4,3,4,4,1,0
12871,0,4,0,4,2,1,2,3,4,4,3,3,0,1
12881,0,2,0,4,3,0,2,2,4,4,2,2,1,0
12886,0,4,1,4,5,1,5,1,4,4,4,4,0,1
12938,0,3,0,3,3,1,3,3,4,3,3,3,1,0
12971,1,4,0,4,4,1,4,4,2,2,2,4,1,0
13032,1,4,0,4,2,1,4,3,4,3,3,3,1,0
13034,0,2,0,3,3,1,2,2,2,3,2,2,1,0
13041,1,4,0,4,5,1,4,4,5,5,4,4,1,0
13085,0,3,0,3,4,1,3,4,3,3,3,2,1,0
13090,0,4,1,5,4,0,5,5,3,3,4,3,0,1
13110,1,4,0,4,3,1,3,3,3,2,1,5,1,0
13117,1,4,0,4,2,1,5,5,3,3,2,4,1,0
13144,0,4,1,4,5,1,4,5,3,5,5,4,0,1
13180,0,3,0,4,2,1,3,3,3,5,3,3,1,0
13203,0,3,0,3,3,2,3,2,3,3,1,1,1,0
13244,0,2,0,4,2,0,4,4,2,4,2,4,0,1
13253,1,4,0,5,5,1,4,4,4,3,4,5,1,0
13254,1,4,0,1,2,1,3,3,2,2,1,3,1,0
13324,1,4,0,0,1,1,2,2,2,2,3,1,1,0
13358,1,4,0,4,3,1,4,4,3,2,5,4,1,0
13388,0,5,0,2,1,0,1,5,2,1,1,2,0,1
13425,0,4,1,4,5,0,4,5,1,1,4,5,0,1
13444,0,4,1,3,3,0,4,4,5,2,3,2,0,1
13474,0,4,1,4,5,1,5,5,2,3,4,5,1,0
13534,1,4,0,4,1,2,3,3,2,2,1,1,1,0
13563,0,2,0,2,1,2,2,2,3,5,2,2,1,0
13565,0,3,1,3,4,0,4,4,1,1,5,4,1,0
13592,0,4,1,4,4,1,4,3,2,2,1,1,1,0
13595,0,3,0,4,1,0,3,3,2,1,3,4,1,0
13601,0,4,0,4,4,0,3,4,4,4,5,4,1,0
13615,0,4,1,4,3,0,1,3,1,1,5,3,1,0
13640,1,4,0,4,5,1,5,4,5,4,5,3,1,0
13660,0,4,0,4,1,2,3,3,5,4,3,2,1,0
13717,0,4,1,4,3,1,2,2,5,1,3,4,1,0
13748,0,4,0,2,3,1,4,4,2,3,4,4,1,0
13772,1,4,0,3,1,1,4,3,4,5,2,3,1,0
13784,0,4,1,4,4,0,5,4,4,4,4,5,0,1
13785,0,5,0,4,3,1,4,3,5,5,2,5,0,1
13802,0,4,1,4,4,0,3,3,4,4,4,2,0,1
13803,0,4,0,4,1,1,4,3,4,4,3,2,1,0
13837,0,2,0,2,4,0,4,4,2,2,4,4,0,1
13843,0,4,1,4,2,1,3,5,2,5,1,1,0,1
13912,0,4,0,4,3,1,2,3,4,4,3,5,1,0
13943,0,4,1,4,2,1,5,2,4,3,5,1,0,1
13957,0,4,0,3,1,1,4,4,4,2,4,4,1,0
14006,0,2,0,3,3,0,4,4,2,2,4,3,0,1
14020,0,4,0,4,2,1,3,2,4,4,3,4,0,1
14023,0,4,0,2,4,0,3,3,4,1,3,3,1,0
14132,0,3,0,3,1,1,1,1,4,4,2,4,1,0
14306,0,4,0,3,3,0,4,4,3,4,4,4,1,0
14371,1,4,0,4,4,2,4,5,5,5,3,2,1,0
14372,0,4,0,2,1,1,4,4,2,3,4,4,1,0
14391,0,4,0,4,3,1,3,1,4,4,4,4,0,1
14392,0,4,1,4,4,0,5,4,1,1,4,5,0,1
14403,0,4,0,4,3,1,3,4,4,4,1,3,1,0
14429,0,4,1,4,5,0,4,4,1,1,5,4,0,1
14487,0,3,1,3,3,0,4,5,2,2,3,5,1,0
14514,0,4,1,4,4,0,4,4,4,4,4,4,0,1
14519,0,4,1,4,5,1,5,2,2,2,3,4,0,1
14523,0,4,1,5,3,1,5,5,2,2,5,5,1,0
14530,0,5,0,4,2,0,3,4,5,5,2,3,0,1
14531,0,4,1,5,5,0,4,4,3,3,5,5,0,1
14563,0,4,1,4,3,0,4,5,1,1,4,2,0,1
14568,0,4,0,4,4,1,4,3,4,4,5,4,0,1
14614,0,4,0,2,1,2,4,4,3,4,4,4,1,0
14623,1,4,0,5,5,0,5,3,4,4,5,4,1,0
14653,0,4,1,4,5,1,5,5,1,1,3,5,0,1
14670,0,3,0,3,4,0,4,4,3,2,4,4,1,0
14714,0,2,0,4,1,2,2,2,4,4,2,2,1,0
14729,1,4,0,4,4,1,4,3,4,4,3,2,1,0
14744,0,4,0,4,3,1,2,3,4,4,4,2,0,1
14772,1,4,0,4,2,1,2,2,4,4,2,1,1,0
14782,0,4,1,4,2,0,5,2,1,1,4,4,0,1
14790,1,4,0,4,5,1,2,1,3,4,4,5,1,0
14800,0,4,0,4,3,0,4,4,4,3,4,4,0,1
14827,1,4,0,4,3,1,4,4,5,5,5,4,1,0
14833,0,1,0,3,4,0,2,2,1,2,2,2,1,0
14835,0,4,0,4,4,0,3,2,4,4,4,3,0,1
14836,0,4,1,3,5,1,2,1,3,3,3,3,0,1
14861,1,4,0,4,3,1,5,5,3,3,3,4,1,0
14870,0,4,1,3,3,0,3,5,3,3,3,3,0,1
14901,0,4,0,4,4,0,2,3,4,4,2,2,1,0
14920,0,4,0,4,4,2,2,3,4,4,2,1,1,0
14933,1,4,0,3,2,0,4,4,5,1,4,4,1,0
14949,0,4,1,4,3,0,4,5,4,2,5,2,1,0
14980,0,3,0,3,3,0,3,3,3,3,3,3,1,0
15029,1,4,0,2,1,1,2,2,3,4,2,4,1,0
15052,0,4,1,4,5,1,5,4,2,2,3,5,0,1
15108,0,4,1,4,1,1,3,3,3,3,5,4,1,0
15135,0,3,1,3,4,0,4,4,5,5,4,2,1,0
15150,1,4,0,4,4,1,3,2,4,4,1,3,1,0
15156,1,4,0,4,4,1,5,4,5,5,5,4,1,0
15159,0,4,0,3,1,1,3,3,2,4,3,4,1,0
15169,1,4,0,4,1,2,2,1,2,2,4,1,1,0
15208,1,4,0,2,4,1,5,5,1,1,3,2,1,0
15210,0,3,1,3,3,0,4,3,1,1,3,3,1,0
15234,0,1,0,3,4,0,4,4,1,3,1,2,0,1
15257,0,2,0,2,2,1,3,3,2,2,5,3,1,0
15258,1,4,0,4,3,1,5,5,3,3,3,5,1,0
15269,1,4,0,4,5,1,5,4,1,1,5,3,1,0
15334,0,4,1,1,1,0,5,4,1,1,3,4,0,1
15344,0,2,0,2,3,2,2,2,2,4,2,2,1,0
15348,0,2,0,3,1,1,2,2,2,2,2,2,1,0
15425,1,4,0,4,3,1,3,3,3,3,2,2,1,0
15504,1,4,0,4,2,1,1,2,2,2,3,2,1,0
15506,0,4,1,4,4,0,1,4,3,4,2,4,0,1
15514,1,4,0,4,5,1,5,4,1,1,4,2,1,0
15528,0,4,1,3,5,0,4,4,3,2,4,4,0,1
15549,1,4,0,4,3,1,4,4,3,3,3,4,1,0
15554,0,2,1,2,4,0,5,4,5,5,5,2,1,0
15571,0,4,1,4,5,0,4,4,4,4,3,5,0,1
15636,0,4,1,4,4,0,5,4,1,1,5,4,1,0
15658,0,4,1,3,4,0,4,4,2,2,2,4,0,1
15667,0,3,0,2,3,0,3,4,3,3,3,4,1,0
15670,0,3,1,3,3,1,5,2,5,5,4,2,1,0
15680,0,2,0,2,2,1,2,4,2,2,5,2,0,1
15705,0,4,1,4,5,1,5,5,1,1,3,2,0,1
15745,0,4,0,4,3,1,4,4,4,4,1,2,1,0
15747,0,2,1,3,3,0,5,5,2,3,5,2,1,0
15777,0,5,0,4,2,0,4,3,5,5,4,4,0,1
15784,0,4,1,4,4,1,1,3,4,4,2,4,0,1
15803,0,4,1,4,2,1,2,3,3,4,5,3,1,0
15820,1,4,0,4,3,2,4,5,1,1,4,2,1,0
15833,0,4,0,3,3,2,5,5,2,4,5,4,0,1
15835,1,4,0,3,3,2,2,2,3,1,2,4,1,0
15927,0,4,0,4,2,2,4,4,4,4,1,3,1,0
15933,1,4,0,4,1,1,1,4,1,1,1,2,1,0
15943,0,4,0,4,2,2,2,2,4,4,2,2,0,1
15969,1,4,0,3,4,1,3,3,3,4,3,4,1,0
15976,1,4,0,4,3,1,3,4,5,4,1,4,1,0
16052,0,4,0,4,1,1,3,3,4,4,3,5,1,0
16058,0,4,1,4,4,1,4,2,2,2,2,3,1,0
16086,0,4,1,4,5,0,5,5,3,3,4,2,1,0
16101,0,3,0,3,3,1,1,3,4,4,1,5,1,0
16146,0,1,0,2,4,0,1,2,2,2,1,3,1,0
16193,1,4,0,5,3,1,4,4,5,5,3,5,1,0
16198,1,4,0,4,3,1,4,4,1,1,4,3,1,0
16199,0,4,0,3,4,0,4,4,2,4,4,4,1,0
16212,0,4,1,4,5,0,5,4,4,4,3,2,0,1
16219,1,4,0,3,4,1,1,1,4,1,1,4,1,0
16246,1,4,0,4,2,1,4,3,3,3,4,5,1,0
16257,0,2,0,4,3,0,2,2,4,4,2,3,0,1
16262,1,4,0,4,4,1,3,4,5,5,3,3,1,0
16264,1,4,0,2,4,1,4,4,2,1,4,5,1,0
16402,1,4,0,4,3,1,3,4,5,5,1,2,1,0
16422,0,4,0,3,1,0,4,4,4,3,4,4,1,0
16502,0,4,1,4,4,0,5,5,3,3,4,2,0,1
16506,0,4,0,4,2,1,4,4,3,2,4,4,1,0
16531,1,4,0,4,3,1,3,4,5,5,4,3,1,0
16532,0,5,0,4,3,0,3,4,5,5,2,4,0,1
16608,1,4,0,4,4,1,4,3,3,3,5,4,1,0
16649,1,4,0,4,5,1,4,5,2,2,4,5,1,0
16696,0,4,0,4,4,2,2,2,4,4,4,3,1,0
16732,0,4,1,4,2,1,5,3,4,4,2,5,1,0
16733,1,4,0,4,3,1,5,4,5,5,4,3,1,0
16761,0,4,1,4,4,0,5,5,5,4,4,2,1,0
16795,0,4,0,3,3,0,4,4,3,3,3,4,1,0
16798,0,4,1,4,5,0,5,4,4,4,3,2,0,1
16799,1,4,0,4,2,1,2,4,1,1,5,1,1,0
16808,0,4,0,4,4,1,5,5,3,3,5,4,0,1
16826,0,3,0,3,1,1,4,4,3,3,2,3,1,0
16827,0,4,1,4,5,1,4,5,5,2,4,3,1,0
16843,0,4,0,4,4,1,1,3,4,4,3,3,0,1
16870,0,4,0,4,1,1,4,4,5,5,2,4,0,1
16912,0,4,1,4,3,0,4,5,3,3,5,5,0,1
16914,0,4,0,4,4,1,3,3,4,4,1,4,1,0
16925,0,4,1,4,4,0,5,5,5,5,5,2,1,0
17003,0,5,0,4,3,0,5,5,4,4,5,4,0,1
17021,1,4,0,5,3,1,5,4,4,1,5,2,1,0
17024,0,4,0,4,2,1,4,2,2,4,4,4,0,1
17040,1,4,0,4,3,1,1,1,4,2,1,5,1,0
17048,0,4,0,4,3,0,3,3,4,4,3,4,1,0
17057,0,4,1,4,4,1,2,5,2,2,4,2,1,0
17074,0,4,1,4,2,1,2,5,2,4,2,3,0,1
17092,0,4,1,4,1,1,2,4,5,5,3,1,1,0
17128,0,4,1,4,3,0,5,4,4,4,5,4,0,1
17141,1,4,0,4,4,1,5,5,1,1,3,2,1,0
17151,0,4,0,2,2,0,4,4,2,4,4,4,1,0
17182,0,4,1,4,2,1,1,4,2,2,2,5,1,0
17201,0,4,1,3,5,0,5,5,1,1,5,4,1,0
17204,1,4,0,5,3,1,5,5,5,3,5,4,1,0
17206,0,4,1,4,3,1,2,2,1,1,2,2,1,0
17225,0,4,1,4,2,1,5,4,2,2,3,2,1,0
17252,1,4,0,4,2,1,1,1,3,2,1,4,1,0
17264,1,4,0,5,3,2,5,4,1,1,3,2,1,0
17314,0,4,1,4,3,0,5,5,2,2,5,3,0,1
17348,0,3,0,3,2,0,1,4,2,2,3,4,0,1
17362,0,4,0,4,1,1,2,1,1,4,4,4,0,1
17363,0,2,0,2,1,1,4,2,2,2,5,1,1,0
17365,0,4,1,4,4,0,1,4,5,2,1,3,1,0
17395,1,4,0,3,2,1,3,3,5,1,3,4,1,0
17426,0,3,1,3,4,0,5,4,1,1,4,4,1,0
17470,0,4,0,4,3,1,3,4,4,4,3,4,1,0
17478,1,4,0,4,3,1,3,3,4,5,3,4,1,0
17495,0,2,1,2,5,1,5,5,5,5,3,4,1,0
17528,0,4,0,4,4,0,3,2,4,4,2,2,0,1
17533,0,4,1,3,4,0,5,5,1,1,3,4,1,0
17544,1,4,0,4,4,1,4,3,3,3,3,5,1,0
17554,0,4,0,4,4,0,2,3,4,4,4,5,1,0
17573,1,4,0,4,1,2,3,4,4,4,4,5,1,0
17631,0,2,0,4,1,1,2,2,2,1,2,2,1,0
17638,1,4,0,4,3,0,5,5,3,3,5,2,1,0
17655,0,4,1,4,3,0,5,4,1,1,4,2,1,0
17663,0,4,1,4,5,0,5,5,3,3,5,2,1,0
17667,1,4,0,4,3,0,5,4,5,5,5,5,1,0
17769,0,3,0,4,3,0,3,3,4,4,3,4,1,0
17770,1,4,0,4,5,1,5,4,3,3,4,2,1,0
17820,1,4,0,3,5,1,5,4,4,4,5,3,1,0
17830,1,4,0,4,5,1,1,1,4,1,1,4,1,0
17842,1,4,0,2,1,0,3,3,2,1,3,4,0,1
17843,1,4,0,4,5,1,4,5,5,4,3,4,1,0
17850,0,4,0,3,4,1,4,4,3,3,4,4,1,0
17867,1,4,0,0,3,1,5,4,4,2,5,2,1,0
17921,0,4,0,4,4,0,2,4,4,4,2,3,0,1
17936,0,2,0,1,3,1,2,2,2,2,2,2,1,0
17951,0,4,0,3,1,0,4,4,3,1,4,4,1,0
17959,1,4,0,4,4,1,5,5,5,5,5,4,1,0
17984,1,4,0,3,5,1,4,4,5,5,4,4,1,0
17987,0,4,0,4,2,1,3,3,4,4,2,1,1,0
18058,1,4,0,4,5,1,5,5,3,3,3,2,1,0
18059,0,4,1,4,3,1,4,4,3,3,3,3,1,0
18078,0,3,1,3,5,0,4,4,4,4,4,3,1,0
18092,0,4,1,4,3,0,4,4,3,3,3,3,0,1
18131,1,4,0,4,3,1,3,3,3,2,3,4,1,0
18137,0,4,1,3,2,1,4,1,5,5,3,1,1,0
18144,0,4,0,4,4,0,4,4,4,4,4,2,1,0
18147,1,4,0,4,5,1,4,5,1,1,4,5,1,0
18163,0,3,0,3,3,1,2,1,3,3,1,2,1,0
18164,0,4,0,4,3,1,4,4,3,3,4,4,1,0
18194,0,4,1,4,3,0,5,5,1,1,3,3,1,0
18226,0,3,0,3,2,0,3,2,3,3,2,1,1,0
18229,0,4,0,2,2,0,3,3,3,2,3,3,1,0
18258,1,4,0,4,5,1,5,4,1,1,5,5,1,0
18273,0,4,1,5,3,0,2,4,4,4,1,5,1,0
18289,0,4,1,4,1,1,3,4,3,5,3,2,1,0
18290,0,4,0,3,1,0,3,3,3,4,3,4,1,0
18305,0,3,0,4,3,1,4,4,4,1,4,3,1,0
18368,1,4,0,5,4,1,4,4,4,3,4,4,1,0
18470,0,4,1,4,3,0,5,4,2,2,4,5,0,1
18488,0,4,1,4,5,1,4,4,1,1,5,5,1,0
18540,0,4,0,2,2,0,4,4,1,4,4,3,0,1
18578,0,2,1,2,5,1,5,2,2,2,4,3,1,0
18627,1,4,0,4,5,1,4,4,4,4,3,4,1,0
18672,0,4,1,4,3,1,4,3,3,3,5,2,1,0
18686,1,4,0,4,5,1,1,2,4,4,3,1,1,0
18718,1,4,0,4,5,1,4,4,2,2,4,5,1,0
18785,0,4,1,4,5,0,4,5,5,5,4,3,0,1
18816,0,4,1,4,4,1,3,2,3,3,5,5,1,0
18817,1,4,0,4,4,1,2,2,2,2,4,1,1,0
18821,1,4,0,4,5,1,5,4,2,2,3,2,1,0
18842,0,4,0,1,4,1,4,4,2,4,4,4,0,1
18862,0,4,1,4,5,0,5,5,4,4,5,4,0,1
18870,0,4,0,4,3,2,3,4,1,4,4,4,0,1
18936,0,4,1,4,5,1,4,5,1,1,3,5,0,1
18943,0,4,1,4,3,0,4,5,2,3,3,3,0,1
18995,0,2,0,2,4,2,2,1,2,2,2,3,1,0
19031,0,4,1,4,4,0,4,5,2,2,4,4,0,1
19043,0,4,0,4,4,0,2,1,4,4,1,1,0,1
19044,1,4,0,4,4,1,5,4,2,2,3,2,1,0
19057,0,4,0,4,4,1,4,4,4,4,4,4,0,1
19120,0,2,1,2,4,1,5,4,1,5,5,4,1,0
19151,0,4,1,4,3,1,4,4,2,3,4,3,1,0
19178,0,4,1,4,5,0,5,4,2,2,4,4,0,1
19202,0,2,1,2,1,1,5,4,5,3,4,3,1,0
19237,0,4,0,4,4,1,3,2,4,4,2,2,0,1
19290,0,2,0,1,1,1,2,2,3,2,2,2,1,0
19311,1,4,0,4,5,1,4,3,3,3,5,5,1,0
19377,1,4,0,5,4,1,4,4,2,2,2,1,0,1
19379,0,3,1,3,2,1,1,3,3,3,4,4,1,0
19406,0,3,1,3,5,1,4,2,3,3,5,4,1,0
19427,0,1,0,3,4,0,2,1,3,3,3,1,1,0
19457,0,5,0,4,1,1,4,4,5,5,1,1,1,0
19518,1,4,0,4,4,1,4,4,3,3,5,3,1,0
19538,0,4,0,4,4,1,2,2,4,4,3,3,1,0
19547,0,4,0,4,3,1,3,2,4,4,4,5,0,1
19573,1,4,0,4,3,1,2,2,4,3,2,4,1,0
19578,0,4,1,4,3,0,4,5,4,4,3,3,0,1
19593,1,4,0,3,3,1,5,2,1,1,5,3,1,0
19607,0,4,0,4,3,1,3,4,4,4,1,1,1,0
19628,0,2,1,2,4,2,4,3,2,2,4,4,1,0
19631,0,4,0,3,3,0,4,4,3,2,4,4,1,0
19669,0,2,0,2,2,0,3,4,2,2,5,4,0,1
19728,0,4,1,4,4,0,4,4,2,2,5,2,0,1
19733,0,4,0,4,3,1,1,1,1,4,3,4,0,1
19781,0,4,1,4,4,0,4,5,1,1,5,3,0,1
19788,0,4,1,4,5,0,4,4,3,3,3,4,0,1
19802,1,4,0,4,2,1,4,4,3,3,4,4,1,0
19819,1,4,0,2,4,0,3,3,3,2,3,5,1,0
19853,0,4,1,4,5,0,5,5,3,3,5,5,0,1
19913,1,4,0,4,5,1,4,4,5,5,4,3,1,0
19924,0,2,0,4,3,0,3,3,2,4,4,5,0,1
20051,0,3,0,3,3,0,4,4,3,3,4,4,1,0
20052,1,4,0,4,3,1,5,5,5,5,3,5,1,0
20064,1,4,0,1,3,1,3,3,5,5,1,4,1,0
20133,0,3,0,3,1,2,4,2,3,3,5,3,1,0
20175,0,4,1,4,3,1,4,5,4,4,3,5,0,1
20180,0,4,1,4,4,1,1,5,5,5,3,1,0,1
20249,0,4,1,4,3,0,5,5,4,4,4,4,0,1
20250,0,4,1,4,3,1,5,2,4,4,4,4,1,0
20271,0,4,1,4,5,0,5,5,4,4,5,5,0,1
20355,0,4,0,4,4,1,2,4,4,4,4,4,1,0
20372,1,4,0,4,4,1,4,5,5,5,4,2,1,0
20376,0,4,1,4,3,0,5,5,2,5,3,3,0,1
20407,0,3,1,3,5,0,4,4,4,4,3,3,1,0
20474,0,4,0,4,1,1,4,4,4,4,5,3,1,0
20521,1,4,0,5,5,1,5,5,4,5,5,4,1,0
20574,1,4,0,4,4,1,2,2,5,3,2,4,1,0
20577,0,4,1,4,4,0,4,4,3,3,5,2,0,1
20578,0,1,0,3,3,0,5,1,4,3,5,0,0,1
20587,0,4,1,4,5,1,4,2,3,3,3,3,1,0
20596,0,4,0,4,3,1,4,3,5,5,2,5,0,1
20597,1,4,0,0,3,1,4,5,3,2,3,5,0,1
20608,0,2,0,3,1,0,3,3,3,3,1,4,1,0
20647,1,4,0,5,3,1,4,5,3,3,4,3,1,0
20653,1,4,0,4,3,2,4,4,3,3,3,4,1,0
20656,0,4,1,3,1,1,4,4,5,5,2,1,1,0
20669,0,4,1,4,3,0,5,4,4,3,5,5,0,1
20716,0,4,0,4,4,0,1,3,4,4,4,4,1,0
20755,0,4,0,4,1,1,4,4,4,3,4,4,1,0
20785,0,2,0,4,3,0,2,2,4,3,2,2,1,0
20795,0,4,0,4,2,1,2,3,4,4,1,3,0,1
20818,0,4,1,4,4,0,4,4,5,5,5,2,0,1
20824,0,3,0,4,4,0,3,3,4,4,3,2,1,0
20862,1,4,0,4,3,1,3,5,2,2,4,5,1,0
20895,0,5,0,4,3,2,3,4,5,5,1,2,0,1
20963,1,4,0,4,3,1,5,5,5,5,4,4,1,0
20970,1,4,0,4,3,1,1,1,4,4,1,5,1,0
20991,0,3,0,3,1,1,3,3,5,3,3,3,1,0
20994,0,4,0,2,1,1,3,3,1,3,3,4,1,0
21012,1,4,0,0,5,1,1,4,3,3,5,5,1,0
21051,0,4,0,3,1,1,4,4,2,3,4,4,1,0
21090,0,4,1,4,5,0,5,5,3,3,4,5,0,1
21112,0,4,0,4,3,0,3,3,4,4,3,3,1,0
21122,1,4,0,4,4,1,5,5,1,1,4,2,1,0
21138,0,4,0,2,2,2,4,4,3,3,4,4,1,0
21155,0,4,1,4,5,0,4,4,2,2,3,3,0,1
21163,1,4,0,4,5,1,4,5,5,5,3,5,1,0
21168,0,4,1,4,4,0,5,5,4,4,3,5,0,1
21191,0,2,0,2,3,0,2,2,3,2,2,2,1,0
21195,0,4,0,4,4,0,4,4,3,3,3,3,1,0
21227,0,4,0,4,3,1,4,4,3,2,4,4,1,0
21260,0,4,1,4,3,1,4,4,5,5,2,2,1,0
21290,0,4,1,4,3,1,5,4,1,1,5,5,1,0
21299,0,4,1,4,5,0,5,5,1,1,3,5,0,1
21363,0,4,1,4,4,0,3,3,4,4,4,3,0,1
21367,0,4,0,4,1,0,2,2,4,4,3,2,0,1
21377,0,1,0,1,1,0,4,3,1,1,4,4,1,0
21394,0,4,1,4,2,1,2,3,4,4,3,4,1,0
21425,0,4,1,4,5,0,4,5,5,5,5,5,0,1
21466,0,4,1,4,5,1,5,4,1,1,3,5,0,1
21517,0,4,1,4,3,1,2,2,4,3,2,1,1,0
21519,1,4,0,4,4,1,4,4,2,2,4,2,1,0
21544,0,3,0,3,4,2,4,2,3,3,1,2,1,0
21545,0,4,0,4,4,1,2,2,4,4,3,5,0,1
21553,1,4,0,4,4,1,2,2,4,4,2,5,1,0
21583,1,4,0,4,3,1,4,4,5,5,4,3,1,0
21636,0,2,0,4,2,0,4,4,2,4,2,4,0,1
21660,0,3,0,4,4,0,3,3,4,3,3,2,1,0
21674,1,4,0,4,5,1,3,2,3,3,4,5,1,0
21724,0,2,0,2,2,1,3,2,2,2,2,3,1,0
21737,0,4,0,4,3,1,4,4,4,4,2,3,1,0
21762,0,2,1,2,4,0,1,4,1,5,4,1,1,0
21792,0,4,0,4,4,0,4,2,4,4,2,5,0,1
21806,0,4,0,4,4,1,4,4,3,4,4,4,0,1
21826,1,4,0,4,3,1,5,3,2,2,3,2,1,0
21842,0,3,0,4,3,0,3,3,4,4,3,4,1,0
21853,1,4,0,4,3,2,4,4,4,4,4,3,1,0
21856,1,4,0,5,5,0,2,2,4,5,2,4,1,0
21859,1,4,0,4,5,1,5,4,2,2,3,4,1,0
21860,0,4,1,3,5,1,5,5,2,5,3,3,0,1
21900,1,4,0,5,5,0,3,3,5,3,3,4,1,0
21912,1,4,0,4,3,1,3,3,5,5,2,5,1,0
21921,1,4,0,4,4,1,3,3,4,3,3,4,1,0
21958,1,4,0,3,5,1,3,3,3,1,3,4,1,0
22005,1,4,0,3,4,1,2,2,2,3,2,4,1,0
22040,0,4,0,4,2,2,4,2,2,4,1,1,0,1
22045,0,4,0,2,4,0,4,4,4,4,4,4,0,1
22047,1,4,0,0,1,1,3,4,4,5,2,4,1,0
22088,0,4,0,4,1,1,2,2,3,4,1,5,1,0
22089,1,4,0,4,3,1,5,5,1,1,5,5,1,0
22110,1,4,0,5,3,0,4,5,5,5,4,0,1,0
22122,0,4,1,4,5,2,1,1,4,4,4,5,1,0
22231,0,4,1,4,4,0,1,4,4,4,2,2,0,1
22271,0,4,1,4,4,1,3,1,2,5,4,1,1,0
22352,1,4,0,4,2,1,1,3,1,1,4,4,1,0
22389,0,4,1,4,2,1,4,1,3,3,5,3,1,0
22398,0,4,1,4,5,1,4,3,5,5,4,2,1,0
22404,0,3,0,3,2,0,3,3,2,2,3,3,1,0
22429,0,4,0,2,4,0,4,4,1,4,4,4,0,1
22463,0,5,0,3,4,0,5,5,3,3,5,4,0,1
22467,1,4,0,5,2,1,1,1,3,5,1,4,1,0
22479,0,4,0,2,3,0,4,4,2,1,4,4,1,0
22487,1,4,0,4,5,1,4,5,1,2,4,2,1,0
22501,0,4,0,4,2,1,4,4,4,4,2,4,1,0
22544,0,3,1,2,3,1,5,4,5,5,4,4,1,0
22598,1,4,0,2,5,1,4,5,2,3,3,2,0,1
22629,0,2,0,2,3,1,2,2,2,2,3,5,1,0
22647,0,4,1,4,5,0,4,5,2,2,5,3,0,1
22648,1,4,0,4,1,1,5,5,4,4,5,4,1,0
22667,0,4,0,4,3,0,4,3,4,4,3,2,1,0
22677,0,4,1,4,4,1,3,3,4,5,1,5,1,0
22712,1,4,0,2,1,1,4,4,5,4,4,5,0,1
22745,0,4,1,4,5,0,5,4,5,5,3,5,0,1
22770,1,4,0,4,5,1,5,4,5,2,4,2,1,0
22799,1,4,0,4,3,1,1,2,3,3,4,1,1,0
22801,0,4,1,4,5,1,5,4,1,1,5,3,1,0
22807,1,4,0,4,2,1,4,3,1,1,4,5,1,0
22848,1,4,0,4,4,1,1,1,4,5,1,4,1,0
22886,0,4,0,1,4,0,4,4,3,1,4,4,0,1
22909,0,4,1,5,3,0,5,4,2,2,3,3,1,0
22966,0,4,1,4,5,1,1,1,2,4,2,3,0,1
22972,1,4,0,1,4,1,2,2,3,3,2,4,1,0
23024,0,4,1,4,3,0,3,5,3,3,5,5,0,1
23028,1,4,1,4,5,1,5,5,4,4,5,4,1,0
23045,0,4,0,4,1,1,2,2,4,4,2,3,1,0
23052,0,4,1,4,5,1,5,4,5,2,4,4,1,0
23123,0,3,0,4,4,0,3,3,4,4,3,2,1,0
23125,0,4,1,4,3,0,4,4,2,2,5,5,0,1
23141,0,4,1,4,5,0,5,5,5,5,5,3,1,0
23198,0,4,0,4,1,0,3,4,1,1,2,3,0,1
23244,0,4,1,4,3,0,4,4,2,2,3,2,1,0
23276,0,2,1,2,4,0,5,4,2,2,3,3,1,0
23314,0,5,0,4,2,1,3,4,5,5,2,4,0,1
23327,0,3,0,1,1,0,3,3,2,3,3,3,1,0
23335,1,4,0,4,1,1,5,5,2,2,4,5,1,0
23360,0,2,0,3,3,0,3,4,3,3,3,4,1,0
23365,0,2,0,2,3,2,1,1,2,2,1,1,0,1
23367,1,4,0,4,2,1,3,4,2,1,4,3,1,0
23376,0,4,1,4,4,0,5,4,5,5,3,2,0,1
23378,0,4,0,4,2,1,4,3,4,4,2,2,1,0
23403,0,4,0,4,4,1,3,4,4,4,5,5,1,0
23459,0,4,1,5,4,0,3,4,4,4,2,4,0,1
23462,0,2,0,1,2,1,1,3,2,2,2,4,0,1
23508,0,4,1,4,4,0,5,4,1,1,4,5,0,1
23603,1,4,0,3,2,1,3,3,3,1,3,4,1,0
23620,0,4,1,4,4,1,5,4,2,2,4,2,0,1
23626,1,4,0,4,3,1,4,5,5,5,5,3,1,0
23629,0,5,0,4,2,1,4,3,5,5,1,1,0,1
23633,0,3,0,2,2,1,3,3,3,1,3,3,1,0
23668,0,2,0,2,3,2,3,1,2,2,3,1,1,0
23672,0,2,0,4,3,0,3,4,2,4,3,4,0,1
23677,0,4,0,4,1,1,2,2,4,4,4,3,0,1
23698,0,2,0,4,3,0,4,2,4,4,4,3,1,0
23700,1,4,0,3,5,1,4,4,3,3,3,3,1,0
23723,1,4,0,4,3,1,4,5,5,5,4,4,1,0
23757,1,4,0,4,3,1,1,1,5,5,1,4,1,0
23807,1,4,0,4,4,1,3,3,3,4,3,4,1,0
23811,0,4,0,4,3,1,3,3,4,4,1,2,1,0
23826,1,4,0,4,3,1,3,4,2,2,3,3,1,0
23844,0,4,0,4,1,2,3,3,3,4,4,2,1,0
23857,0,2,0,1,4,1,2,2,1,4,2,2,0,1
23880,1,4,0,4,5,1,4,5,4,4,4,4,1,0
23915,0,4,0,4,1,1,1,1,4,4,4,2,0,1
23919,0,4,0,4,1,2,4,4,4,4,1,5,1,0
23951,0,4,1,4,3,1,5,2,2,2,2,3,0,1
24012,1,4,0,4,4,2,4,5,3,3,2,2,1,0
24059,0,4,1,3,4,0,5,5,2,4,5,2,1,0
24104,0,2,1,2,5,0,5,4,3,4,5,4,1,0
24115,0,5,0,4,4,1,3,4,4,5,3,5,0,1
24166,1,4,0,5,3,2,5,5,4,3,5,4,1,0
24212,0,4,1,4,5,0,4,5,2,4,4,3,1,0
24247,0,4,1,4,1,1,4,3,2,2,3,4,1,0
24289,1,4,0,5,1,0,5,3,3,4,5,4,1,0
24290,1,4,0,4,4,1,4,4,1,1,4,4,1,0
24291,1,4,0,0,4,1,2,3,2,2,4,1,1,0
24301,0,3,1,3,5,0,4,5,4,4,3,3,1,0
24319,1,4,0,5,1,1,5,4,3,3,5,2,1,0
24325,1,4,0,4,2,1,4,2,5,5,4,4,1,0
24332,1,4,0,3,3,1,3,3,4,1,3,4,1,0
24336,0,4,1,3,1,1,3,1,4,4,2,3,1,0
24391,1,4,0,4,3,1,4,5,5,5,5,3,1,0
24400,0,4,1,4,3,0,4,4,1,4,3,4,1,0
24405,0,4,1,4,1,1,1,1,2,2,3,1,1,0
24415,0,3,0,4,3,1,1,4,3,3,5,2,0,1
24436,0,4,0,4,3,0,4,4,4,4,4,1,0,1
24448,0,4,1,4,4,0,5,4,4,4,4,4,0,1
24460,1,4,0,4,3,1,4,3,4,4,1,2,1,0
24467,0,4,1,4,5,0,4,5,2,2,4,4,0,1
24500,0,4,0,3,1,0,4,4,3,5,4,4,1,0
24503,1,4,0,4,3,1,5,4,1,1,3,5,1,0
24514,0,4,0,4,1,1,3,3,4,4,1,1,1,0
24573,1,4,0,4,4,1,3,4,3,3,4,2,1,0
24607,0,4,0,1,4,0,4,4,2,2,4,3,0,1
24620,0,3,0,3,3,2,3,1,3,3,2,3,1,0
24635,0,4,1,4,2,1,5,3,3,3,2,4,1,0
24652,0,4,0,2,1,0,3,3,1,3,3,3,1,0
24656,0,4,0,3,3,2,4,4,3,1,4,4,1,0
24751,0,3,0,4,3,1,3,3,4,2,3,3,1,0
24754,0,4,0,4,3,1,4,4,3,1,4,4,1,0
24773,0,4,0,4,2,1,4,3,4,4,4,1,1,0
24775,0,2,0,3,2,0,1,1,4,1,1,2,1,0
24841,0,4,0,4,4,1,2,1,4,4,1,3,0,1
24851,0,4,1,4,4,1,1,4,5,5,2,5,0,1
24902,1,4,0,3,4,1,4,4,4,4,4,4,1,0
24914,0,1,0,1,3,0,3,3,2,5,3,3,1,0
24958,1,4,0,4,5,1,4,5,4,4,5,5,1,0
25013,0,1,0,3,3,0,3,3,1,4,3,5,0,1
25046,0,2,1,2,5,1,1,3,3,3,1,1,1,0
25055,0,3,0,4,3,2,3,3,2,4,3,3,1,0
25065,0,3,0,4,4,0,2,2,3,2,2,2,1,0
25066,0,4,0,4,4,0,4,4,4,4,4,5,0,1
25107,0,4,1,4,5,1,1,5,2,5,5,5,0,1
25149,0,2,0,3,1,0,3,2,4,4,4,4,1,0
25178,0,1,0,0,3,0,4,4,5,5,3,2,0,1
25196,0,5,0,2,3,0,5,5,2,3,5,4,0,1
25218,0,4,1,4,4,0,5,5,4,4,3,5,0,1
25237,0,5,0,5,5,0,1,4,5,5,5,3,0,1
25241,1,4,0,4,4,1,3,3,4,3,3,4,1,0
25253,0,4,0,4,4,1,4,4,4,4,3,1,1,0
25255,0,4,1,3,2,1,2,2,2,2,3,1,1,0
25261,1,4,0,4,2,1,4,3,3,3,4,1,1,0
25287,0,2,1,2,4,0,5,4,2,5,5,5,1,0
25298,0,4,0,3,2,2,4,4,5,4,4,4,1,0
25308,0,4,0,4,4,0,4,4,4,3,4,4,0,1
25310,1,4,0,4,1,1,1,3,1,1,5,5,1,0
25318,0,4,1,4,5,1,5,3,3,3,3,5,1,0
25328,1,4,0,3,5,1,5,4,2,2,3,4,1,0
25338,0,4,0,4,3,1,2,2,5,5,1,3,0,1
25353,0,4,0,4,4,1,4,3,4,4,4,1,1,0
25382,0,4,1,4,3,0,4,5,2,2,4,2,1,0
25426,0,4,1,4,2,1,5,2,4,4,2,5,1,0
25433,0,4,0,4,1,1,3,3,4,4,3,3,1,0
25435,0,4,0,3,4,1,4,4,4,2,4,4,1,0
25462,1,4,0,1,2,0,2,2,2,3,2,4,0,1
25486,0,4,1,4,4,1,5,4,5,5,4,5,0,1
25494,1,4,0,2,4,1,5,4,5,3,3,4,0,1
25501,1,4,0,4,4,1,4,4,2,2,2,3,1,0
25551,0,4,0,4,2,1,3,4,4,4,1,5,1,0
25559,1,4,0,4,2,1,1,4,2,2,1,2,1,0
25564,0,4,1,4,4,0,5,2,5,5,2,4,0,1
25571,0,4,1,4,4,0,4,4,5,1,3,5,1,0
25574,1,4,0,4,4,1,3,5,4,4,4,4,1,0
25626,1,4,0,4,1,1,4,3,2,2,4,5,1,0
25655,0,4,1,4,4,0,4,3,5,5,4,5,0,1
25667,0,4,1,4,4,0,4,4,1,1,5,3,0,1
25671,0,4,1,4,5,1,2,4,2,2,5,2,1,0
25707,1,4,0,4,5,1,5,5,1,1,5,5,1,0
25727,0,4,1,4,4,1,3,4,5,5,4,2,1,0
25731,0,4,1,4,3,1,5,4,2,2,5,5,1,0
25738,0,4,1,5,1,1,3,2,3,5,2,2,1,0
25740,1,4,0,3,3,1,4,4,3,1,4,3,1,0
25764,0,4,0,2,1,1,4,4,4,3,4,4,0,1
25785,0,4,1,4,4,0,5,5,2,2,5,3,0,1
25827,0,4,1,4,4,0,5,4,4,2,5,5,0,1
25869,1,4,0,4,5,1,5,4,1,1,5,3,1,0
25885,0,2,0,4,4,0,2,2,4,4,2,2,1,0
25930,0,4,0,4,4,1,3,3,4,4,1,5,1,0
25947,0,0,0,0,4,2,2,4,4,2,5,1,1,0
25954,0,4,0,4,3,0,4,2,4,4,3,5,0,1
25960,0,4,1,4,5,1,4,5,1,1,4,4,0,1
