,Type of Travel,Inflight wifi service,Customer Type,Online boarding,Checkin service,Class,Inflight service,Baggage handling,Seat comfort,Cleanliness,On-board service,Leg room service,True_Y,Predicted_Y_K-Nearest Neighbor
3,0,0,0,4,3,0,1,1,4,4,1,1,1,0
4,0,2,0,1,4,1,2,2,2,4,2,2,1,0
17,1,5,0,5,4,2,5,5,4,4,3,5,1,0
23,0,4,0,4,1,0,5,3,4,4,1,5,1,0
31,0,2,0,2,2,1,2,2,5,2,2,2,1,0
41,0,4,1,4,1,1,5,3,2,2,4,2,1,0
51,0,4,1,4,3,0,5,5,2,2,5,3,1,0
97,0,3,0,4,3,0,4,4,3,3,4,4,1,0
102,1,4,0,4,4,1,4,4,5,5,2,2,1,0
110,0,4,0,4,4,1,3,2,4,4,2,5,0,1
120,0,0,0,0,5,2,5,4,1,1,3,1,1,0
133,0,4,1,4,3,0,4,5,2,2,3,5,0,1
149,1,4,0,4,2,1,4,4,1,1,1,5,1,0
153,0,4,1,4,2,1,2,2,2,2,1,5,1,0
161,1,4,0,3,2,1,3,1,3,2,3,4,1,0
188,0,0,0,0,4,2,5,3,2,2,4,1,1,0
203,1,0,0,5,4,1,4,4,5,4,4,0,1,0
209,0,4,1,4,3,0,5,4,5,5,5,3,1,0
231,1,4,0,4,4,1,4,4,1,1,5,4,1,0
247,1,4,0,0,5,1,5,4,2,2,3,4,1,0
254,0,3,0,4,4,0,3,3,4,3,3,2,1,0
278,0,2,0,2,3,1,3,2,2,2,3,5,1,0
283,0,4,0,4,4,1,3,4,4,4,2,1,1,0
289,1,5,0,5,4,1,4,4,5,5,4,4,1,0
298,0,4,0,4,4,1,3,4,4,4,3,4,0,1
307,1,4,0,4,3,1,4,4,5,5,2,5,1,0
310,0,3,0,4,1,0,3,2,3,4,2,3,1,0
328,0,4,0,5,4,1,3,3,5,3,3,4,1,0
365,0,4,1,4,3,0,5,5,5,5,4,3,0,1
374,1,4,0,3,3,1,3,3,1,1,4,1,1,0
380,0,3,0,2,4,0,1,3,2,2,1,1,1,0
398,0,4,0,4,3,1,4,4,4,4,1,2,1,0
406,1,4,0,4,3,1,5,4,5,5,4,5,0,1
426,1,4,0,4,4,1,4,5,4,3,3,4,1,0
447,0,3,0,3,4,2,3,3,3,3,5,1,1,0
474,1,0,0,0,4,1,4,4,4,4,1,4,1,0
493,0,4,1,3,3,0,1,5,1,1,2,5,1,0
512,0,3,0,4,2,1,3,1,3,3,1,2,1,0
526,0,4,0,1,2,0,4,4,2,2,4,4,1,0
535,0,4,0,4,1,2,4,4,4,4,2,2,1,0
540,1,4,0,2,1,1,3,3,2,2,1,5,1,0
560,1,5,0,5,5,1,5,5,2,2,4,2,1,0
598,1,4,0,4,3,2,3,3,4,4,1,3,1,0
611,1,4,0,4,3,1,4,3,3,3,3,3,0,1
618,1,0,0,2,4,1,3,3,1,3,3,0,1,0
640,0,4,1,4,3,0,5,5,5,5,4,2,0,1
664,0,3,0,3,3,1,1,4,3,3,1,4,1,0
698,1,0,0,4,3,1,1,1,3,1,1,0,1,0
713,1,0,0,0,2,1,4,4,2,2,4,2,1,0
737,0,5,1,5,2,2,2,2,1,1,1,3,1,0
742,0,4,0,3,3,1,4,4,3,3,4,4,1,0
746,0,5,1,5,2,1,4,2,3,4,4,5,1,0
761,1,5,0,3,2,1,2,2,4,3,2,5,1,0
817,0,0,1,0,1,1,3,5,4,4,2,3,1,0
820,0,0,1,1,5,0,4,4,4,4,3,2,1,0
827,0,4,0,4,3,1,3,3,4,4,1,5,1,0
836,0,4,1,4,4,0,5,5,2,2,4,5,0,1
854,1,4,0,5,3,1,5,2,4,5,5,4,1,0
859,0,4,0,4,4,0,4,4,4,4,4,4,0,1
871,0,4,0,4,3,1,3,3,4,4,1,3,1,0
875,0,4,1,4,3,0,5,5,2,2,5,3,1,0
877,0,4,0,5,2,1,4,3,4,4,3,5,1,0
915,1,4,0,4,3,1,4,4,5,5,5,3,1,0
926,0,2,0,2,3,1,4,5,2,2,4,4,1,0
981,1,5,0,4,3,2,2,2,4,1,2,5,1,0
1031,1,4,0,4,3,1,5,4,5,5,2,1,1,0
1049,0,4,1,4,5,0,4,5,2,2,4,2,1,0
1064,0,4,1,4,3,0,4,3,2,2,5,4,1,0
1099,1,4,0,5,4,1,4,4,3,3,1,1,1,0
1155,0,4,0,4,3,0,4,4,3,2,4,4,1,0
1157,0,4,1,4,5,1,4,5,4,4,3,4,0,1
1158,1,4,0,4,5,1,4,4,2,2,3,4,1,0
1176,1,4,0,4,1,1,2,4,2,5,5,4,1,0
1177,0,0,1,0,1,0,1,3,1,1,1,3,1,0
1198,0,4,1,4,3,0,5,5,2,2,4,3,0,1
1243,0,4,1,4,1,1,4,5,5,5,5,5,0,1
1245,0,3,0,3,3,0,4,4,3,1,4,4,1,0
1267,0,4,0,4,4,1,4,3,4,4,4,3,0,1
1274,1,4,0,4,5,1,5,5,2,2,4,4,1,0
1276,0,4,0,4,2,2,4,2,3,4,1,1,1,0
1291,0,4,0,4,4,0,4,4,4,3,4,4,0,1
1306,0,0,1,0,1,1,5,1,2,2,1,5,1,0
1344,0,4,1,4,5,1,4,4,5,2,4,4,1,0
1367,0,2,0,2,3,0,1,5,2,2,4,1,1,0
1377,1,5,0,5,4,2,4,4,4,3,4,5,1,0
1395,1,4,0,4,3,1,5,4,5,5,4,5,0,1
1430,0,5,0,3,2,0,4,4,3,1,4,4,1,0
1443,0,4,0,4,1,0,4,4,4,2,4,4,1,0
1445,1,4,0,4,4,1,5,5,5,5,5,5,0,1
1453,1,4,0,4,4,1,5,4,3,3,4,5,0,1
1466,0,4,1,5,5,0,4,4,5,5,3,4,1,0
1470,0,3,1,3,3,0,4,4,4,4,5,3,1,0
1519,1,0,0,0,3,1,5,1,3,3,3,3,1,0
1534,0,4,0,4,1,1,5,3,4,4,3,1,1,0
1558,0,5,0,3,3,0,5,5,2,4,5,4,0,1
1560,0,4,1,4,5,1,4,3,4,4,5,4,1,0
1575,0,4,1,4,3,0,4,5,5,5,3,3,0,1
1580,0,2,0,2,3,1,3,2,2,2,1,4,1,0
1605,1,5,0,4,5,1,3,3,4,5,3,0,1,0
1617,0,3,0,3,1,0,4,4,4,2,4,4,1,0
1621,1,4,0,4,4,1,4,5,1,1,5,2,0,1
1622,0,4,0,4,2,1,1,1,4,4,1,1,0,1
1636,0,4,0,4,3,1,4,3,4,4,1,3,1,0
1660,0,0,1,0,2,1,1,5,3,3,4,1,1,0
1666,0,4,0,1,2,1,3,3,1,1,3,4,0,1
1683,0,4,0,5,2,0,4,4,1,1,4,4,0,1
1690,0,4,1,4,4,1,3,2,4,4,5,5,0,1
1698,0,5,1,5,1,2,1,4,4,4,1,1,1,0
1706,1,4,0,4,1,1,4,4,4,3,2,3,0,1
1709,1,4,0,4,5,1,4,5,1,1,5,5,1,0
1713,0,4,0,4,4,0,1,2,4,4,2,4,0,1
1742,1,0,0,0,2,1,4,4,1,1,4,4,1,0
1804,0,4,1,4,5,0,5,4,5,5,4,3,0,1
1805,0,3,0,3,2,1,3,3,3,3,5,4,1,0
1809,0,4,1,4,4,0,4,4,4,4,4,2,0,1
1813,0,4,0,4,2,0,1,1,4,4,3,5,0,1
1814,0,5,1,5,1,1,5,3,4,2,4,5,1,0
1819,1,4,0,4,5,1,5,5,4,4,4,5,0,1
1829,1,0,0,0,2,1,4,4,5,5,3,1,1,0
1837,0,4,1,4,4,1,1,5,5,5,4,2,0,1
1867,1,4,0,4,3,1,4,3,2,2,4,3,1,0
1886,1,0,0,0,3,1,2,2,1,1,3,3,1,0
1910,0,4,1,1,1,1,4,3,1,1,5,3,1,0
1916,1,4,0,4,1,1,4,4,5,4,1,2,0,1
1917,1,4,0,5,3,0,5,5,4,3,5,4,1,0
1922,1,4,0,4,3,1,5,4,1,1,4,2,0,1
1942,0,4,0,5,3,0,3,3,2,4,3,2,1,0
1944,0,0,0,3,2,1,4,2,1,1,5,4,1,0
1955,1,4,0,4,3,1,3,3,4,4,1,5,0,1
1987,0,1,0,3,1,0,3,4,1,4,2,3,0,1
1993,0,4,1,4,3,0,4,4,3,3,3,4,0,1
1998,1,4,0,4,1,1,3,2,2,2,3,2,1,0
2024,0,4,1,4,2,1,2,3,3,3,3,4,1,0
2033,1,4,0,4,5,1,4,5,2,2,5,2,1,0
2042,0,1,1,0,4,0,5,4,3,3,5,5,0,1
2062,0,4,1,4,3,0,5,5,3,4,4,5,0,1
2072,1,4,0,4,1,1,2,4,3,3,3,2,1,0
2077,0,5,1,5,3,1,2,4,2,2,1,1,1,0
2090,0,3,0,2,5,0,3,3,2,3,3,3,1,0
2094,0,4,0,4,4,1,1,2,4,4,4,2,0,1
2129,0,3,1,3,5,0,4,5,2,2,3,4,1,0
2137,1,4,0,4,5,1,5,4,3,3,5,4,1,0
2138,1,0,0,2,2,1,4,3,2,2,4,3,1,0
2151,0,4,1,4,1,1,2,2,4,4,5,1,1,0
2190,1,4,0,4,3,1,4,4,3,3,5,4,1,0
2196,0,2,0,5,1,0,2,2,2,4,2,2,1,0
2198,0,5,1,5,1,1,2,3,3,3,3,4,1,0
2201,0,4,1,3,3,0,3,3,2,1,3,4,1,0
2205,0,5,0,4,4,0,3,2,5,5,3,1,0,1
2209,1,4,0,5,3,1,2,3,5,3,2,4,1,0
2231,0,4,1,4,4,0,4,4,4,3,3,4,0,1
2253,0,4,0,4,1,1,2,2,4,4,2,5,0,1
2254,1,5,0,5,1,2,4,3,1,1,3,4,1,0
2259,1,4,0,4,2,1,4,4,5,3,1,4,1,0
2275,0,4,0,4,3,0,4,4,4,4,3,3,0,1
2309,0,4,1,4,4,0,5,5,4,4,3,3,0,1
2319,1,4,0,0,3,2,5,4,5,3,5,4,1,0
2334,1,0,0,0,2,2,4,3,3,3,2,1,1,0
2374,0,2,0,4,3,0,2,2,4,3,2,2,0,1
2390,1,0,0,4,4,0,2,2,5,5,2,0,1,0
2412,0,4,0,4,3,2,4,3,4,4,5,3,1,0
2419,0,4,1,2,2,1,5,3,2,2,1,4,1,0
2422,1,4,0,4,4,1,4,4,4,4,3,3,1,0
2462,1,4,0,4,3,1,5,4,1,3,3,2,1,0
2471,0,3,0,3,1,0,1,1,5,3,1,2,1,0
2494,0,2,0,4,3,0,2,2,4,4,1,2,1,0
2499,0,4,1,4,4,0,5,5,5,5,4,3,1,0
2506,1,4,0,4,5,1,4,4,3,3,5,2,1,0
2531,0,4,0,3,2,0,4,4,3,1,4,4,1,0
2533,0,4,0,3,4,0,3,1,3,3,4,2,1,0
2536,0,4,0,4,4,2,4,4,4,2,4,4,0,1
2554,1,4,0,4,2,1,4,3,4,4,4,4,0,1
2566,0,0,0,2,3,0,4,5,2,2,1,1,1,0
2583,1,5,0,5,1,2,4,3,4,4,1,3,1,0
2619,1,4,0,4,2,1,3,1,5,5,1,4,0,1
2622,0,0,0,5,1,0,4,1,1,2,4,4,1,0
2644,0,3,0,3,2,1,4,4,3,3,5,4,1,0
2665,0,0,0,1,1,0,3,3,1,1,1,2,1,0
2686,0,4,1,4,5,0,5,5,1,1,3,4,0,1
2701,0,4,0,3,4,1,4,4,2,2,4,4,0,1
2706,1,4,0,4,4,2,4,4,3,3,4,3,1,0
2719,0,5,0,4,3,0,3,4,5,5,4,4,0,1
2722,1,5,0,4,4,1,5,5,2,2,5,5,1,0
2729,0,4,1,4,2,1,2,1,5,5,4,4,1,0
2733,1,4,0,4,1,1,3,2,2,2,2,1,1,0
2759,0,3,0,4,4,0,3,3,4,3,3,3,1,0
2773,0,4,1,4,3,0,5,5,5,5,3,3,0,1
2783,0,0,0,0,1,1,3,2,1,1,3,1,1,0
2811,0,2,0,3,3,1,1,5,2,2,1,4,1,0
2817,1,4,0,4,5,1,5,4,3,3,3,3,1,0
2823,1,4,0,4,3,1,3,3,4,4,1,1,1,0
2858,0,4,1,4,5,1,4,4,1,1,5,2,1,0
2876,1,4,0,4,4,1,5,5,4,4,4,5,1,0
2884,0,4,0,4,3,2,3,3,4,4,3,2,0,1
2886,0,4,0,4,4,0,4,4,3,3,4,5,1,0
2890,0,4,0,3,4,1,4,4,4,1,4,4,0,1
2916,1,4,0,4,3,1,5,5,1,1,4,5,1,0
2926,0,2,0,2,2,1,5,4,2,2,5,3,1,0
2965,0,4,1,4,5,0,4,5,5,3,5,2,0,1
3005,0,4,1,4,1,1,3,1,1,3,5,2,1,0
3012,0,4,0,4,2,0,4,4,3,2,4,4,1,0
3033,0,4,1,3,3,0,4,5,3,4,5,4,1,0
3041,1,4,0,4,3,1,4,4,4,1,5,2,1,0
3049,0,3,0,4,4,0,2,2,4,1,2,2,1,0
3056,0,1,0,2,1,0,4,4,1,1,4,4,0,1
3097,0,4,0,3,3,0,3,3,1,3,3,3,1,0
3099,0,4,1,4,5,0,5,4,3,3,5,4,0,1
3124,1,0,0,2,3,2,2,2,4,2,2,0,1,0
3136,1,4,0,4,1,1,2,4,3,3,5,2,1,0
3138,0,3,0,3,4,0,2,2,3,3,2,2,1,0
3142,0,3,0,3,3,2,1,2,3,3,4,3,1,0
3144,0,4,0,4,4,1,3,2,4,4,2,1,1,0
3157,0,2,0,2,1,1,3,3,2,2,4,4,1,0
3165,0,3,0,4,2,0,4,3,3,1,4,5,1,0
3180,1,4,0,3,3,1,5,5,3,3,4,5,0,1
3233,0,4,1,3,4,0,4,4,5,5,5,5,0,1
3288,0,5,0,4,4,0,3,3,4,4,1,4,1,0
3289,0,2,0,4,3,0,2,2,4,3,2,2,0,1
3302,0,4,1,4,4,1,4,3,1,2,1,3,1,0
3322,1,4,0,4,4,1,3,3,5,5,2,3,1,0
3329,1,4,0,4,3,1,4,4,2,4,4,4,0,1
3333,1,4,0,3,3,2,4,4,4,3,4,4,1,0
3337,1,4,0,4,5,1,4,4,4,2,5,5,1,0
3342,0,4,0,2,1,0,4,4,3,2,4,4,0,1
3354,1,4,0,4,5,1,5,4,3,1,5,4,1,0
3369,1,4,0,4,2,1,4,3,3,3,4,2,1,0
3375,1,4,0,4,3,1,5,5,4,1,5,4,1,0
3383,0,4,1,4,5,0,5,5,4,5,4,3,1,0
3395,0,2,0,2,4,2,4,1,3,3,1,5,1,0
3418,0,5,0,4,2,1,4,3,5,5,4,1,0,1
3434,0,0,1,0,2,1,5,4,3,3,1,4,1,0
3441,0,4,1,4,1,0,1,2,3,3,4,1,1,0
3465,0,0,1,0,1,1,3,5,2,2,2,1,1,0
3471,1,4,0,0,4,1,4,4,3,3,3,5,1,0
3490,0,4,0,4,4,1,3,3,4,4,4,2,1,0
3498,0,4,0,4,4,1,1,3,4,4,3,4,0,1
3521,0,4,0,4,4,1,4,3,4,4,3,3,0,1
3543,0,4,1,3,5,1,4,4,2,2,4,5,1,0
3592,1,4,0,4,5,1,5,5,5,5,4,4,1,0
3652,0,2,0,3,1,0,1,3,3,3,1,1,1,0
3654,0,4,0,4,3,0,4,4,3,4,4,4,1,0
3674,0,0,1,0,3,1,4,2,2,2,5,4,1,0
3676,1,4,0,5,5,1,2,2,4,4,2,5,0,1
3680,1,5,0,5,4,1,1,5,4,4,4,5,1,0
3699,1,0,0,0,3,1,1,1,4,4,4,4,1,0
3722,0,2,0,2,2,1,3,4,2,2,4,1,1,0
3727,0,2,0,1,5,0,2,2,2,5,2,2,1,0
3741,1,4,0,4,3,1,5,5,2,2,4,4,1,0
3767,1,5,0,4,4,1,3,5,4,4,2,5,1,0
3780,0,4,1,4,1,0,5,4,4,4,1,5,1,0
3800,0,4,1,4,2,1,2,4,1,1,1,4,1,0
3819,0,4,0,4,3,2,4,4,3,1,4,4,1,0
3872,0,4,0,3,1,1,5,5,2,3,5,4,1,0
3889,0,4,0,1,4,0,3,3,4,1,2,2,0,1
3918,0,2,1,2,5,0,5,5,4,4,3,2,1,0
3934,0,4,1,4,1,1,5,5,2,5,5,2,0,1
3941,0,5,0,3,4,0,4,4,3,4,4,4,1,0
3944,0,3,0,4,2,1,4,4,3,3,2,1,1,0
3951,0,4,0,4,4,1,4,4,4,4,5,3,0,1
3967,0,4,0,2,3,1,4,4,2,1,4,4,0,1
3978,0,3,0,3,4,1,3,2,3,3,4,2,1,0
3981,1,5,0,5,5,1,2,3,1,1,5,5,1,0
3982,1,4,0,4,2,1,3,4,3,3,4,4,1,0
3992,0,4,1,4,3,1,4,4,2,2,4,5,1,0
3996,0,4,1,4,4,0,5,5,3,3,5,4,0,1
4040,1,5,0,5,5,2,4,4,4,4,5,4,1,0
4047,0,0,0,1,3,0,4,5,1,1,3,5,1,0
4049,0,4,1,4,5,0,5,5,5,5,3,2,1,0
4052,0,2,0,2,5,0,4,3,2,2,5,2,1,0
4066,0,2,0,1,2,0,2,2,2,3,2,2,1,0
4076,1,4,0,5,5,1,2,2,4,5,2,4,1,0
4131,1,4,0,4,5,0,5,4,4,4,5,5,1,0
4153,0,3,0,3,3,0,3,1,3,3,5,1,1,0
4184,1,4,0,4,3,1,4,3,4,4,3,1,1,0
4234,0,4,0,4,4,0,3,4,4,4,2,5,0,1
4252,0,4,0,4,4,1,3,3,2,4,4,4,0,1
4285,1,5,0,4,4,0,1,1,5,1,1,5,1,0
4289,1,0,0,0,5,1,4,4,4,4,3,4,1,0
4302,0,1,0,4,1,0,3,3,2,2,3,2,1,0
4313,0,4,1,3,4,0,4,5,5,5,5,4,1,0
4326,1,4,0,5,5,1,3,3,5,5,5,2,0,1
4337,0,3,0,3,2,2,2,4,3,3,2,3,1,0
4375,1,4,0,2,4,1,5,2,3,3,3,1,1,0
4417,0,2,0,2,4,1,4,4,1,1,5,1,1,0
4435,0,3,0,3,4,1,4,4,3,3,3,2,1,0
4516,0,4,0,3,3,1,4,4,4,3,4,4,0,1
4530,0,4,1,4,2,1,5,5,5,5,5,4,0,1
4546,0,4,1,4,5,0,5,5,5,5,5,2,0,1
4567,0,4,0,4,4,1,4,4,2,2,4,4,1,0
4574,0,4,1,4,4,0,4,4,2,2,5,4,1,0
4585,0,2,0,2,4,1,5,3,2,2,3,2,1,0
4594,1,4,0,4,3,2,4,4,3,3,4,4,1,0
4600,0,4,1,4,3,1,2,3,2,2,1,5,1,0
4613,0,0,0,5,1,1,2,2,1,2,2,2,1,0
4620,1,4,0,4,5,1,4,5,3,3,1,4,1,0
4633,0,2,0,5,4,0,2,2,4,3,2,2,1,0
4642,1,0,0,0,4,1,5,5,4,4,4,2,1,0
4666,0,4,1,5,3,1,3,3,1,1,1,3,1,0
4675,0,0,1,0,5,1,2,2,1,1,3,4,1,0
4685,0,4,1,4,3,1,4,5,2,2,4,5,1,0
4711,0,2,0,2,2,2,4,1,2,2,4,4,1,0
4804,1,4,0,0,3,2,4,4,2,1,2,1,1,0
4812,0,4,1,4,4,0,5,5,1,1,3,5,0,1
4823,0,0,1,0,4,0,1,2,1,1,3,1,1,0
4827,0,0,1,0,4,1,2,2,5,5,5,3,1,0
4919,1,4,0,4,3,1,5,4,2,2,3,2,1,0
4933,0,4,1,4,4,1,2,5,2,2,3,4,0,1
4937,0,2,0,3,3,0,3,3,4,3,3,3,1,0
4969,0,4,1,2,2,1,3,5,2,2,3,4,0,1
4976,1,4,0,3,2,1,2,2,3,1,2,4,1,0
4979,0,4,0,4,4,1,4,3,4,4,1,5,0,1
4989,0,4,0,4,1,0,2,1,4,4,2,3,0,1
4996,0,4,1,4,1,1,1,4,5,5,3,4,1,0
5000,0,4,0,1,1,0,5,4,2,1,5,4,1,0
5001,0,5,1,5,2,1,1,1,3,3,1,3,1,0
5006,0,0,1,0,3,1,5,2,3,4,5,3,1,0
5013,0,3,0,3,3,2,2,2,3,3,2,3,1,0
5026,0,5,0,3,4,0,5,5,3,3,5,4,1,0
5042,0,4,1,4,3,1,4,3,1,1,3,4,1,0
5084,1,4,0,4,2,1,4,4,1,1,3,2,0,1
5093,0,0,0,1,5,0,1,1,2,5,1,1,1,0
5101,0,4,1,4,3,0,5,4,1,1,4,3,0,1
5103,0,4,1,2,2,0,5,4,2,2,3,3,0,1
5149,0,4,0,4,3,1,2,2,4,4,4,1,0,1
5159,0,4,0,4,3,1,3,3,1,4,3,4,0,1
5194,0,4,1,4,4,1,5,5,4,4,4,5,1,0
5223,0,4,0,4,2,0,3,3,3,1,3,4,1,0
5228,0,4,1,4,2,1,1,4,5,5,1,2,1,0
5229,0,3,0,2,2,0,4,4,2,2,2,4,1,0
5242,1,4,0,4,5,1,5,5,3,3,5,5,1,0
5247,0,4,0,4,1,1,4,5,4,4,3,1,1,0
5254,1,4,0,4,4,2,4,3,1,1,4,5,0,1
5277,0,4,0,5,1,0,4,4,3,4,4,5,1,0
5282,0,2,0,2,5,1,4,4,2,2,5,4,1,0
5288,1,4,0,5,5,1,2,4,1,2,1,1,0,1
5292,0,0,1,1,4,1,4,4,5,5,3,4,1,0
5298,1,4,0,4,4,1,4,5,5,5,4,5,1,0
5306,1,5,0,0,3,2,3,3,1,1,4,5,1,0
5318,1,5,0,0,3,1,2,2,1,1,1,3,1,0
5343,0,4,0,3,1,0,2,2,4,4,4,3,0,1
5362,0,3,0,3,3,1,4,3,3,3,1,1,1,0
5378,0,4,1,4,3,1,1,4,4,4,4,2,1,0
5412,1,4,0,3,3,0,1,1,3,3,1,5,0,1
5415,0,4,0,4,2,1,4,4,3,2,4,4,0,1
5439,0,2,0,2,4,1,1,2,2,2,2,5,1,0
5502,0,4,1,4,3,1,2,1,5,5,1,5,1,0
5532,0,3,0,3,5,1,4,2,3,3,2,5,1,0
5540,0,4,0,4,4,1,4,1,4,4,5,1,0,1
5541,0,5,0,3,1,0,5,3,3,3,1,3,1,0
5549,0,0,1,0,5,0,4,5,1,1,4,5,1,0
5553,0,5,1,5,1,2,4,3,3,3,3,4,1,0
5577,0,4,0,4,4,0,4,3,3,3,5,4,1,0
5578,1,4,0,4,5,1,4,4,2,2,4,4,1,0
5616,0,1,0,4,2,0,3,4,1,4,3,4,0,1
5622,0,5,1,5,4,1,5,4,1,1,4,5,1,0
5644,0,4,1,4,4,2,3,3,2,2,1,1,1,0
5657,1,0,0,0,5,1,5,4,2,2,5,3,1,0
5671,0,4,1,4,2,1,3,2,4,4,2,1,1,0
5695,0,4,0,4,3,0,4,4,4,4,4,4,0,1
5721,1,0,0,0,5,1,5,4,2,2,4,2,1,0
5747,1,0,0,0,3,1,5,4,4,4,5,2,1,0
5796,0,4,1,4,1,1,4,1,4,4,5,3,1,0
5810,0,4,0,5,3,1,3,3,4,4,1,5,1,0
5813,0,4,1,4,3,1,5,1,5,2,3,3,1,0
5832,0,4,1,4,3,1,3,1,1,1,1,4,1,0
5842,1,0,0,0,4,1,4,2,2,2,2,2,1,0
5873,0,4,0,3,1,2,4,4,2,4,4,4,0,1
5888,0,5,1,5,4,1,3,2,5,5,4,2,1,0
5904,0,4,0,4,1,1,4,4,4,2,4,4,0,1
5911,0,1,0,2,2,0,4,4,2,2,4,4,1,0
5939,0,4,0,4,1,1,4,4,3,2,4,4,0,1
5970,0,4,0,3,3,0,4,4,3,3,4,4,1,0
5976,0,4,1,4,2,1,5,5,3,3,5,4,0,1
5981,1,4,0,5,3,1,5,4,4,4,3,3,0,1
5993,0,4,0,3,2,1,3,3,4,4,4,3,0,1
5996,0,4,0,4,2,2,3,4,5,5,2,5,1,0
6021,0,4,1,4,3,1,4,4,4,4,4,3,0,1
6026,0,5,0,4,3,1,4,4,5,5,3,4,0,1
6038,0,4,1,4,4,0,1,3,5,5,4,1,1,0
6066,1,4,0,4,4,1,4,5,1,1,5,3,1,0
6087,1,4,0,4,3,2,3,3,5,3,3,5,0,1
6099,0,1,0,3,3,0,2,2,3,1,2,2,1,0
6106,0,4,1,4,3,1,5,4,2,2,4,5,1,0
6136,0,0,1,0,2,1,5,1,3,3,3,4,1,0
6155,0,4,1,4,4,1,5,4,3,3,4,5,1,0
6165,0,4,1,4,1,1,2,1,1,1,5,5,1,0
6168,1,4,0,4,3,1,3,4,4,3,3,4,0,1
6172,0,4,0,4,3,0,4,4,2,3,4,5,1,0
6188,0,4,1,4,3,0,5,4,1,1,5,4,1,0
6190,0,4,1,4,3,0,5,4,3,1,3,5,0,1
6197,0,4,1,4,3,0,4,4,2,2,5,4,1,0
6244,1,0,0,0,5,1,4,4,5,5,3,3,1,0
6256,0,3,0,3,1,2,3,3,1,5,3,3,1,0
6266,1,4,0,4,3,1,4,4,3,3,3,3,1,0
6302,1,0,0,0,3,1,3,2,3,3,1,1,1,0
6352,0,4,1,1,1,1,5,5,1,1,3,5,1,0
6367,0,4,0,3,3,0,4,4,3,3,4,3,1,0
6375,0,4,1,4,4,0,5,4,1,1,4,5,0,1
6386,0,4,1,4,3,1,4,1,5,5,4,4,1,0
6406,0,4,0,4,4,1,1,3,4,4,5,4,0,1
6422,0,0,0,1,4,0,5,4,1,1,3,2,1,0
6430,1,4,0,4,3,1,4,2,1,1,2,3,1,0
6442,1,4,0,4,5,1,4,5,2,2,4,3,1,0
6478,1,5,0,4,5,2,4,2,5,1,4,0,1,0
6496,1,4,0,4,4,1,2,3,3,3,4,1,0,1
6509,0,4,1,3,5,0,5,5,4,4,3,2,1,0
6512,1,4,0,4,2,1,4,2,4,4,3,5,1,0
6518,0,0,1,0,4,0,5,4,2,2,3,2,1,0
6540,1,4,0,5,4,1,4,4,4,4,4,3,1,0
6546,0,2,1,2,5,0,4,5,1,1,5,4,1,0
6548,1,0,0,0,2,2,2,3,4,4,2,5,1,0
6550,0,4,1,4,1,0,2,1,3,3,5,2,1,0
6571,1,0,0,0,3,1,5,4,3,5,3,5,1,0
6575,0,5,0,1,4,0,5,5,1,3,5,4,0,1
6579,1,4,0,4,4,1,5,4,3,3,3,2,1,0
6584,0,3,0,4,1,0,4,4,3,3,4,5,0,1
6609,0,4,1,4,4,0,4,3,4,4,4,5,0,1
6678,0,4,1,5,5,1,1,2,5,5,4,2,0,1
6701,0,4,1,5,4,0,4,4,3,3,2,2,0,1
6704,0,4,0,4,1,1,4,4,4,4,3,4,1,0
6705,1,4,0,3,1,1,3,3,3,2,3,2,1,0
6774,0,2,0,2,4,1,4,2,2,2,5,1,1,0
6779,0,4,0,4,3,0,4,4,4,4,4,4,0,1
6796,0,4,0,4,1,0,2,2,4,4,3,5,0,1
6811,0,4,1,4,5,0,4,5,5,5,3,5,0,1
6843,0,4,1,1,1,1,3,4,1,1,4,4,1,0
6864,1,4,0,5,5,1,4,4,4,3,4,4,1,0
6872,0,5,1,5,1,1,3,5,3,3,4,4,1,0
6880,0,4,0,3,2,1,4,4,2,3,4,4,0,1
6885,0,4,0,4,1,2,3,4,4,4,3,4,1,0
6898,0,2,0,2,3,1,4,3,3,3,2,1,1,0
6937,0,4,0,4,3,1,4,4,4,4,3,1,1,0
6948,0,3,0,3,4,1,4,4,1,3,4,3,0,1
6977,0,4,1,4,4,1,5,4,2,2,3,2,1,0
6995,0,3,0,4,5,2,3,3,4,4,3,3,1,0
7005,0,4,0,2,5,0,3,3,1,5,3,3,1,0
7027,1,4,0,4,3,1,4,5,2,2,5,2,1,0
7042,0,4,0,1,4,2,4,4,2,2,4,4,1,0
7049,1,0,0,3,4,0,1,1,3,1,1,0,1,0
7058,1,4,0,4,3,1,4,4,3,3,3,5,0,1
7061,0,0,1,0,5,0,4,5,4,4,5,4,1,0
7072,0,5,1,5,5,1,4,3,2,5,1,5,1,0
7085,1,4,0,4,2,2,4,4,4,3,4,4,1,0
7102,0,5,1,5,1,0,4,5,4,4,2,2,1,0
7115,0,4,1,4,4,1,4,5,1,1,2,1,1,0
7163,1,4,0,4,5,1,4,4,4,4,3,2,1,0
7166,0,4,0,3,5,0,3,2,3,3,3,2,1,0
7171,0,1,0,2,1,0,2,2,2,2,5,3,1,0
7181,0,4,1,4,3,1,4,4,1,1,4,5,1,0
7204,0,4,0,4,3,1,4,4,5,5,3,2,0,1
7224,1,4,0,4,2,1,1,4,3,3,2,1,1,0
7232,0,4,1,4,4,0,4,5,4,2,5,4,0,1
7237,0,2,0,3,1,0,5,5,3,3,1,4,1,0
7244,1,0,0,2,1,1,2,2,3,4,2,0,1,0
7280,0,0,0,0,2,1,3,4,2,2,1,4,1,0
7309,0,4,1,4,2,1,5,1,1,1,3,5,1,0
7318,1,4,0,5,3,1,5,4,5,2,3,3,0,1
7331,1,5,0,0,3,1,5,4,5,5,4,2,1,0
7343,0,3,0,3,4,0,3,4,3,3,2,5,1,0
7346,0,4,1,4,5,0,4,4,1,1,3,3,0,1
7358,0,4,0,4,1,2,3,4,4,4,4,1,0,1
7361,1,5,0,5,1,1,3,2,4,3,2,5,1,0
7375,0,4,1,4,4,0,4,5,5,5,5,2,1,0
7394,0,4,0,4,4,1,4,4,5,2,4,4,1,0
7418,0,4,0,4,1,0,4,4,4,4,4,4,1,0
7436,0,2,0,2,4,1,3,4,2,2,5,5,1,0
7442,1,4,0,4,2,1,5,1,2,2,3,5,1,0
7443,1,4,0,4,1,1,4,3,4,4,3,5,1,0
7447,1,4,0,4,4,1,5,4,3,3,4,5,0,1
7453,0,4,1,4,4,0,4,5,4,4,3,3,0,1
7456,0,4,1,4,5,1,2,4,4,4,3,3,1,0
7482,0,2,0,2,5,1,5,3,2,2,3,4,1,0
7532,0,3,0,3,2,1,3,3,2,3,3,3,1,0
7569,0,5,1,5,4,0,1,4,1,1,2,5,1,0
7596,0,4,1,4,4,0,4,5,5,5,4,2,1,0
7601,0,3,1,3,4,0,4,4,5,5,3,5,1,0
7660,0,5,1,5,3,1,3,3,2,2,2,5,1,0
7679,0,3,0,4,4,0,3,3,4,5,1,3,1,0
7702,0,4,1,4,3,0,5,4,4,2,5,2,1,0
7704,0,4,0,4,5,0,1,1,4,4,1,3,1,0
7710,1,4,0,4,5,1,1,2,3,3,1,3,1,0
7722,0,4,1,4,5,1,5,2,5,5,4,2,0,1
7724,1,5,0,4,4,1,2,2,4,3,2,2,1,0
7727,0,4,1,4,5,0,5,4,1,1,5,4,1,0
7732,0,4,0,4,3,1,4,4,4,4,3,1,1,0
7739,1,4,0,3,5,1,5,4,3,3,3,2,1,0
7750,0,4,1,4,5,0,2,1,5,5,4,2,1,0
7751,1,4,0,4,5,1,5,5,5,5,4,3,0,1
7782,0,4,1,4,3,0,4,4,2,5,5,3,0,1
7789,0,4,0,4,4,1,3,3,4,4,2,3,0,1
7794,1,4,1,4,3,1,4,3,4,4,3,4,1,0
7795,0,4,1,4,3,0,4,5,3,4,5,4,0,1
7800,1,4,0,3,4,1,3,3,3,3,3,5,1,0
7807,1,0,0,1,3,1,5,5,4,1,5,0,1,0
7808,0,4,0,4,4,2,2,2,3,3,1,5,0,1
7809,0,0,1,0,3,0,5,4,5,2,5,5,1,0
7810,0,4,1,4,5,0,4,5,3,3,4,3,0,1
7819,0,4,1,4,3,0,1,1,3,3,4,1,0,1
7820,0,3,0,3,2,1,2,4,3,3,3,1,1,0
7826,0,4,0,4,4,0,2,1,4,4,4,3,0,1
7828,1,4,0,4,3,1,4,5,2,2,4,2,1,0
7837,0,4,1,4,3,0,1,3,2,2,2,5,1,0
7847,0,5,0,4,1,0,3,4,4,4,1,4,1,0
7872,1,4,0,4,5,1,4,5,1,1,4,4,1,0
7951,0,4,1,4,4,0,4,5,1,1,3,4,0,1
7965,1,4,0,5,5,1,4,5,5,5,5,4,0,1
7969,1,4,0,4,3,1,5,4,4,4,5,3,0,1
7988,0,4,1,4,4,1,4,4,2,2,4,3,1,0
7999,0,4,1,4,5,1,3,1,3,3,1,2,1,0
8028,1,5,0,5,4,2,4,5,1,1,3,5,1,0
8063,0,4,0,4,1,2,4,3,4,4,3,2,1,0
8070,1,4,0,4,4,1,5,4,4,4,4,3,1,0
8071,1,4,0,1,4,0,3,3,5,2,2,3,1,0
8085,0,2,0,3,5,2,5,2,2,2,5,5,1,0
8087,0,4,0,5,1,2,3,3,4,4,1,3,1,0
8110,0,4,0,3,2,0,4,4,3,1,4,5,1,0
8124,0,4,0,4,4,0,4,4,4,4,4,4,0,1
8125,0,4,1,4,4,1,4,4,5,5,4,4,0,1
8151,1,4,0,4,4,1,2,2,2,2,2,2,1,0
8154,0,4,1,4,4,1,4,4,1,1,5,3,1,0
8155,0,5,1,5,3,1,4,4,1,1,3,5,1,0
8162,0,4,1,4,5,0,5,4,1,1,3,2,1,0
8177,1,4,0,2,5,1,4,5,1,1,2,3,1,0
8211,0,3,0,4,4,1,3,3,3,3,3,3,1,0
8216,0,2,0,2,3,2,2,2,1,1,4,2,1,0
8227,0,4,1,4,4,1,4,4,5,5,4,4,0,1
8253,1,5,0,1,5,1,1,1,2,1,1,0,1,0
8260,1,4,0,4,1,1,5,4,2,2,4,3,1,0
8267,0,3,1,3,1,0,5,1,4,4,1,2,1,0
8301,1,4,0,3,1,1,4,4,3,3,2,1,1,0
8317,0,4,0,3,1,0,4,4,4,4,4,4,1,0
8326,0,4,0,4,1,1,3,4,4,4,3,4,1,0
8351,0,2,0,1,3,1,2,2,5,4,2,2,1,0
8373,1,4,1,4,3,1,3,3,4,4,4,2,0,1
8377,1,4,0,4,1,1,5,3,2,2,5,3,1,0
8423,0,4,1,4,5,1,4,4,2,2,4,5,0,1
8427,1,4,0,4,4,1,5,4,5,5,4,5,1,0
8438,0,1,0,1,4,0,3,3,4,4,3,2,0,1
8439,1,5,0,5,4,2,4,3,4,4,2,4,1,0
8454,0,4,1,4,3,1,4,4,1,1,3,4,1,0
8489,0,3,0,3,3,1,4,3,3,3,3,2,1,0
8490,0,4,0,4,2,0,4,3,4,4,3,5,1,0
8493,0,4,1,4,1,1,3,3,3,3,3,1,1,0
8506,0,4,0,4,1,1,4,4,4,1,4,4,0,1
8529,0,3,0,2,4,0,3,1,2,2,5,4,1,0
8572,0,4,1,4,3,1,2,1,3,3,4,4,1,0
8575,1,0,0,0,4,1,5,4,5,5,3,5,1,0
8579,1,4,0,4,2,1,3,3,1,1,3,4,0,1
8580,1,4,0,4,2,1,3,4,4,4,1,3,1,0
8586,0,3,0,3,3,0,4,1,3,3,3,5,1,0
8607,0,4,0,4,1,1,4,4,4,4,2,2,1,0
8624,1,4,0,4,3,0,3,3,5,5,3,4,0,1
8636,1,0,0,0,1,1,4,4,5,5,2,5,1,0
8664,0,4,1,4,3,0,5,5,5,5,3,5,0,1
8708,0,4,0,3,3,0,4,4,1,1,4,4,1,0
8725,1,4,0,5,3,1,1,1,4,4,1,4,1,0
8735,0,4,1,4,3,0,5,4,4,4,3,3,0,1
8754,0,4,0,3,3,0,4,4,4,2,4,4,1,0
8775,0,4,0,4,4,1,1,4,4,4,3,4,1,0
8776,0,5,0,3,4,0,4,4,3,4,4,4,1,0
8815,1,4,0,4,4,1,4,4,1,1,5,3,0,1
8829,0,4,1,3,5,1,5,5,2,2,4,5,1,0
8840,0,2,0,2,4,1,5,5,2,2,1,5,1,0
8852,0,0,1,0,2,1,1,2,4,4,3,5,1,0
8890,1,4,0,4,4,1,4,4,4,4,1,1,1,0
8896,1,0,0,0,4,1,4,4,4,4,4,4,1,0
8912,0,4,0,4,4,1,1,2,4,4,1,5,0,1
8913,0,0,0,0,5,1,1,4,1,1,3,4,1,0
8919,0,4,1,4,4,0,5,5,5,5,4,5,1,0
8926,0,4,1,3,3,0,4,4,5,4,3,5,1,0
8955,0,4,1,4,3,0,4,4,5,5,5,3,0,1
8965,0,4,0,4,4,0,3,3,4,4,3,4,0,1
8980,0,4,1,4,1,1,3,4,4,2,4,2,1,0
8984,1,4,0,4,5,1,4,1,1,1,5,2,1,0
8989,0,5,1,0,3,1,5,1,3,3,5,1,1,0
8994,0,2,1,2,3,0,5,4,2,2,5,4,1,0
8997,0,3,1,3,3,0,4,4,3,3,3,4,1,0
9001,0,4,0,4,2,1,3,4,4,4,4,5,1,0
9004,0,0,1,0,1,1,5,3,1,2,5,5,1,0
9006,0,4,1,4,5,0,4,5,2,2,3,4,1,0
9024,1,0,0,5,3,1,2,2,5,4,2,1,1,0
9046,0,4,0,4,2,2,4,4,4,4,1,5,1,0
9050,0,3,1,2,2,0,3,5,2,2,5,5,0,1
9053,0,3,0,3,3,2,3,2,3,3,2,4,1,0
9054,0,3,0,4,3,0,1,2,4,4,1,3,1,0
9055,1,0,0,3,2,1,4,3,3,3,4,0,1,0
9067,1,4,0,4,3,1,2,4,4,4,3,4,0,1
9070,0,0,0,2,4,0,1,1,4,4,1,1,1,0
9084,1,0,0,0,2,1,3,3,1,1,1,5,1,0
9088,0,4,1,4,3,1,4,4,4,4,4,4,0,1
9097,0,3,1,3,4,1,5,4,1,1,4,5,1,0
9100,0,2,1,2,5,0,1,5,1,1,3,4,1,0
9126,0,3,0,4,5,1,1,1,3,3,1,2,1,0
9150,1,4,0,2,5,1,3,3,2,5,3,4,1,0
9151,0,3,0,3,4,1,3,4,3,3,3,5,1,0
9181,0,3,1,3,4,0,4,4,1,2,3,2,1,0
9184,0,2,0,4,3,1,2,2,4,4,2,2,1,0
9228,1,0,0,0,5,1,4,5,2,2,4,4,1,0
9233,0,4,1,4,3,0,4,4,2,2,5,4,1,0
9238,0,3,0,3,1,0,2,2,3,3,2,2,1,0
9244,1,4,0,2,4,1,4,5,4,4,4,4,1,0
9264,0,4,1,4,3,1,2,4,4,4,5,2,1,0
9265,1,4,0,4,5,0,3,3,4,5,3,4,0,1
9266,0,0,1,0,1,1,4,4,5,5,1,2,1,0
9267,0,4,1,4,4,0,2,4,3,3,1,4,1,0
9279,0,4,1,4,4,0,5,5,5,4,5,4,0,1
9316,1,4,0,4,3,1,2,2,4,4,2,1,1,0
9331,0,3,0,3,1,1,1,2,4,4,1,1,0,1
9386,1,4,0,4,5,1,4,5,5,5,5,5,1,0
9390,0,3,1,3,5,0,4,5,5,5,4,3,1,0
9403,1,4,0,4,5,1,4,5,4,4,3,5,0,1
9405,0,3,0,2,1,0,2,2,1,1,2,2,1,0
9407,1,0,0,0,3,1,2,4,1,3,5,3,1,0
9408,0,4,1,4,1,1,3,4,3,3,4,3,1,0
9419,1,4,0,5,4,1,2,2,4,5,2,4,1,0
9424,1,4,0,4,3,2,5,5,5,5,5,5,0,1
9477,0,3,0,2,4,1,3,3,5,1,3,3,1,0
9495,1,5,0,5,3,2,3,3,1,3,1,1,1,0
9524,0,4,1,4,4,0,4,5,1,1,4,2,1,0
9529,0,4,0,4,1,2,2,1,4,4,3,5,0,1
9538,1,4,0,4,3,1,4,4,3,3,3,4,1,0
9571,1,4,0,4,4,1,5,5,4,4,4,3,1,0
9597,1,5,1,5,3,1,4,3,5,1,1,1,1,0
9605,1,0,0,0,2,1,4,3,5,5,4,2,1,0
9621,1,4,0,2,4,1,2,2,4,4,1,3,1,0
9634,1,0,0,0,1,1,3,2,3,3,2,4,1,0
9674,1,4,0,4,2,1,5,4,4,4,2,3,0,1
9685,0,4,0,3,3,1,4,4,2,2,4,4,1,0
9733,0,0,1,0,3,1,5,4,4,4,4,2,1,0
9748,0,1,0,0,4,0,3,4,3,3,4,5,0,1
9763,0,4,0,4,2,1,4,4,5,1,4,4,1,0
9792,1,5,0,4,4,1,5,5,3,3,3,5,1,0
9827,0,4,0,4,2,1,3,4,4,4,2,1,1,0
9833,1,4,0,4,4,1,4,5,4,4,4,5,1,0
9838,0,4,1,4,4,0,5,5,1,1,5,3,1,0
9846,0,4,1,4,5,0,4,5,5,5,4,3,0,1
9849,0,0,1,1,3,1,5,5,2,2,5,4,1,0
9872,0,4,0,2,1,0,4,4,4,1,4,4,1,0
9886,0,3,0,3,5,2,3,2,3,3,4,1,1,0
9912,0,4,1,4,2,1,3,4,2,2,3,4,1,0
9916,1,0,0,0,2,1,5,1,5,5,4,2,1,0
9932,0,2,0,2,1,2,2,2,1,4,2,2,1,0
9947,1,5,0,3,3,1,5,5,3,4,5,5,1,0
9966,0,0,1,2,5,0,5,4,2,2,4,5,1,0
9997,0,1,0,1,3,0,3,4,3,3,5,3,0,1
10030,1,4,0,4,1,1,4,4,4,4,2,4,0,1
10039,1,4,0,4,5,1,5,5,5,5,5,5,0,1
10050,1,4,0,4,1,1,3,3,3,2,5,5,1,0
10091,1,0,0,5,4,0,1,2,4,3,1,0,1,0
10122,0,4,1,4,4,1,5,1,5,5,1,2,1,0
10132,1,5,0,5,5,0,5,4,5,5,5,3,1,0
10160,0,3,1,3,2,1,4,4,5,5,2,4,1,0
10162,1,4,0,4,5,1,4,4,3,3,5,3,0,1
10171,0,3,0,2,2,1,3,3,3,1,3,3,1,0
10185,1,4,0,4,5,1,4,5,3,3,1,2,1,0
10197,1,4,0,5,4,1,5,5,3,3,3,4,1,0
10205,0,4,0,4,3,1,4,4,4,4,4,3,0,1
10212,1,5,0,2,3,1,5,5,3,4,5,0,1,0
10264,0,4,0,4,3,1,4,3,4,4,1,1,1,0
10284,0,4,0,4,3,0,4,4,3,3,4,3,1,0
10303,1,0,0,0,4,1,5,4,4,4,4,3,1,0
10316,0,0,0,0,4,1,4,4,2,2,2,1,1,0
10317,0,4,1,4,4,1,4,4,5,3,5,4,1,0
10322,1,4,0,5,5,1,5,5,4,5,5,4,1,0
10336,0,4,1,4,5,0,4,4,3,3,4,2,1,0
10377,0,5,0,3,3,0,4,4,2,3,4,4,1,0
10388,0,4,0,4,2,0,4,4,4,4,1,3,1,0
10398,0,4,1,4,5,0,5,5,3,3,3,2,0,1
10402,1,5,0,5,5,1,5,5,1,1,3,2,1,0
10415,0,5,0,4,4,0,4,3,4,4,1,4,1,0
10426,1,4,0,4,3,1,3,3,3,2,3,4,1,0
10428,0,3,0,3,3,2,2,1,3,3,1,1,1,0
10438,0,4,1,4,5,0,4,5,4,4,5,3,1,0
10453,1,4,0,4,4,1,1,1,4,4,1,4,1,0
10456,0,0,1,1,1,0,4,5,1,1,3,4,1,0
10545,1,0,0,4,3,1,5,5,1,1,3,2,1,0
10555,1,0,0,0,2,1,2,2,3,3,3,3,1,0
10560,0,2,0,2,3,1,5,4,2,2,2,3,1,0
10590,0,4,1,4,4,1,5,2,3,3,4,5,0,1
10595,1,4,0,2,4,1,4,4,2,4,4,4,1,0
10616,0,4,0,4,4,1,4,4,4,4,3,3,0,1
10629,0,2,0,2,2,0,3,5,2,2,3,5,1,0
10635,0,2,1,2,4,0,5,4,1,1,5,5,1,0
10650,0,3,0,1,5,0,3,3,2,5,3,3,1,0
10662,0,2,0,2,2,2,5,2,2,2,4,3,1,0
10669,1,4,0,4,4,1,4,5,4,4,5,1,1,0
10699,1,4,0,4,2,1,4,4,4,4,4,4,1,0
10709,0,3,0,2,5,1,3,3,1,1,3,3,1,0
10719,1,4,0,4,3,1,5,1,4,3,5,4,1,0
10728,1,0,0,0,4,1,4,5,4,4,5,2,1,0
10756,1,4,0,4,1,2,4,3,4,4,3,4,1,0
10769,1,4,0,5,4,1,5,5,4,4,5,4,0,1
10771,0,5,0,4,1,0,3,4,3,3,3,1,1,0
10797,0,4,0,4,2,1,4,4,3,4,4,4,0,1
10799,0,4,0,3,4,1,4,4,3,3,4,4,1,0
10824,0,4,0,4,4,0,3,3,4,4,3,3,0,1
10826,1,4,0,4,4,1,3,3,5,5,4,2,1,0
10838,0,5,0,1,2,1,4,4,3,1,4,5,1,0
10843,0,0,0,1,2,0,1,1,3,4,1,1,1,0
10854,1,0,0,0,5,1,4,4,4,4,3,4,1,0
10855,1,4,0,1,5,1,2,4,2,1,2,4,1,0
10856,0,4,1,4,5,0,5,4,3,3,5,4,0,1
10858,0,4,0,4,1,1,3,5,4,4,4,1,1,0
10859,1,4,0,4,5,1,5,5,1,1,5,3,1,0
10871,0,3,0,5,2,0,2,2,5,1,2,2,1,0
10888,0,4,1,4,4,0,4,4,4,4,3,4,0,1
10899,1,5,0,5,2,0,4,4,2,2,3,5,1,0
10924,0,3,0,4,4,1,3,5,5,3,5,1,1,0
10975,1,4,0,4,4,1,5,5,2,5,1,2,0,1
10976,0,4,1,4,4,0,5,5,1,4,3,4,1,0
10990,1,4,0,4,3,1,4,5,1,1,3,5,0,1
11027,1,5,0,5,3,2,4,4,5,5,3,4,1,0
11126,0,2,1,2,3,0,4,4,1,1,3,2,1,0
11137,0,4,0,4,4,1,3,3,4,4,1,1,1,0
11143,1,4,0,2,2,1,5,4,2,2,5,4,1,0
11148,1,4,0,4,2,1,3,2,3,3,2,5,1,0
11150,0,5,0,4,4,0,3,3,5,5,3,5,0,1
11159,0,3,0,2,2,1,3,3,4,3,3,3,1,0
11163,0,0,1,0,4,1,3,2,2,4,4,1,1,0
11170,0,4,0,4,1,1,5,4,4,4,1,5,1,0
11202,0,5,1,4,1,1,4,1,3,3,3,5,1,0
11257,1,5,0,4,5,2,1,1,4,2,1,5,1,0
11293,0,3,0,4,4,1,2,3,3,3,4,1,1,0
11304,0,2,0,3,4,0,2,2,2,3,2,2,1,0
11311,1,0,0,4,5,1,5,5,4,4,4,2,1,0
11315,0,3,1,3,5,0,5,4,5,5,4,5,1,0
11320,0,2,0,2,5,1,1,1,2,2,5,3,1,0
11326,0,3,0,1,4,1,3,3,2,3,3,3,1,0
11329,1,4,0,4,5,1,5,5,1,1,3,5,1,0
11356,0,0,0,3,1,1,3,4,2,2,3,4,1,0
11363,1,5,0,3,3,2,3,4,3,3,4,4,1,0
11374,0,4,1,4,3,1,1,1,4,4,4,4,1,0
11390,0,2,0,2,5,2,3,2,2,2,1,2,1,0
11414,0,5,0,4,2,0,3,4,5,5,2,5,0,1
11416,1,4,0,4,3,1,4,5,5,5,5,2,1,0
11434,0,3,0,4,2,0,3,3,2,1,3,4,1,0
11441,1,5,0,5,1,2,3,3,3,4,2,2,1,0
11443,0,3,0,4,3,0,4,4,4,2,4,4,1,0
11445,0,2,0,4,1,0,4,3,3,3,4,4,1,0
11469,0,4,1,4,3,1,2,2,4,4,4,3,1,0
11479,0,3,0,4,1,0,5,3,3,4,4,4,1,0
11487,0,4,0,3,3,0,3,3,4,4,3,3,0,1
11495,0,0,1,0,3,1,1,4,5,5,1,3,1,0
11496,1,4,0,4,1,1,3,4,5,5,1,5,0,1
11555,0,0,1,1,3,1,3,5,5,5,1,3,1,0
11603,0,3,0,4,4,0,1,2,4,4,5,4,1,0
11606,0,4,1,4,5,1,5,3,1,3,5,3,1,0
11616,0,4,0,4,1,1,2,2,3,3,1,3,0,1
11622,0,2,0,3,4,0,2,2,4,3,2,2,1,0
11633,0,4,1,4,4,1,4,5,1,1,3,4,1,0
11639,1,4,0,1,1,1,3,5,1,1,5,4,1,0
11647,0,4,0,4,4,1,2,2,4,4,2,5,1,0
11650,1,4,0,4,1,0,4,3,2,1,1,5,1,0
11658,1,0,0,0,4,1,3,2,4,4,1,2,1,0
11663,0,4,1,4,3,1,3,5,3,3,1,2,1,0
11664,0,0,1,0,5,0,4,5,3,3,5,4,1,0
11665,0,4,1,4,3,2,4,5,1,2,5,5,0,1
11706,1,4,0,5,5,1,5,3,5,4,5,4,1,0
11708,0,4,0,4,2,1,3,3,2,4,4,4,0,1
11731,1,0,0,0,1,1,4,3,3,4,1,2,1,0
11747,1,4,0,4,4,1,5,4,3,3,4,3,1,0
11796,1,5,0,1,1,1,5,5,1,1,2,5,1,0
11816,1,4,0,4,5,1,4,5,1,1,4,2,1,0
11830,0,3,0,3,4,0,1,1,3,3,4,5,0,1
11845,0,4,0,2,2,0,4,4,4,1,4,4,1,0
11888,1,4,0,4,4,1,3,3,2,2,4,4,1,0
11891,0,0,0,0,4,1,3,3,1,1,1,1,1,0
11909,0,3,0,3,5,1,1,3,3,3,5,3,1,0
11915,0,3,0,3,4,0,4,4,3,3,3,4,1,0
11933,1,0,0,4,5,0,5,1,5,3,5,4,1,0
11938,1,4,0,4,3,1,3,3,5,5,1,2,0,1
11956,0,4,1,4,5,0,4,4,3,3,4,3,1,0
11971,0,4,0,2,4,0,4,5,3,2,4,4,1,0
11978,1,4,0,4,5,1,5,4,4,4,5,3,1,0
11981,0,0,0,0,1,2,1,3,2,2,2,2,1,0
11992,0,3,0,3,5,1,4,3,3,3,1,3,1,0
11993,1,0,0,0,5,1,4,5,1,1,3,1,1,0
11999,0,4,1,4,3,1,5,5,5,5,3,5,1,0
12036,0,4,1,4,5,0,4,4,5,5,3,2,0,1
12048,0,4,1,4,3,0,5,4,5,4,5,3,1,0
12068,0,2,0,2,5,1,3,4,3,3,3,5,1,0
12077,1,4,0,4,3,1,5,4,4,4,3,3,0,1
12079,1,4,0,4,4,1,4,4,1,1,4,5,0,1
12095,0,5,0,2,4,2,4,4,3,1,4,5,1,0
12105,0,4,1,4,4,0,5,4,5,5,4,4,0,1
12119,0,0,0,1,1,0,4,2,1,1,5,3,1,0
12139,0,2,0,4,2,0,2,1,4,4,2,2,1,0
12174,1,0,0,0,2,1,2,4,5,5,4,5,1,0
12219,1,4,0,4,3,1,4,4,5,5,5,3,1,0
12253,0,4,1,4,1,1,5,5,3,3,4,2,0,1
12308,0,3,0,3,4,0,1,2,3,3,4,5,0,1
12336,0,4,0,4,2,2,2,2,4,4,1,2,0,1
12371,0,5,0,3,3,0,5,5,2,3,5,4,0,1
12376,0,2,0,2,2,1,3,1,2,2,3,3,1,0
12402,0,4,1,3,5,0,4,4,2,2,4,5,1,0
12406,1,4,0,4,1,1,3,4,1,1,3,1,0,1
12449,0,4,0,2,3,0,4,4,4,3,4,4,1,0
12450,0,3,0,4,3,0,3,3,4,3,3,3,1,0
12472,0,4,1,3,3,0,3,5,3,3,5,5,1,0
12514,1,4,0,3,1,2,4,4,3,4,4,2,1,0
12522,0,4,0,4,4,1,2,2,4,4,1,3,1,0
12554,1,4,0,3,1,1,4,4,5,1,4,4,1,0
12572,0,3,0,3,3,2,2,2,3,3,1,2,1,0
12574,0,3,0,2,4,0,3,1,2,2,1,2,1,0
12575,0,3,0,4,1,0,3,3,3,5,3,3,1,0
12608,1,4,0,4,3,0,4,4,1,4,3,4,1,0
12614,1,4,0,3,5,1,5,4,3,3,4,2,1,0
12619,0,3,0,1,5,0,3,3,1,3,3,3,1,0
12623,0,3,0,3,3,1,5,2,3,3,4,2,1,0
12626,0,3,0,4,3,0,1,4,4,4,2,1,1,0
12628,1,4,0,4,5,1,4,5,1,3,3,3,1,0
12633,0,2,0,3,4,0,2,2,4,3,2,2,1,0
12644,0,5,0,3,4,0,5,5,4,4,5,4,0,1
12651,0,4,0,5,4,1,2,2,4,4,1,3,1,0
12653,1,0,0,0,3,1,4,5,4,4,4,3,1,0
12657,0,3,0,5,3,1,3,3,2,4,3,3,1,0
12660,1,0,0,0,5,1,5,5,2,2,4,2,1,0
12687,1,5,0,4,5,1,4,5,2,2,4,3,1,0
12689,0,4,1,4,4,1,4,5,4,4,5,4,0,1
12704,0,2,0,4,4,0,3,2,4,4,2,2,1,0
12711,0,4,1,3,4,0,4,4,2,2,4,5,1,0
12732,0,2,1,2,3,0,4,4,1,1,4,5,1,0
12736,0,4,1,4,5,0,5,5,3,3,5,5,0,1
12773,1,4,0,4,4,1,1,2,3,3,3,3,1,0
12788,0,4,1,4,1,0,1,1,3,3,1,5,0,1
12823,1,4,0,4,5,1,5,5,2,2,4,5,1,0
12852,0,1,0,4,4,0,4,1,3,4,4,4,0,1
12862,0,3,0,3,2,0,4,4,3,1,4,5,1,0
12863,1,4,0,4,1,0,4,4,4,3,4,4,1,0
12870,0,4,0,4,4,0,4,4,3,2,4,4,0,1
12881,0,2,0,4,3,0,2,2,4,4,2,2,1,0
12886,0,4,1,4,5,1,5,1,4,4,4,4,0,1
12901,0,0,0,1,1,0,2,4,3,3,2,4,1,0
12930,1,0,0,2,4,1,1,1,3,4,1,0,1,0
12938,0,3,0,3,3,1,3,3,4,3,3,3,1,0
12970,0,4,0,4,2,0,3,5,4,4,1,1,1,0
12971,1,4,0,4,4,1,4,4,2,2,2,4,1,0
12974,0,2,0,3,1,0,4,4,2,2,4,4,1,0
12977,1,4,0,5,3,1,3,4,3,3,2,4,0,1
12986,0,3,0,3,5,1,3,3,3,3,2,4,1,0
12987,0,0,0,1,3,0,1,1,2,2,1,1,1,0
13032,1,4,0,4,2,1,4,3,4,3,3,3,1,0
13034,0,2,0,3,3,1,2,2,2,3,2,2,1,0
13073,0,2,0,2,2,1,5,4,2,2,2,5,1,0
13078,1,4,0,4,5,1,4,5,1,1,3,2,0,1
13084,0,4,0,2,2,1,4,4,2,4,4,4,0,1
13085,0,3,0,3,4,1,3,4,3,3,3,2,1,0
13088,0,5,1,5,4,1,4,3,3,3,5,4,1,0
13090,0,4,1,5,4,0,5,5,3,3,4,3,0,1
13110,1,4,0,4,3,1,3,3,3,2,1,5,1,0
13117,1,4,0,4,2,1,5,5,3,3,2,4,1,0
13144,0,4,1,4,5,1,4,5,3,5,5,4,0,1
13180,0,3,0,4,2,1,3,3,3,5,3,3,1,0
13182,1,0,0,0,3,1,2,2,4,4,3,5,1,0
13200,1,0,0,0,1,1,3,4,1,1,3,1,1,0
13203,0,3,0,3,3,2,3,2,3,3,1,1,1,0
13222,1,0,0,0,1,2,2,1,2,3,1,2,1,0
13224,0,0,1,0,3,0,3,3,3,3,3,4,1,0
13242,1,4,0,4,5,1,5,5,5,5,4,2,0,1
13254,1,4,0,1,2,1,3,3,2,2,1,3,1,0
13271,1,0,0,0,4,1,4,1,4,4,2,5,1,0
13274,1,4,0,5,3,0,2,2,4,3,2,4,0,1
13291,0,4,0,2,4,1,4,4,3,4,4,4,1,0
13293,1,4,0,4,4,1,4,4,2,2,4,4,0,1
13297,0,4,1,4,5,0,5,4,4,4,3,3,1,0
13324,1,4,0,0,1,1,2,2,2,2,3,1,1,0
13331,0,4,0,3,2,1,4,4,3,2,4,4,0,1
13340,0,3,0,3,1,1,3,3,1,5,3,3,1,0
13358,1,4,0,4,3,1,4,4,3,2,5,4,1,0
13380,0,4,1,4,5,1,4,5,3,3,5,4,1,0
13408,0,4,1,3,5,0,4,4,4,4,3,4,1,0
13428,0,5,1,4,4,0,2,2,2,2,5,5,1,0
13433,1,4,0,4,4,1,4,4,1,1,5,2,0,1
13444,0,4,1,3,3,0,4,4,5,2,3,2,0,1
13506,0,0,0,0,1,1,4,5,2,2,2,4,1,0
13520,0,2,0,4,3,0,2,2,4,3,2,2,0,1
13521,0,2,0,2,4,0,4,4,1,1,3,2,1,0
13534,1,4,0,4,1,2,3,3,2,2,1,1,1,0
13563,0,2,0,2,1,2,2,2,3,5,2,2,1,0
13565,0,3,1,3,4,0,4,4,1,1,5,4,1,0
13592,0,4,1,4,4,1,4,3,2,2,1,1,1,0
13593,0,0,1,0,4,1,3,2,1,1,3,4,1,0
13595,0,3,0,4,1,0,3,3,2,1,3,4,1,0
13596,1,0,0,3,2,1,3,1,3,5,3,0,1,0
13601,0,4,0,4,4,0,3,4,4,4,5,4,1,0
13615,0,4,1,4,3,0,1,3,1,1,5,3,1,0
13618,1,0,0,5,5,1,4,4,5,4,4,0,1,0
13640,1,4,0,4,5,1,5,4,5,4,5,3,1,0
13669,0,5,0,2,1,0,5,5,3,4,5,4,0,1
13670,0,0,0,2,1,0,1,1,4,4,1,1,1,0
13690,0,0,1,0,4,1,4,4,5,5,3,2,1,0
13693,1,5,0,5,3,1,4,4,4,3,1,5,1,0
13712,0,4,1,4,3,0,4,3,2,2,3,3,0,1
13717,0,4,1,4,3,1,2,2,5,1,3,4,1,0
13748,0,4,0,2,3,1,4,4,2,3,4,4,1,0
13751,0,0,0,0,2,1,4,4,5,5,4,4,1,0
13755,1,5,0,1,1,1,4,4,3,1,4,5,1,0
13769,1,0,0,0,3,1,2,2,3,5,4,4,1,0
13772,1,4,0,3,1,1,4,3,4,5,2,3,1,0
13784,0,4,1,4,4,0,5,4,4,4,4,5,0,1
13785,0,5,0,4,3,1,4,3,5,5,2,5,0,1
13802,0,4,1,4,4,0,3,3,4,4,4,2,0,1
13803,0,4,0,4,1,1,4,3,4,4,3,2,1,0
13812,1,0,0,0,1,1,1,2,3,3,3,4,1,0
13826,0,4,0,4,4,2,3,4,4,4,1,1,0,1
13863,0,4,0,3,4,1,4,4,4,1,4,4,0,1
13910,0,0,1,0,5,2,3,5,5,5,1,1,1,0
13929,1,4,0,4,3,2,4,4,4,4,4,5,0,1
13936,0,0,1,0,5,1,1,5,4,4,2,3,1,0
13943,0,4,1,4,2,1,5,2,4,3,5,1,0,1
14006,0,2,0,3,3,0,4,4,2,2,4,3,0,1
14020,0,4,0,4,2,1,3,2,4,4,3,4,0,1
14023,0,4,0,2,4,0,3,3,4,1,3,3,1,0
14042,0,4,0,4,4,0,4,4,3,2,4,4,0,1
14064,0,4,0,4,2,2,4,3,4,4,1,2,0,1
14092,0,3,0,3,5,1,1,2,3,3,1,1,1,0
14132,0,3,0,3,1,1,1,1,4,4,2,4,1,0
14201,0,0,1,0,3,1,2,4,2,2,2,2,1,0
14217,0,4,1,4,3,0,5,5,2,2,4,5,1,0
14220,0,4,1,4,3,1,1,5,2,2,1,4,1,0
14266,0,3,0,4,4,0,2,3,4,4,1,4,1,0
14271,0,3,0,5,3,0,4,3,4,4,2,5,1,0
14306,0,4,0,3,3,0,4,4,3,4,4,4,1,0
14312,0,5,1,5,2,1,2,1,4,4,3,1,1,0
14326,1,0,0,0,5,1,4,5,3,3,5,2,1,0
14329,0,3,0,3,2,0,4,4,4,4,4,4,1,0
14338,1,5,0,5,5,1,2,5,4,4,4,4,1,0
14363,0,3,0,2,4,1,3,3,5,1,3,3,1,0
14371,1,4,0,4,4,2,4,5,5,5,3,2,1,0
14391,0,4,0,4,3,1,3,1,4,4,4,4,0,1
14392,0,4,1,4,4,0,5,4,1,1,4,5,0,1
14399,0,4,0,3,2,1,4,4,4,2,4,4,0,1
14403,0,4,0,4,3,1,3,4,4,4,1,3,1,0
14415,1,5,0,4,4,2,4,4,4,4,2,3,1,0
14429,0,4,1,4,5,0,4,4,1,1,5,4,0,1
14450,0,0,1,0,4,1,5,5,5,5,5,4,1,0
14464,0,0,1,4,5,0,4,5,3,3,5,2,1,0
14487,0,3,1,3,3,0,4,5,2,2,3,5,1,0
14514,0,4,1,4,4,0,4,4,4,4,4,4,0,1
14519,0,4,1,4,5,1,5,2,2,2,3,4,0,1
14529,1,4,0,4,3,1,4,3,2,1,1,1,0,1
14531,0,4,1,5,5,0,4,4,3,3,5,5,0,1
14547,0,4,0,3,2,1,4,4,4,2,4,4,0,1
14561,0,4,0,3,1,0,4,3,2,2,4,4,1,0
14568,0,4,0,4,4,1,4,3,4,4,5,4,0,1
14569,0,4,1,5,3,1,4,5,4,4,3,4,0,1
14615,0,4,0,4,4,0,4,3,4,4,5,2,0,1
14623,1,4,0,5,5,0,5,3,4,4,5,4,1,0
14634,0,0,1,0,5,1,1,1,4,4,4,4,1,0
14646,0,0,0,2,3,0,1,1,4,3,1,1,1,0
14653,0,4,1,4,5,1,5,5,1,1,3,5,0,1
14665,0,0,0,2,2,0,4,2,2,2,4,4,1,0
14670,0,3,0,3,4,0,4,4,3,2,4,4,1,0
14714,0,2,0,4,1,2,2,2,4,4,2,2,1,0
14721,0,3,0,4,2,2,5,4,3,3,3,2,1,0
14729,1,4,0,4,4,1,4,3,4,4,3,2,1,0
14736,0,4,1,4,3,0,5,5,2,2,3,3,1,0
14744,0,4,0,4,3,1,2,3,4,4,4,2,0,1
14772,1,4,0,4,2,1,2,2,4,4,2,1,1,0
14782,0,4,1,4,2,0,5,2,1,1,4,4,0,1
14790,1,4,0,4,5,1,2,1,3,4,4,5,1,0
14800,0,4,0,4,3,0,4,4,4,3,4,4,0,1
14827,1,4,0,4,3,1,4,4,5,5,5,4,1,0
14831,1,0,0,2,3,2,2,3,5,5,1,1,1,0
14861,1,4,0,4,3,1,5,5,3,3,3,4,1,0
14867,1,5,0,5,3,2,5,5,5,3,5,4,1,0
14870,0,4,1,3,3,0,3,5,3,3,3,3,0,1
14874,0,0,1,0,3,1,3,3,2,2,4,5,1,0
14901,0,4,0,4,4,0,2,3,4,4,2,2,1,0
14933,1,4,0,3,2,0,4,4,5,1,4,4,1,0
14940,0,4,1,4,4,0,4,3,5,5,3,5,0,1
14944,0,4,0,4,3,0,4,4,4,4,4,3,0,1
14949,0,4,1,4,3,0,4,5,4,2,5,2,1,0
14980,0,3,0,3,3,0,3,3,3,3,3,3,1,0
15003,0,4,0,4,1,1,3,4,4,4,5,2,1,0
15024,0,4,0,3,3,1,4,4,4,3,4,4,0,1
15029,1,4,0,2,1,1,2,2,3,4,2,4,1,0
15053,1,5,0,5,1,1,4,3,5,5,2,1,1,0
15058,0,4,0,4,3,1,3,3,4,4,4,4,0,1
15061,1,4,0,5,5,1,4,5,3,5,3,4,0,1
15062,0,0,0,3,1,0,5,1,4,2,5,1,1,0
15081,1,4,0,4,4,1,2,2,3,3,4,5,0,1
15108,0,4,1,4,1,1,3,3,3,3,5,4,1,0
15111,0,5,0,4,2,0,4,3,4,4,4,3,1,0
15135,0,3,1,3,4,0,4,4,5,5,4,2,1,0
15150,1,4,0,4,4,1,3,2,4,4,1,3,1,0
15156,1,4,0,4,4,1,5,4,5,5,5,4,1,0
15159,0,4,0,3,1,1,3,3,2,4,3,4,1,0
15169,1,4,0,4,1,2,2,1,2,2,4,1,1,0
15175,0,4,1,4,1,1,5,1,1,2,1,3,1,0
15187,0,0,1,0,3,1,5,2,2,2,4,4,1,0
15201,1,4,0,4,4,1,4,5,3,3,4,4,0,1
15208,1,4,0,2,4,1,5,5,1,1,3,2,1,0
15210,0,3,1,3,3,0,4,3,1,1,3,3,1,0
15224,1,0,0,4,3,2,5,5,3,3,4,4,1,0
15241,0,0,0,4,3,0,1,1,4,4,1,1,1,0
15257,0,2,0,2,2,1,3,3,2,2,5,3,1,0
15258,1,4,0,4,3,1,5,5,3,3,3,5,1,0
15269,1,4,0,4,5,1,5,4,1,1,5,3,1,0
15272,0,4,0,2,5,0,3,3,1,4,3,3,1,0
15299,0,3,0,1,2,1,3,3,3,4,3,3,1,0
15304,0,1,1,0,3,0,5,4,3,3,3,4,0,1
15334,0,4,1,1,1,0,5,4,1,1,3,4,0,1
15337,0,1,0,2,2,0,3,5,2,2,2,3,1,0
15344,0,2,0,2,3,2,2,2,2,4,2,2,1,0
15348,0,2,0,3,1,1,2,2,2,2,2,2,1,0
15351,0,4,1,4,4,0,4,5,1,2,3,2,1,0
15362,1,0,0,4,3,1,5,1,5,5,5,0,1,0
15375,1,4,0,4,5,0,3,4,5,5,1,2,1,0
15414,1,3,0,5,1,1,2,3,2,2,4,3,0,1
15425,1,4,0,4,3,1,3,3,3,3,2,2,1,0
15435,0,5,0,4,1,1,4,3,5,5,4,4,1,0
15491,0,0,0,0,3,2,5,5,1,1,1,5,1,0
15501,0,4,0,4,3,0,3,3,4,4,3,5,0,1
15504,1,4,0,4,2,1,1,2,2,2,3,2,1,0
15506,0,4,1,4,4,0,1,4,3,4,2,4,0,1
15514,1,4,0,4,5,1,5,4,1,1,4,2,1,0
15528,0,4,1,3,5,0,4,4,3,2,4,4,0,1
15549,1,4,0,4,3,1,4,4,3,3,3,4,1,0
15554,0,2,1,2,4,0,5,4,5,5,5,2,1,0
15556,0,4,1,4,5,0,5,5,4,4,3,3,1,0
15571,0,4,1,4,5,0,4,4,4,4,3,5,0,1
15575,1,4,0,4,4,1,4,4,1,1,5,3,0,1
15583,0,5,1,4,1,1,3,5,1,1,2,5,1,0
15590,1,5,0,4,5,1,5,4,5,5,3,3,1,0
15631,1,5,0,2,4,1,5,4,2,2,5,2,1,0
15646,0,4,0,5,4,1,4,4,4,3,4,4,1,0
15650,0,4,0,4,2,2,3,3,4,4,1,2,0,1
15667,0,3,0,2,3,0,3,4,3,3,3,4,1,0
15670,0,3,1,3,3,1,5,2,5,5,4,2,1,0
15679,1,4,0,4,4,1,3,4,4,4,4,2,0,1
15689,0,5,1,2,2,1,4,5,2,2,1,3,1,0
15704,0,2,0,2,5,0,3,3,3,3,3,3,1,0
15705,0,4,1,4,5,1,5,5,1,1,3,2,0,1
15715,1,5,0,5,5,1,5,4,4,4,5,4,1,0
15722,1,4,0,3,2,1,4,4,4,4,4,4,0,1
15745,0,4,0,4,3,1,4,4,4,4,1,2,1,0
15747,0,2,1,3,3,0,5,5,2,3,5,2,1,0
15756,1,5,0,2,1,2,4,4,5,5,2,2,1,0
15764,0,0,1,1,5,0,4,4,4,4,5,5,1,0
15777,0,5,0,4,2,0,4,3,5,5,4,4,0,1
15803,0,4,1,4,2,1,2,3,3,4,5,3,1,0
15820,1,4,0,4,3,2,4,5,1,1,4,2,1,0
15833,0,4,0,3,3,2,5,5,2,4,5,4,0,1
15835,1,4,0,3,3,2,2,2,3,1,2,4,1,0
15882,1,5,0,5,4,1,2,3,5,5,2,2,1,0
15933,1,4,0,4,1,1,1,4,1,1,1,2,1,0
15943,0,4,0,4,2,2,2,2,4,4,2,2,0,1
15944,1,4,0,4,3,1,4,4,1,1,3,3,0,1
15959,1,4,0,4,3,1,5,4,4,4,3,3,0,1
15969,1,4,0,3,4,1,3,3,3,4,3,4,1,0
15973,1,5,0,4,5,2,1,1,5,5,1,5,1,0
16052,0,4,0,4,1,1,3,3,4,4,3,5,1,0
16058,0,4,1,4,4,1,4,2,2,2,2,3,1,0
16076,1,5,0,5,4,1,4,3,4,4,1,4,1,0
16080,0,4,1,4,4,1,5,5,4,4,4,2,1,0
16087,0,5,1,5,1,1,5,4,5,5,1,1,1,0
16092,0,3,0,2,5,0,2,3,2,2,4,2,1,0
16143,0,0,1,3,3,1,5,4,4,4,3,4,1,0
16146,0,1,0,2,4,0,1,2,2,2,1,3,1,0
16193,1,4,0,5,3,1,4,4,5,5,3,5,1,0
16198,1,4,0,4,3,1,4,4,1,1,4,3,1,0
16199,0,4,0,3,4,0,4,4,2,4,4,4,1,0
16219,1,4,0,3,4,1,1,1,4,1,1,4,1,0
16236,0,4,1,3,5,1,5,1,2,2,3,2,1,0
16244,0,0,1,1,4,0,5,5,3,3,5,4,1,0
16248,1,0,0,5,3,1,2,2,4,3,2,4,1,0
16251,0,4,1,4,5,1,4,4,4,4,3,2,1,0
16259,1,4,0,3,2,1,5,4,3,3,1,2,1,0
16262,1,4,0,4,4,1,3,4,5,5,3,3,1,0
16283,0,5,1,5,4,1,2,4,5,5,1,5,1,0
16293,1,0,0,0,1,1,3,3,4,4,1,1,1,0
16295,0,3,0,2,1,0,2,4,2,2,3,4,1,0
16298,0,4,0,3,1,1,4,4,4,1,4,4,0,1
16333,1,4,0,4,4,1,4,4,4,2,4,4,0,1
16334,1,5,0,3,1,1,3,1,4,4,5,3,1,0
16402,1,4,0,4,3,1,3,4,5,5,1,2,1,0
16403,1,5,0,5,5,1,5,1,5,4,5,5,1,0
16422,0,4,0,3,1,0,4,4,4,3,4,4,1,0
16483,1,4,0,4,2,1,3,4,5,5,3,2,0,1
16486,0,3,0,3,4,0,3,3,4,4,3,4,0,1
16529,1,0,0,1,5,1,5,4,4,4,3,4,1,0
16531,1,4,0,4,3,1,3,4,5,5,4,3,1,0
16532,0,5,0,4,3,0,3,4,5,5,2,4,0,1
16562,0,0,1,2,2,0,3,4,2,2,5,4,1,0
16608,1,4,0,4,4,1,4,3,3,3,5,4,1,0
16619,1,4,0,3,3,2,4,4,5,3,4,4,0,1
16649,1,4,0,4,5,1,4,5,2,2,4,5,1,0
16680,0,0,0,2,2,2,3,3,2,2,1,2,1,0
16684,1,0,0,0,4,1,4,5,5,5,4,5,1,0
16686,0,4,0,4,4,0,1,4,4,4,1,3,1,0
16693,1,0,0,0,3,1,4,5,5,5,3,2,1,0
16695,0,1,0,2,1,0,2,2,1,5,2,2,1,0
16720,0,0,1,1,4,0,5,4,4,4,3,3,1,0
16721,0,1,0,1,2,1,2,1,4,4,3,2,0,1
16732,0,4,1,4,2,1,5,3,4,4,2,5,1,0
16740,0,4,0,4,5,1,4,3,3,3,2,3,1,0
16741,1,0,0,0,1,1,3,2,4,4,4,1,1,0
16795,0,4,0,3,3,0,4,4,3,3,3,4,1,0
16799,1,4,0,4,2,1,2,4,1,1,5,1,1,0
16808,0,4,0,4,4,1,5,5,3,3,5,4,0,1
16809,0,4,0,3,1,0,2,1,3,3,2,1,1,0
16826,0,3,0,3,1,1,4,4,3,3,2,3,1,0
16832,0,4,0,4,4,2,5,3,4,4,2,2,1,0
16843,0,4,0,4,4,1,1,3,4,4,3,3,0,1
16861,1,0,0,0,4,2,3,1,5,5,4,3,1,0
16867,0,3,1,3,3,0,4,5,5,5,5,2,0,1
16870,0,4,0,4,1,1,4,4,5,5,2,4,0,1
16912,0,4,1,4,3,0,4,5,3,3,5,5,0,1
16913,0,4,0,4,2,2,2,4,4,4,5,5,1,0
16914,0,4,0,4,4,1,3,3,4,4,1,4,1,0
16944,0,5,0,4,4,0,4,4,4,1,4,4,1,0
17003,0,5,0,4,3,0,5,5,4,4,5,4,0,1
17021,1,4,0,5,3,1,5,4,4,1,5,2,1,0
17038,0,3,0,4,3,2,5,3,3,3,1,5,1,0
17057,0,4,1,4,4,1,2,5,2,2,4,2,1,0
17060,0,1,0,3,4,0,4,1,4,4,4,4,0,1
17093,0,4,1,4,4,1,5,5,4,4,4,2,1,0
17128,0,4,1,4,3,0,5,4,4,4,5,4,0,1
17141,1,4,0,4,4,1,5,5,1,1,3,2,1,0
17151,0,4,0,2,2,0,4,4,2,4,4,4,1,0
17182,0,4,1,4,2,1,1,4,2,2,2,5,1,0
17201,0,4,1,3,5,0,5,5,1,1,5,4,1,0
17204,1,4,0,5,3,1,5,5,5,3,5,4,1,0
17206,0,4,1,4,3,1,2,2,1,1,2,2,1,0
17225,0,4,1,4,2,1,5,4,2,2,3,2,1,0
17239,0,5,1,5,4,2,5,4,1,1,3,5,1,0
17252,1,4,0,4,2,1,1,1,3,2,1,4,1,0
17279,0,3,0,2,2,0,5,2,2,2,3,5,1,0
17363,0,2,0,2,1,1,4,2,2,2,5,1,1,0
17365,0,4,1,4,4,0,1,4,5,2,1,3,1,0
17374,0,5,1,5,3,2,4,2,4,1,2,5,1,0
17378,0,4,1,5,4,1,5,5,4,4,5,5,0,1
17395,1,4,0,3,2,1,3,3,5,1,3,4,1,0
17405,0,3,0,1,4,0,1,1,3,4,1,2,1,0
17419,0,4,1,4,4,1,3,5,2,2,5,5,1,0
17426,0,3,1,3,4,0,5,4,1,1,4,4,1,0
17478,1,4,0,4,3,1,3,3,4,5,3,4,1,0
17495,0,2,1,2,5,1,5,5,5,5,3,4,1,0
17500,0,2,0,2,3,1,5,4,1,1,4,3,1,0
17536,1,0,0,0,2,0,4,4,3,3,1,2,1,0
17544,1,4,0,4,4,1,4,3,3,3,3,5,1,0
17554,0,4,0,4,4,0,2,3,4,4,4,5,1,0
17573,1,4,0,4,1,2,3,4,4,4,4,5,1,0
17577,0,0,1,0,3,1,3,3,1,1,4,3,1,0
17631,0,2,0,4,1,1,2,2,2,1,2,2,1,0
17638,1,4,0,4,3,0,5,5,3,3,5,2,1,0
17650,0,4,1,4,5,1,5,4,3,3,4,4,0,1
17657,0,4,1,4,4,0,4,5,1,1,3,2,1,0
17663,0,4,1,4,5,0,5,5,3,3,5,2,1,0
17667,1,4,0,4,3,0,5,4,5,5,5,5,1,0
17705,0,3,0,5,3,1,3,3,3,2,3,3,1,0
17754,0,4,0,4,1,1,4,3,2,4,4,4,0,1
17765,1,4,1,5,5,1,4,4,5,5,4,3,0,1
17770,1,4,0,4,5,1,5,4,3,3,4,2,1,0
17788,0,4,1,4,4,1,5,3,3,3,1,5,1,0
17804,0,5,0,4,3,0,4,2,4,4,4,1,1,0
17820,1,4,0,3,5,1,5,4,4,4,5,3,1,0
17830,1,4,0,4,5,1,1,1,4,1,1,4,1,0
17840,1,0,0,3,1,1,2,2,3,2,2,0,1,0
17850,0,4,0,3,4,1,4,4,3,3,4,4,1,0
17860,1,4,0,3,3,1,5,5,2,3,5,4,0,1
17867,1,4,0,0,3,1,5,4,4,2,5,2,1,0
17882,1,5,0,5,4,1,5,5,4,4,2,3,1,0
17890,0,0,1,1,1,1,2,5,5,5,1,5,1,0
17900,0,4,0,3,1,2,3,3,4,4,4,1,0,1
17901,0,4,0,3,3,0,5,4,3,3,2,3,1,0
17936,0,2,0,1,3,1,2,2,2,2,2,2,1,0
17951,0,4,0,3,1,0,4,4,3,1,4,4,1,0
17959,1,4,0,4,4,1,5,5,5,5,5,4,1,0
17984,1,4,0,3,5,1,4,4,5,5,4,4,1,0
17987,0,4,0,4,2,1,3,3,4,4,2,1,1,0
18058,1,4,0,4,5,1,5,5,3,3,3,2,1,0
18059,0,4,1,4,3,1,4,4,3,3,3,3,1,0
18078,0,3,1,3,5,0,4,4,4,4,4,3,1,0
18082,0,5,1,5,1,2,2,3,2,2,5,1,1,0
18092,0,4,1,4,3,0,4,4,3,3,3,3,0,1
18107,1,4,0,4,3,2,5,4,3,3,3,5,0,1
18131,1,4,0,4,3,1,3,3,3,2,3,4,1,0
18137,0,4,1,3,2,1,4,1,5,5,3,1,1,0
18147,1,4,0,4,5,1,4,5,1,1,4,5,1,0
18163,0,3,0,3,3,1,2,1,3,3,1,2,1,0
18194,0,4,1,4,3,0,5,5,1,1,3,3,1,0
18217,0,4,1,4,5,1,2,3,4,4,4,5,1,0
18226,0,3,0,3,2,0,3,2,3,3,2,1,1,0
18229,0,4,0,2,2,0,3,3,3,2,3,3,1,0
18236,0,4,0,1,2,0,3,3,3,3,3,3,1,0
18258,1,4,0,4,5,1,5,4,1,1,5,5,1,0
18273,0,4,1,5,3,0,2,4,4,4,1,5,1,0
18284,1,4,0,4,4,1,1,5,4,4,1,5,0,1
18289,0,4,1,4,1,1,3,4,3,5,3,2,1,0
18290,0,4,0,3,1,0,3,3,3,4,3,4,1,0
18305,0,3,0,4,3,1,4,4,4,1,4,3,1,0
18315,0,4,0,4,4,0,3,4,4,4,3,5,1,0
18327,0,5,1,3,3,1,3,4,3,3,2,5,1,0
18337,0,4,0,4,3,1,2,2,4,4,4,2,0,1
18348,0,4,0,4,4,1,4,4,4,4,3,3,0,1
18355,1,4,0,4,3,1,5,4,5,5,4,5,0,1
18364,0,5,0,4,4,0,4,4,4,2,4,4,1,0
18368,1,4,0,5,4,1,4,4,4,3,4,4,1,0
18369,1,0,0,0,4,1,5,5,3,1,3,2,1,0
18379,1,0,0,0,5,1,4,4,3,3,5,2,1,0
18402,0,0,1,0,5,0,3,2,4,4,4,3,1,0
18443,1,0,0,4,4,0,3,3,5,4,3,0,1,0
18470,0,4,1,4,3,0,5,4,2,2,4,5,0,1
18516,1,4,0,4,4,1,5,5,4,4,5,4,0,1
18578,0,2,1,2,5,1,5,2,2,2,4,3,1,0
18599,0,5,1,2,1,0,4,4,1,5,4,5,1,0
18627,1,4,0,4,5,1,4,4,4,4,3,4,1,0
18629,0,4,0,1,1,0,4,3,3,3,4,4,1,0
18649,0,4,0,4,2,1,3,3,5,5,3,1,0,1
18672,0,4,1,4,3,1,4,3,3,3,5,2,1,0
18686,1,4,0,4,5,1,1,2,4,4,3,1,1,0
18697,0,0,1,0,1,1,4,3,4,4,3,2,1,0
18749,0,2,0,2,5,0,3,4,2,2,4,5,1,0
18785,0,4,1,4,5,0,4,5,5,5,4,3,0,1
18795,0,2,0,4,3,0,2,2,4,3,2,2,0,1
18808,0,4,1,3,5,0,5,4,2,3,5,4,0,1
18816,0,4,1,4,4,1,3,2,3,3,5,5,1,0
18817,1,4,0,4,4,1,2,2,2,2,4,1,1,0
18821,1,4,0,4,5,1,5,4,2,2,3,2,1,0
18822,0,3,0,3,2,0,4,4,3,1,4,4,1,0
18842,0,4,0,1,4,1,4,4,2,4,4,4,0,1
18844,0,3,0,2,1,2,4,5,3,3,5,1,1,0
18862,0,4,1,4,5,0,5,5,4,4,5,4,0,1
18870,0,4,0,4,3,2,3,4,1,4,4,4,0,1
18888,0,2,0,2,1,2,2,5,2,2,3,2,1,0
18919,0,0,1,4,5,1,4,5,4,4,5,5,1,0
18940,0,1,0,3,5,0,1,1,4,4,1,2,1,0
18943,0,4,1,4,3,0,4,5,2,3,3,3,0,1
18961,0,0,1,0,2,1,5,4,4,4,5,4,1,0
18980,0,4,0,4,3,1,4,4,3,4,4,4,0,1
18988,1,5,0,5,4,1,4,1,2,2,3,3,1,0
18995,0,2,0,2,4,2,2,1,2,2,2,3,1,0
19019,0,4,0,4,4,2,1,3,4,4,1,2,1,0
19031,0,4,1,4,4,0,4,5,2,2,4,4,0,1
19043,0,4,0,4,4,0,2,1,4,4,1,1,0,1
19044,1,4,0,4,4,1,5,4,2,2,3,2,1,0
19120,0,2,1,2,4,1,5,4,1,5,5,4,1,0
19127,0,2,0,5,3,1,2,2,5,5,2,2,1,0
19151,0,4,1,4,3,1,4,4,2,3,4,3,1,0
19163,0,4,1,4,5,0,4,1,1,1,1,3,1,0
19178,0,4,1,4,5,0,5,4,2,2,4,4,0,1
19202,0,2,1,2,1,1,5,4,5,3,4,3,1,0
19220,1,5,0,2,2,1,1,1,3,4,1,0,1,0
19229,0,3,0,3,5,1,4,3,3,3,3,3,1,0
19237,0,4,0,4,4,1,3,2,4,4,2,2,0,1
19259,0,4,1,4,4,1,4,4,4,4,5,5,1,0
19290,0,2,0,1,1,1,2,2,3,2,2,2,1,0
19311,1,4,0,4,5,1,4,3,3,3,5,5,1,0
19324,0,3,0,3,4,1,3,5,3,3,4,2,1,0
19338,0,4,1,4,4,0,4,3,5,5,3,5,0,1
19361,0,5,1,4,2,1,3,2,5,3,3,2,1,0
19379,0,3,1,3,2,1,1,3,3,3,4,4,1,0
19406,0,3,1,3,5,1,4,2,3,3,5,4,1,0
19427,0,1,0,3,4,0,2,1,3,3,3,1,1,0
19438,0,4,0,4,4,0,4,4,3,3,5,4,1,0
19469,1,0,0,0,4,2,4,4,5,2,3,5,1,0
19487,1,5,0,5,2,2,3,3,2,1,2,2,1,0
19498,1,4,0,4,3,1,4,4,3,3,4,5,0,1
19518,1,4,0,4,4,1,4,4,3,3,5,3,1,0
19528,0,3,0,3,3,1,1,1,3,3,3,1,0,1
19529,1,0,0,0,4,2,4,3,1,1,5,2,1,0
19539,0,5,0,4,1,2,4,4,5,5,2,2,0,1
19573,1,4,0,4,3,1,2,2,4,3,2,4,1,0
19578,0,4,1,4,3,0,4,5,4,4,3,3,0,1
19593,1,4,0,3,3,1,5,2,1,1,5,3,1,0
19607,0,4,0,4,3,1,3,4,4,4,1,1,1,0
19625,1,5,0,5,4,1,4,5,5,5,3,2,1,0
19628,0,2,1,2,4,2,4,3,2,2,4,4,1,0
19631,0,4,0,3,3,0,4,4,3,2,4,4,1,0
19688,0,0,1,0,2,1,1,3,5,5,5,4,1,0
19728,0,4,1,4,4,0,4,4,2,2,5,2,0,1
19743,0,2,0,3,3,1,2,2,5,4,2,2,1,0
19781,0,4,1,4,4,0,4,5,1,1,5,3,0,1
19786,0,0,0,0,2,2,2,4,2,2,2,1,1,0
19788,0,4,1,4,5,0,4,4,3,3,3,4,0,1
19802,1,4,0,4,2,1,4,4,3,3,4,4,1,0
19819,1,4,0,2,4,0,3,3,3,2,3,5,1,0
19827,0,0,1,0,3,2,5,2,5,5,3,1,1,0
19837,0,4,0,4,4,1,4,3,4,4,1,2,0,1
19853,0,4,1,4,5,0,5,5,3,3,5,5,0,1
19875,1,4,0,4,3,1,2,3,3,3,4,1,0,1
19898,0,4,0,4,2,0,3,2,4,4,4,1,0,1
19913,1,4,0,4,5,1,4,4,5,5,4,3,1,0
19919,0,4,1,3,5,1,5,5,4,4,4,3,1,0
19941,1,5,0,5,1,1,4,4,1,1,2,4,1,0
19963,0,4,0,4,3,0,5,4,4,4,2,1,1,0
19995,0,3,0,3,5,1,3,4,3,3,1,5,1,0
20051,0,3,0,3,3,0,4,4,3,3,4,4,1,0
20052,1,4,0,4,3,1,5,5,5,5,3,5,1,0
20064,1,4,0,1,3,1,3,3,5,5,1,4,1,0
20069,0,4,0,5,2,0,3,3,3,3,1,2,1,0
20084,1,4,0,4,4,1,1,1,4,2,1,4,0,1
20133,0,3,0,3,1,2,4,2,3,3,5,3,1,0
20165,0,4,0,4,4,1,4,3,4,4,2,4,0,1
20207,0,0,0,0,4,2,5,4,1,1,1,4,1,0
20245,1,0,0,4,3,0,1,1,3,1,1,0,1,0
20248,0,3,0,3,4,0,4,4,3,3,3,5,0,1
20249,0,4,1,4,3,0,5,5,4,4,4,4,0,1
20250,0,4,1,4,3,1,5,2,4,4,4,4,1,0
20267,0,5,0,4,4,0,4,4,3,1,4,4,1,0
20271,0,4,1,4,5,0,5,5,4,4,5,5,0,1
20289,1,4,0,5,5,1,5,5,5,5,4,2,0,1
20359,0,5,1,5,2,1,1,1,4,4,5,1,1,0
20372,1,4,0,4,4,1,4,5,5,5,4,2,1,0
20390,1,5,0,5,1,1,4,5,4,4,3,5,1,0
20407,0,3,1,3,5,0,4,4,4,4,3,3,1,0
20410,0,0,1,0,5,1,4,3,1,1,2,1,1,0
20431,0,4,1,4,5,0,5,4,3,3,4,2,1,0
20443,0,4,0,4,4,0,4,4,4,4,2,5,0,1
20449,0,4,1,4,4,1,5,4,5,5,5,3,1,0
20456,1,4,0,4,1,1,4,3,1,1,3,3,0,1
20459,0,2,0,4,3,0,2,2,4,3,2,2,0,1
20474,0,4,0,4,1,1,4,4,4,4,5,3,1,0
20493,0,4,1,3,5,1,1,1,5,5,3,3,1,0
20521,1,4,0,5,5,1,5,5,4,5,5,4,1,0
20574,1,4,0,4,4,1,2,2,5,3,2,4,1,0
20577,0,4,1,4,4,0,4,4,3,3,5,2,0,1
20578,0,1,0,3,3,0,5,1,4,3,5,0,0,1
20587,0,4,1,4,5,1,4,2,3,3,3,3,1,0
20596,0,4,0,4,3,1,4,3,5,5,2,5,0,1
20608,0,2,0,3,1,0,3,3,3,3,1,4,1,0
20618,0,4,1,4,4,0,4,3,2,2,3,2,0,1
20647,1,4,0,5,3,1,4,5,3,3,4,3,1,0
20653,1,4,0,4,3,2,4,4,3,3,3,4,1,0
20656,0,4,1,3,1,1,4,4,5,5,2,1,1,0
20669,0,4,1,4,3,0,5,4,4,3,5,5,0,1
20716,0,4,0,4,4,0,1,3,4,4,4,4,1,0
20771,0,4,1,4,4,1,5,5,5,5,3,2,1,0
20795,0,4,0,4,2,1,2,3,4,4,1,3,0,1
20818,0,4,1,4,4,0,4,4,5,5,5,2,0,1
20820,1,5,0,5,4,1,2,5,5,5,4,5,1,0
20824,0,3,0,4,4,0,3,3,4,4,3,2,1,0
20840,0,4,1,5,4,0,5,4,5,5,4,3,1,0
20862,1,4,0,4,3,1,3,5,2,2,4,5,1,0
20895,0,5,0,4,3,2,3,4,5,5,1,2,0,1
20963,1,4,0,4,3,1,5,5,5,5,4,4,1,0
20970,1,4,0,4,3,1,1,1,4,4,1,5,1,0
20991,0,3,0,3,1,1,3,3,5,3,3,3,1,0
20994,0,4,0,2,1,1,3,3,1,3,3,4,1,0
21010,1,0,1,0,5,1,5,5,4,4,5,4,1,0
21012,1,4,0,0,5,1,1,4,3,3,5,5,1,0
21013,0,4,0,4,4,1,2,2,4,4,4,3,0,1
21039,0,4,0,4,4,0,2,4,4,4,1,4,0,1
21051,0,4,0,3,1,1,4,4,2,3,4,4,1,0
21083,1,4,0,0,4,1,4,5,4,4,1,5,1,0
21090,0,4,1,4,5,0,5,5,3,3,4,5,0,1
21094,0,4,0,3,2,0,4,4,2,1,4,5,1,0
21138,0,4,0,2,2,2,4,4,3,3,4,4,1,0
21153,0,5,1,4,3,1,5,4,1,1,3,5,1,0
21155,0,4,1,4,5,0,4,4,2,2,3,3,0,1
21163,1,4,0,4,5,1,4,5,5,5,3,5,1,0
21168,0,4,1,4,4,0,5,5,4,4,3,5,0,1
21188,0,4,0,2,1,0,4,4,3,2,4,4,0,1
21191,0,2,0,2,3,0,2,2,3,2,2,2,1,0
21195,0,4,0,4,4,0,4,4,3,3,3,3,1,0
21217,1,4,0,4,5,1,4,5,2,1,1,1,0,1
21235,0,0,1,0,4,1,1,1,3,3,4,4,1,0
21243,1,0,0,0,4,1,5,4,4,4,4,3,1,0
21259,0,0,0,0,3,1,4,3,1,1,3,4,1,0
21260,0,4,1,4,3,1,4,4,5,5,2,2,1,0
21262,0,4,1,4,5,1,5,2,3,3,2,5,0,1
21290,0,4,1,4,3,1,5,4,1,1,5,5,1,0
21299,0,4,1,4,5,0,5,5,1,1,3,5,0,1
21330,1,5,0,4,3,1,1,1,2,3,1,5,1,0
21345,1,4,0,4,1,1,4,4,5,3,2,4,0,1
21377,0,1,0,1,1,0,4,3,1,1,4,4,1,0
21394,0,4,1,4,2,1,2,3,4,4,3,4,1,0
21425,0,4,1,4,5,0,4,5,5,5,5,5,0,1
21441,0,3,0,5,5,0,3,3,3,1,3,4,1,0
21463,1,4,0,4,4,1,5,4,1,1,5,2,0,1
21517,0,4,1,4,3,1,2,2,4,3,2,1,1,0
21519,1,4,0,4,4,1,4,4,2,2,4,2,1,0
21535,0,0,0,4,3,0,1,1,4,4,1,1,1,0
21544,0,3,0,3,4,2,4,2,3,3,1,2,1,0
21545,0,4,0,4,4,1,2,2,4,4,3,5,0,1
21553,1,4,0,4,4,1,2,2,4,4,2,5,1,0
21554,0,2,0,2,5,1,3,1,2,2,1,5,1,0
21583,1,4,0,4,3,1,4,4,5,5,4,3,1,0
21605,1,5,0,5,3,0,5,4,4,4,4,3,1,0
21614,1,5,0,3,4,1,5,4,5,5,3,2,1,0
21637,1,0,0,0,5,2,4,5,3,3,4,5,1,0
21660,0,3,0,4,4,0,3,3,4,3,3,2,1,0
21662,0,5,0,3,3,0,4,4,2,1,4,4,1,0
21669,1,0,0,0,5,2,3,4,4,4,2,3,1,0
21674,1,4,0,4,5,1,3,2,3,3,4,5,1,0
21704,0,0,0,4,1,2,3,1,1,1,2,1,1,0
21721,0,4,1,4,4,0,5,5,2,4,5,2,1,0
21724,0,2,0,2,2,1,3,2,2,2,2,3,1,0
21735,0,3,0,2,5,0,4,3,4,2,4,4,1,0
21737,0,4,0,4,3,1,4,4,4,4,2,3,1,0
21762,0,2,1,2,4,0,1,4,1,5,4,1,1,0
21766,0,0,0,0,1,1,4,5,1,1,3,5,1,0
21767,0,3,0,4,2,1,1,3,3,3,4,2,1,0
21772,0,3,0,4,1,2,5,4,3,3,5,2,1,0
21773,0,0,1,1,1,0,3,5,1,1,2,4,1,0
21792,0,4,0,4,4,0,4,2,4,4,2,5,0,1
21802,0,4,0,3,1,2,3,4,4,4,1,4,0,1
21826,1,4,0,4,3,1,5,3,2,2,3,2,1,0
21853,1,4,0,4,3,2,4,4,4,4,4,3,1,0
21856,1,4,0,5,5,0,2,2,4,5,2,4,1,0
21859,1,4,0,4,5,1,5,4,2,2,3,4,1,0
21860,0,4,1,3,5,1,5,5,2,5,3,3,0,1
21864,0,0,1,0,4,1,4,4,3,3,3,4,1,0
21876,0,5,1,0,2,1,2,3,5,5,3,2,1,0
21896,0,0,1,0,4,1,3,3,4,4,4,3,1,0
21900,1,4,0,5,5,0,3,3,5,3,3,4,1,0
21912,1,4,0,4,3,1,3,3,5,5,2,5,1,0
21921,1,4,0,4,4,1,3,3,4,3,3,4,1,0
21958,1,4,0,3,5,1,3,3,3,1,3,4,1,0
21960,1,5,0,1,1,1,1,1,5,5,4,4,1,0
22038,1,0,0,0,2,2,1,1,1,1,5,5,1,0
22040,0,4,0,4,2,2,4,2,2,4,1,1,0,1
22047,1,4,0,0,1,1,3,4,4,5,2,4,1,0
22061,1,0,0,0,5,1,4,5,2,2,5,2,1,0
22089,1,4,0,4,3,1,5,5,1,1,5,5,1,0
22092,1,4,0,4,3,1,3,3,2,2,3,4,0,1
22110,1,4,0,5,3,0,4,5,5,5,4,0,1,0
22122,0,4,1,4,5,2,1,1,4,4,4,5,1,0
22217,0,2,0,4,3,0,2,2,4,3,2,2,0,1
22265,0,4,1,3,3,0,4,5,3,3,4,2,0,1
22277,1,5,0,5,5,1,5,5,3,3,3,4,1,0
22320,1,5,0,4,2,2,1,1,4,3,1,5,1,0
22334,0,4,1,4,4,0,4,4,2,2,4,3,1,0
22352,1,4,0,4,2,1,1,3,1,1,4,4,1,0
22389,0,4,1,4,2,1,4,1,3,3,5,3,1,0
22398,0,4,1,4,5,1,4,3,5,5,4,2,1,0
22404,0,3,0,3,2,0,3,3,2,2,3,3,1,0
22429,0,4,0,2,4,0,4,4,1,4,4,4,0,1
22451,0,0,0,0,1,1,4,3,4,4,4,5,1,0
22456,0,4,1,4,4,0,4,5,5,5,5,2,1,0
22467,1,4,0,5,2,1,1,1,3,5,1,4,1,0
22479,0,4,0,2,3,0,4,4,2,1,4,4,1,0
22487,1,4,0,4,5,1,4,5,1,2,4,2,1,0
22520,0,3,0,3,1,1,5,4,3,3,2,4,1,0
22531,0,3,1,4,3,1,5,1,3,3,3,3,0,1
22532,1,0,0,0,2,1,4,4,2,2,1,2,1,0
22544,0,3,1,2,3,1,5,4,5,5,4,4,1,0
22560,0,5,1,0,3,1,1,1,4,4,5,4,1,0
22614,1,5,0,5,4,2,4,1,4,4,2,4,1,0
22629,0,2,0,2,3,1,2,2,2,2,3,5,1,0
22647,0,4,1,4,5,0,4,5,2,2,5,3,0,1
22648,1,4,0,4,1,1,5,5,4,4,5,4,1,0
22667,0,4,0,4,3,0,4,3,4,4,3,2,1,0
22670,0,3,0,4,3,0,4,4,3,3,3,4,1,0
22677,0,4,1,4,4,1,3,3,4,5,1,5,1,0
22715,0,0,0,0,2,1,4,1,1,1,1,4,1,0
22724,0,4,1,3,5,1,4,5,2,2,4,5,1,0
22728,0,2,0,2,1,1,5,3,1,1,2,1,1,0
22745,0,4,1,4,5,0,5,4,5,5,3,5,0,1
22770,1,4,0,4,5,1,5,4,5,2,4,2,1,0
22779,0,0,1,0,4,0,5,5,4,4,2,5,1,0
22799,1,4,0,4,3,1,1,2,3,3,4,1,1,0
22807,1,4,0,4,2,1,4,3,1,1,4,5,1,0
22819,1,4,0,4,3,2,5,4,3,3,3,5,0,1
22848,1,4,0,4,4,1,1,1,4,5,1,4,1,0
22869,0,4,1,4,5,0,5,5,4,4,4,5,1,0
22886,0,4,0,1,4,0,4,4,3,1,4,4,0,1
22887,0,4,1,4,5,1,4,4,5,5,3,3,1,0
22966,0,4,1,4,5,1,1,1,2,4,2,3,0,1
22972,1,4,0,1,4,1,2,2,3,3,2,4,1,0
22975,1,0,0,0,2,1,4,3,3,3,4,1,1,0
22992,0,4,1,4,5,1,1,3,5,5,1,2,1,0
22993,0,4,0,4,4,0,1,2,4,4,2,3,1,0
23012,1,5,0,5,5,1,3,3,5,5,3,3,1,0
23024,0,4,1,4,3,0,3,5,3,3,5,5,0,1
23025,1,0,0,0,4,2,4,5,1,1,5,2,1,0
23028,1,4,1,4,5,1,5,5,4,4,5,4,1,0
23086,1,4,0,4,2,1,4,2,1,1,3,3,0,1
23109,0,5,0,4,1,0,3,5,4,4,1,2,1,0
23114,0,2,0,1,3,0,3,3,1,5,3,3,1,0
23123,0,3,0,4,4,0,3,3,4,4,3,2,1,0
23125,0,4,1,4,3,0,4,4,2,2,5,5,0,1
23146,0,0,1,0,5,1,4,4,5,4,2,1,1,0
23150,1,5,0,5,2,1,1,3,1,1,3,2,1,0
23161,0,4,0,1,3,1,4,4,3,3,4,4,1,0
23171,0,5,1,5,1,0,5,5,4,4,2,1,1,0
23216,1,4,0,4,4,1,2,3,3,3,5,4,0,1
23238,1,0,0,0,4,1,5,4,3,3,5,2,1,0
23241,1,4,0,4,5,1,5,4,5,4,3,4,0,1
23252,0,4,0,3,2,1,3,3,4,4,4,5,0,1
23260,1,0,0,5,5,1,2,2,5,5,2,0,1,0
23267,0,5,0,4,4,0,3,3,4,4,1,5,1,0
23276,0,2,1,2,4,0,5,4,2,2,3,3,1,0
23301,1,4,0,3,2,1,4,3,4,3,4,4,0,1
23313,0,4,0,5,2,2,4,4,4,1,4,4,1,0
23314,0,5,0,4,2,1,3,4,5,5,2,4,0,1
23324,1,4,0,4,4,1,2,4,5,5,1,5,0,1
23327,0,3,0,1,1,0,3,3,2,3,3,3,1,0
23335,1,4,0,4,1,1,5,5,2,2,4,5,1,0
23342,0,5,1,5,2,1,1,1,5,5,5,3,1,0
23347,0,4,0,4,2,0,3,5,4,4,1,4,1,0
23360,0,2,0,3,3,0,3,4,3,3,3,4,1,0
23367,1,4,0,4,2,1,3,4,2,1,4,3,1,0
23368,0,0,1,0,4,1,2,5,3,3,1,5,1,0
23373,1,0,0,0,3,1,5,4,3,3,3,2,1,0
23376,0,4,1,4,4,0,5,4,5,5,3,2,0,1
23378,0,4,0,4,2,1,4,3,4,4,2,2,1,0
23390,1,5,0,5,5,2,1,2,3,3,2,5,1,0
23403,0,4,0,4,4,1,3,4,4,4,5,5,1,0
23404,0,0,0,5,4,0,3,1,4,3,3,3,1,0
23428,0,4,0,2,5,0,4,3,2,1,4,4,1,0
23459,0,4,1,5,4,0,3,4,4,4,2,4,0,1
23470,1,0,0,4,5,1,3,3,2,2,3,0,1,0
23472,1,4,0,4,3,1,5,4,4,4,5,4,0,1
23508,0,4,1,4,4,0,5,4,1,1,4,5,0,1
23574,0,2,0,4,3,0,2,2,4,3,2,2,0,1
23603,1,4,0,3,2,1,3,3,3,1,3,4,1,0
23620,0,4,1,4,4,1,5,4,2,2,4,2,0,1
23626,1,4,0,4,3,1,4,5,5,5,5,3,1,0
23629,0,5,0,4,2,1,4,3,5,5,1,1,0,1
23633,0,3,0,2,2,1,3,3,3,1,3,3,1,0
23638,1,5,0,4,4,2,4,4,4,4,5,2,1,0
23653,1,4,0,4,4,2,4,5,2,2,4,3,0,1
23660,0,4,1,5,4,1,4,4,4,4,4,2,0,1
23663,0,4,1,4,3,1,3,1,2,2,2,1,1,0
23668,0,2,0,2,3,2,3,1,2,2,3,1,1,0
23672,0,2,0,4,3,0,3,4,2,4,3,4,0,1
23677,0,4,0,4,1,1,2,2,4,4,4,3,0,1
23694,0,2,0,1,1,0,4,4,2,2,4,5,1,0
23700,1,4,0,3,5,1,4,4,3,3,3,3,1,0
23705,0,5,0,3,4,1,4,4,4,4,4,5,1,0
23713,1,5,0,1,4,0,1,1,2,4,1,5,1,0
23723,1,4,0,4,3,1,4,5,5,5,4,4,1,0
23752,0,4,0,4,5,1,3,3,4,4,1,3,1,0
23757,1,4,0,4,3,1,1,1,5,5,1,4,1,0
23758,0,4,1,4,5,1,4,5,1,1,5,1,1,0
23759,0,0,0,5,1,2,3,3,5,3,3,5,1,0
23767,0,0,1,0,4,1,1,4,3,3,2,1,1,0
23768,0,3,1,1,2,1,4,5,2,2,2,3,0,1
23780,0,0,0,0,4,2,2,4,1,1,5,1,1,0
23807,1,4,0,4,4,1,3,3,3,4,3,4,1,0
23811,0,4,0,4,3,1,3,3,4,4,1,2,1,0
23831,0,0,0,0,2,2,4,5,1,1,1,1,1,0
23857,0,2,0,1,4,1,2,2,1,4,2,2,0,1
23865,1,4,0,4,1,1,5,1,1,3,4,2,0,1
23876,0,0,1,0,4,1,4,5,1,1,1,4,1,0
23880,1,4,0,4,5,1,4,5,4,4,4,4,1,0
23915,0,4,0,4,1,1,1,1,4,4,4,2,0,1
23949,0,1,1,0,3,0,5,4,5,5,4,3,0,1
23951,0,4,1,4,3,1,5,2,2,2,2,3,0,1
23959,0,4,0,4,2,1,4,3,5,5,2,2,0,1
23981,0,4,0,5,3,0,4,3,4,4,3,5,1,0
23995,0,2,0,2,1,0,1,5,2,2,2,5,1,0
24012,1,4,0,4,4,2,4,5,3,3,2,2,1,0
24059,0,4,1,3,4,0,5,5,2,4,5,2,1,0
24087,0,3,0,5,2,1,3,3,2,4,3,3,1,0
24095,0,5,1,4,3,1,5,4,1,5,4,5,1,0
24104,0,2,1,2,5,0,5,4,3,4,5,4,1,0
24115,0,5,0,4,4,1,3,4,4,5,3,5,0,1
24166,1,4,0,5,3,2,5,5,4,3,5,4,1,0
24182,0,3,0,4,2,1,3,5,3,3,4,2,1,0
24240,0,3,0,4,4,0,4,4,4,4,1,1,1,0
24247,0,4,1,4,1,1,4,3,2,2,3,4,1,0
24249,1,0,0,4,4,1,5,5,5,3,5,0,1,0
24289,1,4,0,5,1,0,5,3,3,4,5,4,1,0
24290,1,4,0,4,4,1,4,4,1,1,4,4,1,0
24291,1,4,0,0,4,1,2,3,2,2,4,1,1,0
24294,0,3,0,4,4,1,3,3,5,4,3,3,1,0
24301,0,3,1,3,5,0,4,5,4,4,3,3,1,0
24319,1,4,0,5,1,1,5,4,3,3,5,2,1,0
24321,0,3,0,3,5,2,4,4,3,3,1,5,1,0
24325,1,4,0,4,2,1,4,2,5,5,4,4,1,0
24332,1,4,0,3,3,1,3,3,4,1,3,4,1,0
24336,0,4,1,3,1,1,3,1,4,4,2,3,1,0
24351,0,4,0,4,2,0,2,3,4,4,1,5,0,1
24358,0,4,0,2,1,0,4,4,1,3,4,4,0,1
24381,0,4,1,4,4,1,3,5,5,5,4,5,1,0
24391,1,4,0,4,3,1,4,5,5,5,5,3,1,0
24405,0,4,1,4,1,1,1,1,2,2,3,1,1,0
24423,0,0,1,0,2,1,4,5,5,5,1,2,1,0
24444,1,0,0,4,3,1,2,2,5,4,2,0,1,0
24448,0,4,1,4,4,0,5,4,4,4,4,4,0,1
24460,1,4,0,4,3,1,4,3,4,4,1,2,1,0
24467,0,4,1,4,5,0,4,5,2,2,4,4,0,1
24496,1,0,0,0,3,1,4,4,1,1,3,5,1,0
24503,1,4,0,4,3,1,5,4,1,1,3,5,1,0
24509,1,4,0,4,5,1,4,3,1,1,4,2,0,1
24510,1,0,0,5,4,0,5,2,5,3,5,0,1,0
24514,0,4,0,4,1,1,3,3,4,4,1,1,1,0
24522,1,5,0,2,2,1,1,1,5,5,1,0,1,0
24554,1,4,0,5,1,1,4,4,5,5,1,3,0,1
24573,1,4,0,4,4,1,3,4,3,3,4,2,1,0
24620,0,3,0,3,3,2,3,1,3,3,2,3,1,0
24624,1,5,0,2,2,1,4,4,2,2,5,4,1,0
24635,0,4,1,4,2,1,5,3,3,3,2,4,1,0
24652,0,4,0,2,1,0,3,3,1,3,3,3,1,0
24656,0,4,0,3,3,2,4,4,3,1,4,4,1,0
24701,1,5,0,4,2,0,2,2,2,2,2,5,1,0
24720,0,4,0,4,4,0,2,4,4,4,1,5,1,0
24721,0,3,1,4,3,1,4,4,4,4,5,5,0,1
24751,0,3,0,4,3,1,3,3,4,2,3,3,1,0
24754,0,4,0,4,3,1,4,4,3,1,4,4,1,0
24759,0,4,0,4,3,1,4,2,4,4,1,1,1,0
24773,0,4,0,4,2,1,4,3,4,4,4,1,1,0
24775,0,2,0,3,2,0,1,1,4,1,1,2,1,0
24840,1,5,0,4,4,2,2,3,4,2,3,1,1,0
24841,0,4,0,4,4,1,2,1,4,4,1,3,0,1
24902,1,4,0,3,4,1,4,4,4,4,4,4,1,0
24926,1,4,0,4,3,1,3,3,2,2,2,4,0,1
24958,1,4,0,4,5,1,4,5,4,4,5,5,1,0
25046,0,2,1,2,5,1,1,3,3,3,1,1,1,0
25055,0,3,0,4,3,2,3,3,2,4,3,3,1,0
25065,0,3,0,4,4,0,2,2,3,2,2,2,1,0
25066,0,4,0,4,4,0,4,4,4,4,4,5,0,1
25100,0,3,0,1,5,0,3,3,3,3,3,3,1,0
25107,0,4,1,4,5,1,1,5,2,5,5,5,0,1
25112,0,2,0,2,3,1,5,2,2,2,1,2,1,0
25157,0,4,1,4,2,1,4,5,4,4,4,3,1,0
25162,1,5,0,5,4,1,3,4,3,3,2,3,1,0
25194,0,1,0,2,5,0,2,2,2,3,2,2,1,0
25196,0,5,0,2,3,0,5,5,2,3,5,4,0,1
25218,0,4,1,4,4,0,5,5,4,4,3,5,0,1
25237,0,5,0,5,5,0,1,4,5,5,5,3,0,1
25241,1,4,0,4,4,1,3,3,4,3,3,4,1,0
25253,0,4,0,4,4,1,4,4,4,4,3,1,1,0
25255,0,4,1,3,2,1,2,2,2,2,3,1,1,0
25256,0,4,0,4,4,0,3,3,4,4,3,4,0,1
25257,1,0,0,2,3,1,1,1,3,2,1,0,1,0
25261,1,4,0,4,2,1,4,3,3,3,4,1,1,0
25287,0,2,1,2,4,0,5,4,2,5,5,5,1,0
25308,0,4,0,4,4,0,4,4,4,3,4,4,0,1
25310,1,4,0,4,1,1,1,3,1,1,5,5,1,0
25328,1,4,0,3,5,1,5,4,2,2,3,4,1,0
25338,0,4,0,4,3,1,2,2,5,5,1,3,0,1
25339,0,4,0,4,2,1,4,4,4,4,4,4,0,1
25361,0,0,0,1,2,0,1,3,1,1,3,1,1,0
25370,0,4,1,4,3,0,5,4,5,5,5,4,1,0
25426,0,4,1,4,2,1,5,2,4,4,2,5,1,0
25433,0,4,0,4,1,1,3,3,4,4,3,3,1,0
25441,0,4,1,3,4,0,4,5,4,3,4,4,1,0
25483,0,4,1,4,4,1,4,3,2,2,4,4,0,1
25486,0,4,1,4,4,1,5,4,5,5,4,5,0,1
25501,1,4,0,4,4,1,4,4,2,2,2,3,1,0
25550,1,0,0,4,5,1,5,5,1,3,5,0,1,0
25551,0,4,0,4,2,1,3,4,4,4,1,5,1,0
25559,1,4,0,4,2,1,1,4,2,2,1,2,1,0
25561,1,0,0,0,5,1,5,4,2,2,4,3,1,0
25571,0,4,1,4,4,0,4,4,5,1,3,5,1,0
25574,1,4,0,4,4,1,3,5,4,4,4,4,1,0
25617,0,0,1,0,2,0,2,5,1,1,5,4,1,0
25638,0,2,0,2,2,1,4,5,2,2,3,3,1,0
25667,0,4,1,4,4,0,4,4,1,1,5,3,0,1
25671,0,4,1,4,5,1,2,4,2,2,5,2,1,0
25694,0,0,0,0,5,2,3,2,1,1,5,4,1,0
25707,1,4,0,4,5,1,5,5,1,1,5,5,1,0
25721,0,4,0,4,5,1,4,4,3,3,4,1,1,0
25727,0,4,1,4,4,1,3,4,5,5,4,2,1,0
25738,0,4,1,5,1,1,3,2,3,5,2,2,1,0
25740,1,4,0,3,3,1,4,4,3,1,4,3,1,0
25758,0,4,0,4,4,1,1,4,4,4,5,4,1,0
25764,0,4,0,2,1,1,4,4,4,3,4,4,0,1
25769,0,2,0,4,4,0,2,3,4,4,1,2,1,0
25780,0,4,1,4,5,0,2,4,4,4,3,3,1,0
25807,0,0,1,0,3,1,4,4,1,1,4,3,1,0
25835,1,5,0,3,4,2,3,3,4,4,3,5,1,0
25869,1,4,0,4,5,1,5,4,1,1,5,3,1,0
25873,0,2,0,4,3,0,3,3,3,3,4,5,1,0
25885,0,2,0,4,4,0,2,2,4,4,2,2,1,0
25906,0,4,1,3,5,0,4,5,4,4,3,5,1,0
25912,1,5,0,5,1,2,3,3,2,2,3,5,1,0
25917,1,5,0,3,1,0,3,3,5,2,3,1,1,0
25930,0,4,0,4,4,1,3,3,4,4,1,5,1,0
25945,0,3,0,4,3,1,1,1,3,3,1,3,1,0
25954,0,4,0,4,3,0,4,2,4,4,3,5,0,1
25960,0,4,1,4,5,1,4,5,1,1,4,4,0,1
25965,1,4,0,5,4,1,5,5,4,4,5,4,0,1
