,Type of Travel,Inflight wifi service,Customer Type,Online boarding,Checkin service,Class,Inflight service,Baggage handling,Seat comfort,Cleanliness,On-board service,Leg room service,True_Y,Predicted_Y_AdaBoost
4,0,2,0,1,4,1,2,2,2,4,2,2,1,0
10,0,4,0,1,1,1,3,3,5,4,3,4,1,0
31,0,2,0,2,2,1,2,2,5,2,2,2,1,0
38,0,4,1,4,3,0,5,4,4,2,4,2,0,1
41,0,4,1,4,1,1,5,3,2,2,4,2,1,0
52,0,4,0,3,3,1,4,4,4,3,4,4,1,0
71,0,3,0,4,3,0,3,3,3,2,3,3,0,1
80,0,2,0,1,4,0,3,3,5,4,3,4,1,0
102,1,4,0,4,4,1,4,4,5,5,2,2,1,0
110,0,4,0,4,4,1,3,2,4,4,2,5,0,1
128,0,2,0,3,1,0,4,4,1,5,4,4,1,0
133,0,4,1,4,3,0,4,5,2,2,3,5,0,1
144,0,2,0,3,5,0,3,3,3,3,2,4,1,0
149,1,4,0,4,2,1,4,4,1,1,1,5,1,0
153,0,4,1,4,2,1,2,2,2,2,1,5,1,0
155,0,1,0,3,2,0,4,4,4,1,4,4,1,0
161,1,4,0,3,2,1,3,1,3,2,3,4,1,0
180,0,3,0,4,4,0,3,3,4,3,3,3,0,1
181,1,4,0,4,3,1,5,3,1,1,2,1,1,0
182,0,3,0,4,3,0,3,3,4,1,3,3,0,1
196,0,4,1,4,4,1,5,4,4,4,3,5,1,0
204,0,4,0,3,3,2,4,4,2,5,4,4,1,0
214,0,4,0,4,3,0,4,4,4,1,4,4,0,1
215,0,4,0,4,4,0,4,3,4,4,1,2,0,1
217,0,4,0,3,5,2,4,4,4,2,4,4,1,0
227,0,4,0,1,5,2,4,4,3,2,4,4,1,0
230,0,3,0,4,3,0,3,3,4,3,3,3,0,1
231,1,4,0,4,4,1,4,4,1,1,5,4,1,0
247,1,4,0,0,5,1,5,4,2,2,3,4,1,0
272,0,4,1,4,5,0,5,4,4,4,3,2,0,1
276,0,4,1,4,1,2,1,1,3,3,4,4,0,1
278,0,2,0,2,3,1,3,2,2,2,3,5,1,0
283,0,4,0,4,4,1,3,4,4,4,2,1,1,0
291,0,3,0,4,2,0,3,3,4,4,3,3,0,1
298,0,4,0,4,4,1,3,4,4,4,3,4,0,1
307,1,4,0,4,3,1,4,4,5,5,2,5,1,0
340,0,4,0,4,2,1,3,2,4,4,3,3,1,0
365,0,4,1,4,3,0,5,5,5,5,4,3,0,1
374,1,4,0,3,3,1,3,3,1,1,4,1,1,0
380,0,3,0,2,4,0,1,3,2,2,1,1,1,0
385,0,4,0,2,2,1,4,4,1,2,4,4,1,0
398,0,4,0,4,3,1,4,4,4,4,1,2,1,0
403,0,1,0,4,3,0,4,4,3,2,4,0,0,1
416,0,3,1,5,4,1,4,4,4,4,5,4,0,1
426,1,4,0,4,4,1,4,5,4,3,3,4,1,0
441,0,1,0,4,3,0,2,1,3,4,2,2,0,1
447,0,3,0,3,4,2,3,3,3,3,5,1,1,0
449,0,1,0,3,4,0,4,4,4,4,4,4,1,0
455,0,2,0,4,3,0,2,2,3,4,2,2,0,1
460,0,4,1,4,3,1,1,5,5,5,1,2,1,0
473,0,3,0,3,4,0,4,5,3,3,4,3,1,0
493,0,4,1,3,3,0,1,5,1,1,2,5,1,0
512,0,3,0,4,2,1,3,1,3,3,1,2,1,0
534,0,4,0,4,1,1,3,3,3,4,3,4,0,1
535,0,4,0,4,1,2,4,4,4,4,2,2,1,0
537,0,3,0,4,4,0,3,3,3,2,3,3,0,1
540,1,4,0,2,1,1,3,3,2,2,1,5,1,0
572,0,3,0,2,2,0,4,4,1,1,4,4,1,0
576,0,1,0,4,1,0,1,1,4,2,1,1,0,1
592,0,3,0,4,2,0,3,3,4,1,3,3,0,1
594,0,4,0,4,4,0,4,4,3,4,4,4,0,1
598,1,4,0,4,3,2,3,3,4,4,1,3,1,0
602,0,4,1,4,4,1,5,2,4,5,3,5,1,0
618,1,0,0,2,4,1,3,3,1,3,3,0,1,0
627,0,3,0,4,2,0,3,3,3,1,3,3,0,1
640,0,4,1,4,3,0,5,5,5,5,4,2,0,1
657,0,4,0,1,2,2,4,4,4,4,4,4,1,0
664,0,3,0,3,3,1,1,4,3,3,1,4,1,0
666,1,4,0,4,5,1,5,5,5,5,4,5,0,1
668,0,4,0,4,4,2,4,3,4,4,4,5,0,1
674,0,1,0,4,4,0,1,1,4,1,1,1,0,1
684,1,4,0,4,5,1,5,5,5,3,4,4,0,1
725,0,4,0,4,2,2,4,3,4,4,4,3,0,1
742,0,4,0,3,3,1,4,4,3,3,4,4,1,0
761,1,5,0,3,2,1,2,2,4,3,2,5,1,0
767,0,4,0,4,3,1,1,4,4,4,2,2,1,0
771,0,1,0,1,2,0,3,3,1,5,3,5,1,0
778,0,3,0,4,1,0,3,3,3,3,3,3,0,1
789,0,4,0,3,3,0,4,4,3,1,4,4,0,1
810,0,2,0,4,1,0,2,2,4,4,2,2,0,1
811,0,1,0,2,4,0,5,5,2,2,4,2,1,0
825,0,4,0,1,3,1,4,4,2,4,4,4,1,0
833,1,4,0,4,5,1,1,5,2,2,5,4,0,1
836,0,4,1,4,4,0,5,5,2,2,4,5,0,1
846,0,2,0,4,2,0,2,2,4,1,2,2,0,1
859,0,4,0,4,4,0,4,4,4,4,4,4,0,1
868,0,1,0,3,2,0,4,4,3,4,4,4,1,0
869,0,3,0,4,1,0,3,3,4,4,3,3,0,1
871,0,4,0,4,3,1,3,3,4,4,1,3,1,0
891,0,4,0,3,2,0,4,4,4,1,4,4,0,1
901,0,4,0,3,3,0,4,4,4,4,4,4,0,1
906,0,3,0,4,2,1,4,4,3,3,4,4,0,1
911,0,2,0,4,3,0,2,2,4,2,2,3,0,1
915,1,4,0,4,3,1,4,4,5,5,5,3,1,0
919,0,2,0,4,3,0,2,2,3,4,2,2,0,1
923,0,4,0,4,1,1,2,1,3,4,3,1,1,0
926,0,2,0,2,3,1,4,5,2,2,4,4,1,0
933,0,3,0,4,3,0,3,3,4,2,3,2,0,1
937,1,4,0,4,4,1,5,5,3,2,5,4,0,1
938,0,4,1,4,2,0,3,3,5,5,3,5,0,1
941,0,3,0,3,4,0,4,4,4,5,4,4,1,0
945,1,2,0,5,3,0,5,5,5,4,5,2,0,1
951,0,4,0,4,1,0,2,4,3,4,2,2,0,1
991,0,4,0,2,3,1,4,4,4,3,4,4,1,0
1031,1,4,0,4,3,1,5,4,5,5,2,1,1,0
1041,0,4,1,4,5,1,4,4,5,5,3,2,1,0
1043,0,4,0,4,4,0,4,4,3,1,4,4,0,1
1052,0,2,0,2,4,1,5,5,2,2,2,2,1,0
1055,0,4,1,4,3,1,4,3,1,1,4,4,0,1
1067,1,4,0,4,4,2,4,4,2,2,3,4,1,0
1083,0,4,0,4,3,2,4,1,4,4,2,2,1,0
1095,0,2,0,4,1,0,2,2,3,4,2,2,0,1
1099,1,4,0,5,4,1,4,4,3,3,1,1,1,0
1101,0,3,0,4,2,0,3,3,4,4,3,3,0,1
1144,0,5,0,4,2,0,5,5,3,1,5,4,0,1
1150,0,3,0,4,4,0,3,3,4,2,3,3,0,1
1157,0,4,1,4,5,1,4,5,4,4,3,4,0,1
1158,1,4,0,4,5,1,4,4,2,2,3,4,1,0
1163,0,3,0,3,4,0,4,4,4,4,4,4,1,0
1176,1,4,0,4,1,1,2,4,2,5,5,4,1,0
1188,0,4,0,4,1,1,1,3,4,4,1,3,1,0
1198,0,4,1,4,3,0,5,5,2,2,4,3,0,1
1221,0,1,0,4,2,0,1,1,4,1,1,1,0,1
1229,0,4,0,4,2,1,4,4,4,4,3,2,1,0
1243,0,4,1,4,1,1,4,5,5,5,5,5,0,1
1245,0,3,0,3,3,0,4,4,3,1,4,4,1,0
1267,0,4,0,4,4,1,4,3,4,4,4,3,0,1
1275,0,2,0,4,3,0,2,2,3,4,2,2,0,1
1276,0,4,0,4,2,2,4,2,3,4,1,1,1,0
1278,1,5,0,3,2,1,1,1,4,4,1,5,1,0
1291,0,4,0,4,4,0,4,4,4,3,4,4,0,1
1330,0,1,0,3,4,0,4,4,4,3,4,3,1,0
1358,0,4,0,3,3,0,4,4,2,2,4,4,0,1
1367,0,2,0,2,3,0,1,5,2,2,4,1,1,0
1428,0,4,0,3,3,2,4,4,5,1,4,4,1,0
1445,1,4,0,4,4,1,5,5,5,5,5,5,0,1
1446,0,4,0,4,1,0,4,3,4,4,3,2,0,1
1470,0,3,1,3,3,0,4,4,4,4,5,3,1,0
1475,0,4,1,4,3,1,5,4,5,5,5,2,1,0
1479,1,4,0,4,4,1,4,4,1,1,5,2,1,0
1492,0,4,0,3,3,0,4,4,4,2,4,4,0,1
1501,0,1,0,3,3,0,2,2,4,4,2,2,1,0
1519,1,0,0,0,3,1,5,1,3,3,3,3,1,0
1551,0,4,0,4,3,1,3,2,4,4,4,1,0,1
1556,0,4,0,3,2,0,4,4,3,1,4,4,0,1
1558,0,5,0,3,3,0,5,5,2,4,5,4,0,1
1573,0,4,1,4,5,0,5,4,4,4,3,2,0,1
1575,0,4,1,4,3,0,4,5,5,5,3,3,0,1
1580,0,2,0,2,3,1,3,2,2,2,1,4,1,0
1605,1,5,0,4,5,1,3,3,4,5,3,0,1,0
1609,0,3,0,4,4,0,3,3,4,1,3,3,0,1
1613,0,4,0,4,1,0,4,4,4,2,4,3,0,1
1617,0,3,0,3,1,0,4,4,4,2,4,4,1,0
1632,0,1,0,4,4,0,1,1,4,1,1,1,0,1
1636,0,4,0,4,3,1,4,3,4,4,1,3,1,0
1657,1,2,0,5,5,1,5,4,4,4,5,5,0,1
1679,0,2,0,4,3,0,2,2,3,1,2,2,0,1
1683,0,4,0,5,2,0,4,4,1,1,4,4,0,1
1686,0,3,0,4,4,0,3,3,3,1,3,3,0,1
1690,0,4,1,4,4,1,3,2,4,4,5,5,0,1
1691,1,4,0,5,4,1,5,4,5,5,4,3,1,0
1713,0,4,0,4,4,0,1,2,4,4,2,4,0,1
1726,1,4,0,5,4,0,5,3,5,4,5,4,0,1
1744,0,1,0,3,5,0,3,4,3,3,5,1,1,0
1780,0,4,0,3,1,0,4,4,3,1,4,4,0,1
1784,0,4,0,4,1,0,4,4,4,4,4,4,0,1
1792,1,2,0,5,3,1,5,5,3,3,4,4,0,1
1800,0,4,1,4,4,1,4,4,1,3,5,3,1,0
1804,0,4,1,4,5,0,5,4,5,5,4,3,0,1
1805,0,3,0,3,2,1,3,3,3,3,5,4,1,0
1809,0,4,1,4,4,0,4,4,4,4,4,2,0,1
1813,0,4,0,4,2,0,1,1,4,4,3,5,0,1
1819,1,4,0,4,5,1,5,5,4,4,4,5,0,1
1821,0,1,0,4,4,0,2,1,4,3,2,2,0,1
1822,1,3,0,5,3,0,5,5,3,4,5,2,0,1
1829,1,0,0,0,2,1,4,4,5,5,3,1,1,0
1832,1,3,0,5,5,1,5,4,5,5,4,4,0,1
1844,1,4,0,5,3,1,2,2,4,5,2,4,1,0
1862,0,4,0,2,4,0,4,4,3,3,4,4,0,1
1867,1,4,0,4,3,1,4,3,2,2,4,3,1,0
1885,0,3,1,4,5,1,5,5,3,3,5,5,0,1
1886,1,0,0,0,3,1,2,2,1,1,3,3,1,0
1887,0,1,0,4,4,0,2,1,3,2,2,2,0,1
1893,0,2,0,4,3,0,2,2,4,4,2,2,0,1
1910,0,4,1,1,1,1,4,3,1,1,5,3,1,0
1936,0,3,0,4,3,0,3,3,3,2,3,3,0,1
1937,0,2,0,4,2,0,2,2,4,3,2,2,0,1
1949,1,4,0,5,5,1,4,4,5,4,4,4,0,1
1956,0,1,0,4,2,0,1,1,3,3,1,1,0,1
1958,0,2,0,4,4,0,2,2,4,1,2,2,0,1
1978,0,2,0,4,2,0,2,2,3,3,2,2,0,1
1993,0,4,1,4,3,0,4,4,3,3,3,4,0,1
1996,0,3,0,4,3,0,3,3,4,3,3,3,0,1
1998,1,4,0,4,1,1,3,2,2,2,3,2,1,0
2024,0,4,1,4,2,1,2,3,3,3,3,4,1,0
2033,1,4,0,4,5,1,4,5,2,2,5,2,1,0
2062,0,4,1,4,3,0,5,5,3,4,4,5,0,1
2072,1,4,0,4,1,1,2,4,3,3,3,2,1,0
2090,0,3,0,2,5,0,3,3,2,3,3,3,1,0
2094,0,4,0,4,4,1,1,2,4,4,4,2,0,1
2129,0,3,1,3,5,0,4,5,2,2,3,4,1,0
2133,0,3,0,4,1,0,3,3,4,1,3,3,0,1
2151,0,4,1,4,1,1,2,2,4,4,5,1,1,0
2153,0,4,0,1,2,0,2,2,3,2,2,2,1,0
2156,0,2,0,3,5,0,5,4,3,3,5,2,1,0
2173,0,2,0,2,4,0,3,3,5,2,3,4,1,0
2174,0,4,0,4,2,1,4,3,4,4,2,3,1,0
2190,1,4,0,4,3,1,4,4,3,3,5,4,1,0
2197,0,4,0,4,4,2,2,2,3,4,3,3,1,0
2199,1,3,0,5,5,1,5,2,4,4,5,5,0,1
2201,0,4,1,3,3,0,3,3,2,1,3,4,1,0
2205,0,5,0,4,4,0,3,2,5,5,3,1,0,1
2209,1,4,0,5,3,1,2,3,5,3,2,4,1,0
2231,0,4,1,4,4,0,4,4,4,3,3,4,0,1
2244,0,3,0,4,2,0,3,3,4,4,3,3,0,1
2253,0,4,0,4,1,1,2,2,4,4,2,5,0,1
2259,1,4,0,4,2,1,4,4,5,3,1,4,1,0
2275,0,4,0,4,3,0,4,4,4,4,3,3,0,1
2280,1,0,0,0,2,1,3,3,3,4,2,3,1,0
2287,0,4,0,3,3,0,4,3,4,3,2,4,0,1
2302,0,4,0,4,2,0,3,3,4,4,2,5,0,1
2304,0,2,0,4,1,0,2,2,4,1,2,2,0,1
2309,0,4,1,4,4,0,5,5,4,4,3,3,0,1
2319,1,4,0,0,3,2,5,4,5,3,5,4,1,0
2334,1,0,0,0,2,2,4,3,3,3,2,1,1,0
2346,0,4,1,4,3,0,4,4,1,1,4,4,0,1
2374,0,2,0,4,3,0,2,2,4,3,2,2,0,1
2375,1,5,0,3,4,1,1,1,3,3,1,5,1,0
2410,0,1,0,4,3,0,1,1,3,3,1,1,0,1
2411,0,3,0,3,5,0,5,5,3,3,5,2,1,0
2419,0,4,1,2,2,1,5,3,2,2,1,4,1,0
2422,1,4,0,4,4,1,4,4,4,4,3,3,1,0
2428,1,4,0,5,5,0,5,5,4,4,5,4,0,1
2437,0,4,0,2,2,0,4,4,3,3,4,4,0,1
2440,0,4,0,4,2,1,1,3,4,4,2,2,1,0
2462,1,4,0,4,3,1,5,4,1,3,3,2,1,0
2463,0,3,0,4,2,0,3,3,4,2,3,3,0,1
2471,0,3,0,3,1,0,1,1,5,3,1,2,1,0
2472,0,4,0,4,1,0,4,4,3,2,4,4,0,1
2474,0,4,0,3,2,0,4,4,3,4,4,4,0,1
2488,0,4,0,4,3,1,3,2,4,4,3,5,0,1
2495,0,4,0,1,4,2,3,3,4,5,3,4,1,0
2503,0,2,0,2,5,1,2,2,2,2,1,1,1,0
2506,1,4,0,4,5,1,4,4,3,3,5,2,1,0
2509,0,4,1,4,3,1,4,5,2,2,4,5,0,1
2515,0,4,0,3,3,0,4,4,3,4,4,4,0,1
2518,0,4,1,4,3,1,4,5,5,5,5,2,1,0
2533,0,4,0,3,4,0,3,1,3,3,4,2,1,0
2536,0,4,0,4,4,2,4,4,4,2,4,4,0,1
2543,0,4,0,3,3,0,4,4,3,1,4,4,0,1
2570,0,2,0,4,4,0,2,2,4,2,2,2,0,1
2604,1,4,0,4,4,1,5,5,5,5,4,5,0,1
2621,0,3,0,4,3,0,3,3,3,2,3,3,0,1
2632,0,4,0,4,3,1,4,2,4,4,3,3,1,0
2644,0,3,0,3,2,1,4,4,3,3,5,4,1,0
2660,0,4,0,4,1,0,3,3,4,4,2,1,0,1
2664,1,4,0,5,5,0,4,3,5,5,2,3,0,1
2680,0,3,0,3,4,0,4,4,4,3,4,4,1,0
2686,0,4,1,4,5,0,5,5,1,1,3,4,0,1
2702,1,4,0,5,4,1,3,3,5,5,3,4,1,0
2706,1,4,0,4,4,2,4,4,3,3,4,3,1,0
2719,0,5,0,4,3,0,3,4,5,5,4,4,0,1
2720,0,4,1,4,4,1,2,2,1,3,4,4,0,1
2725,0,1,0,4,2,0,1,1,4,4,1,1,0,1
2733,1,4,0,4,1,1,3,2,2,2,2,1,1,0
2750,0,3,0,4,3,0,3,3,3,3,3,3,0,1
2768,0,4,0,3,4,0,2,2,3,5,2,3,1,0
2773,0,4,1,4,3,0,5,5,5,5,3,3,0,1
2777,0,1,0,2,4,0,4,4,2,2,5,3,1,0
2811,0,2,0,3,3,1,1,5,2,2,1,4,1,0
2817,1,4,0,4,5,1,5,4,3,3,3,3,1,0
2821,0,1,1,4,4,0,1,1,4,4,4,4,0,1
2823,1,4,0,4,3,1,3,3,4,4,1,1,1,0
2856,0,4,0,1,1,1,4,4,3,2,4,4,1,0
2858,0,4,1,4,5,1,4,4,1,1,5,2,1,0
2859,0,1,0,4,4,0,1,1,4,4,1,2,0,1
2862,0,3,0,4,2,0,3,3,3,2,3,3,0,1
2869,0,4,1,4,4,0,5,4,2,3,3,3,1,0
2895,0,3,0,4,3,0,3,3,4,3,3,3,0,1
2906,0,4,0,1,3,1,4,4,4,3,4,4,1,0
2926,0,2,0,2,2,1,5,4,2,2,5,3,1,0
2948,0,4,0,4,2,0,4,2,4,4,1,5,0,1
2963,0,3,0,4,4,0,3,3,3,2,3,3,0,1
2965,0,4,1,4,5,0,4,5,5,3,5,2,0,1
2989,0,4,0,2,3,0,4,4,2,2,4,4,0,1
3005,0,4,1,4,1,1,3,1,1,3,5,2,1,0
3023,1,5,0,0,1,1,3,4,1,1,2,2,1,0
3033,0,4,1,3,3,0,4,5,3,4,5,4,1,0
3041,1,4,0,4,3,1,4,4,4,1,5,2,1,0
3054,0,2,0,4,2,0,2,2,4,1,2,2,0,1
3097,0,4,0,3,3,0,3,3,1,3,3,3,1,0
3099,0,4,1,4,5,0,5,4,3,3,5,4,0,1
3111,1,2,0,5,5,0,4,4,5,1,4,2,0,1
3113,0,1,0,3,5,0,4,4,3,3,4,2,1,0
3124,1,0,0,2,3,2,2,2,4,2,2,0,1,0
3129,0,4,1,4,3,1,4,3,2,2,4,4,0,1
3132,0,2,0,4,2,0,2,2,4,1,2,2,0,1
3136,1,4,0,4,1,1,2,4,3,3,5,2,1,0
3138,0,3,0,3,4,0,2,2,3,3,2,2,1,0
3142,0,3,0,3,3,2,1,2,3,3,4,3,1,0
3144,0,4,0,4,4,1,3,2,4,4,2,1,1,0
3157,0,2,0,2,1,1,3,3,2,2,4,4,1,0
3168,0,4,0,3,1,0,4,4,3,3,4,4,0,1
3171,0,4,0,3,4,0,4,4,3,4,4,4,0,1
3179,0,1,0,4,4,0,1,1,4,2,1,1,0,1
3185,0,4,0,3,3,0,4,4,4,3,4,4,0,1
3191,0,4,0,2,5,2,4,4,2,3,4,4,1,0
3209,0,2,0,4,2,0,2,2,3,4,2,2,0,1
3223,0,2,0,4,4,0,2,2,3,1,2,2,0,1
3229,0,4,1,4,3,0,4,4,4,4,3,3,1,0
3236,0,2,0,1,2,0,4,4,4,2,4,4,1,0
3257,0,4,0,3,2,2,4,4,5,5,4,4,1,0
3278,0,3,0,4,1,0,3,3,4,1,3,3,0,1
3283,0,1,0,4,2,0,1,1,4,4,1,1,0,1
3284,1,5,0,3,2,1,1,1,3,1,1,5,1,0
3286,1,0,0,0,3,1,3,4,2,5,3,2,1,0
3287,0,4,1,4,3,0,4,4,3,4,3,2,1,0
3289,0,2,0,4,3,0,2,2,4,3,2,2,0,1
3302,0,4,1,4,4,1,4,3,1,2,1,3,1,0
3303,0,2,0,4,2,0,2,2,4,2,2,2,0,1
3322,1,4,0,4,4,1,3,3,5,5,2,3,1,0
3330,1,4,0,4,4,1,4,5,3,3,3,5,1,0
3333,1,4,0,3,3,2,4,4,4,3,4,4,1,0
3337,1,4,0,4,5,1,4,4,4,2,5,5,1,0
3342,0,4,0,2,1,0,4,4,3,2,4,4,0,1
3352,0,3,0,3,5,0,2,2,4,4,2,2,1,0
3369,1,4,0,4,2,1,4,3,3,3,4,2,1,0
3386,1,3,0,5,5,1,4,4,5,5,4,4,0,1
3389,0,1,0,4,1,0,1,1,3,1,1,1,0,1
3390,1,4,0,5,5,1,5,5,4,5,5,4,0,1
3395,0,2,0,2,4,2,4,1,3,3,1,5,1,0
3409,0,4,0,3,1,0,4,4,3,3,4,4,0,1
3418,0,5,0,4,2,1,4,3,5,5,4,1,0,1
3422,0,4,0,3,1,0,4,4,3,1,4,4,0,1
3444,0,2,0,4,3,0,2,2,3,1,2,2,0,1
3471,1,4,0,0,4,1,4,4,3,3,3,5,1,0
3493,0,1,0,3,5,0,4,5,4,4,3,3,1,0
3494,0,3,0,4,2,0,3,3,4,2,3,3,0,1
3498,0,4,0,4,4,1,1,3,4,4,3,4,0,1
3500,1,4,0,5,3,1,4,4,4,4,4,4,0,1
3507,0,3,0,4,2,0,3,3,3,1,3,3,0,1
3508,0,2,0,4,2,0,2,2,3,4,2,2,0,1
3510,0,1,0,4,2,0,1,1,4,1,1,1,0,1
3543,0,4,1,3,5,1,4,4,2,2,4,5,1,0
3555,0,4,0,4,2,1,4,4,4,2,4,4,0,1
3560,0,4,0,3,5,0,3,3,5,4,3,3,1,0
3565,0,1,0,4,4,0,1,1,4,3,1,1,0,1
3567,0,3,0,4,4,0,3,3,4,4,3,3,0,1
3576,0,2,0,4,4,0,2,2,3,2,2,2,0,1
3582,0,4,0,4,3,1,2,4,4,4,3,2,1,0
3614,0,4,0,1,4,2,4,4,3,4,4,4,1,0
3651,0,4,0,4,2,0,2,1,4,4,1,1,0,1
3652,0,2,0,3,1,0,1,3,3,3,1,1,1,0
3663,0,4,0,4,1,0,4,4,4,2,4,3,0,1
3673,0,4,0,3,2,0,4,4,3,2,4,4,0,1
3676,1,4,0,5,5,1,2,2,4,4,2,5,0,1
3682,0,3,0,4,3,0,3,3,4,2,3,3,0,1
3685,0,2,0,4,2,0,2,2,4,4,2,2,0,1
3691,0,4,1,4,5,0,4,5,5,4,4,4,0,1
3722,0,2,0,2,2,1,3,4,2,2,4,1,1,0
3723,0,3,0,4,4,1,5,1,5,3,2,3,1,0
3727,0,2,0,1,5,0,2,2,2,5,2,2,1,0
3734,0,4,1,4,3,1,5,1,5,5,2,4,0,1
3746,0,3,0,4,4,0,3,3,4,1,3,3,0,1
3747,0,4,0,4,4,1,4,4,3,3,4,4,0,1
3748,0,1,0,4,1,0,1,1,4,1,1,1,0,1
3769,0,3,0,4,1,0,3,3,4,3,3,2,0,1
3774,0,3,0,4,4,0,3,3,3,3,3,3,0,1
3800,0,4,1,4,2,1,2,4,1,1,1,4,1,0
3806,0,3,0,4,4,0,3,3,4,3,3,3,0,1
3809,0,4,0,4,4,0,4,3,4,4,3,5,0,1
3823,0,4,0,2,2,1,4,4,5,4,4,4,1,0
3853,0,1,0,4,4,0,1,1,3,2,1,1,0,1
3863,1,4,0,5,5,1,3,5,5,5,3,5,0,1
3869,0,2,0,1,2,0,4,4,1,4,4,4,1,0
3878,0,2,0,4,3,0,2,2,4,4,2,2,0,1
3897,0,4,0,4,2,1,1,4,4,4,2,1,1,0
3918,0,2,1,2,5,0,5,5,4,4,3,2,1,0
3937,1,2,0,5,3,1,5,5,5,4,5,4,0,1
3938,0,4,0,2,1,1,5,5,3,4,5,4,0,1
3944,0,3,0,4,2,1,4,4,3,3,2,1,1,0
3951,0,4,0,4,4,1,4,4,4,4,5,3,0,1
3978,0,3,0,3,4,1,3,2,3,3,4,2,1,0
3982,1,4,0,4,2,1,3,4,3,3,4,4,1,0
3996,0,4,1,4,4,0,5,5,3,3,5,4,0,1
3998,0,5,1,0,4,1,4,5,1,1,3,4,1,0
4007,0,1,0,4,3,0,1,1,3,1,1,1,0,1
4038,0,4,0,4,2,2,4,3,4,4,4,1,0,1
4039,0,4,0,4,2,1,4,4,3,1,4,4,0,1
4052,0,2,0,2,5,0,4,3,2,2,5,2,1,0
4061,0,4,1,4,4,0,5,4,2,2,3,2,1,0
4063,0,1,0,3,2,0,4,4,2,4,4,4,1,0
4066,0,2,0,1,2,0,2,2,2,3,2,2,1,0
4089,1,3,0,5,5,1,3,5,5,5,5,4,0,1
4090,0,4,0,4,3,1,4,3,4,4,2,4,0,1
4099,0,4,0,1,5,1,4,4,1,4,4,4,1,0
4122,0,4,0,3,4,0,4,4,4,3,4,4,0,1
4138,0,3,0,1,4,1,4,4,1,4,4,3,1,0
4142,0,2,0,4,3,0,2,2,3,1,2,2,0,1
4144,0,4,0,3,3,0,4,4,4,4,4,4,0,1
4153,0,3,0,3,3,0,3,1,3,3,5,1,1,0
4166,0,2,0,4,1,0,2,2,3,4,2,2,0,1
4178,0,4,1,5,1,1,1,5,4,4,1,1,1,0
4184,1,4,0,4,3,1,4,3,4,4,3,1,1,0
4194,0,1,0,4,1,0,1,1,4,2,1,2,0,1
4209,1,4,0,5,4,1,5,5,4,3,5,4,0,1
4226,0,4,0,3,4,0,4,4,4,2,4,4,0,1
4234,0,4,0,4,4,0,3,4,4,4,2,5,0,1
4252,0,4,0,4,4,1,3,3,2,4,4,4,0,1
4254,0,3,0,4,3,0,3,3,4,1,3,3,0,1
4265,0,4,1,4,5,0,4,4,3,3,3,3,1,0
4268,1,4,0,5,3,1,5,5,1,1,3,4,0,1
4279,0,4,0,4,3,0,4,4,3,2,4,4,0,1
4301,0,1,0,4,2,0,2,2,3,2,2,0,0,1
4304,0,4,0,4,2,0,4,4,3,2,4,4,0,1
4306,0,3,0,2,3,0,5,4,2,2,3,4,1,0
4313,0,4,1,3,4,0,4,5,5,5,5,4,1,0
4316,1,1,0,5,5,1,4,4,5,3,4,5,0,1
4324,1,4,0,4,4,1,4,3,1,1,5,2,1,0
4336,0,4,1,4,5,1,5,5,2,4,5,4,0,1
4337,0,3,0,3,2,2,2,4,3,3,2,3,1,0
4375,1,4,0,2,4,1,5,2,3,3,3,1,1,0
4414,0,2,0,4,3,0,2,2,4,2,2,2,0,1
4417,0,2,0,2,4,1,4,4,1,1,5,1,1,0
4430,0,3,0,4,3,0,3,3,3,4,3,3,0,1
4435,0,3,0,3,4,1,4,4,3,3,3,2,1,0
4445,1,1,0,5,4,0,5,5,4,4,5,1,0,1
4505,0,1,0,4,1,0,1,1,3,1,1,1,0,1
4530,0,4,1,4,2,1,5,5,5,5,5,4,0,1
4531,0,1,0,4,3,0,1,1,4,2,1,1,0,1
4546,0,4,1,4,5,0,5,5,5,5,5,2,0,1
4563,0,3,0,4,4,0,2,3,4,3,2,2,0,1
4564,0,4,1,4,5,1,5,4,5,5,3,3,1,0
4585,0,2,0,2,4,1,5,3,2,2,3,2,1,0
4586,1,4,0,4,5,1,5,5,3,3,4,5,0,1
4594,1,4,0,4,3,2,4,4,3,3,4,4,1,0
4600,0,4,1,4,3,1,2,3,2,2,1,5,1,0
4619,0,4,0,4,3,0,4,4,3,3,4,4,0,1
4620,1,4,0,4,5,1,4,5,3,3,1,4,1,0
4624,0,4,1,4,3,1,5,4,2,2,4,2,1,0
4631,0,4,0,4,4,0,4,3,4,4,1,4,0,1
4632,0,4,0,3,1,0,4,4,4,2,4,4,0,1
4666,0,4,1,5,3,1,3,3,1,1,1,3,1,0
4682,0,4,0,3,4,0,4,4,4,3,4,4,0,1
4689,0,4,0,1,2,0,4,4,2,1,4,4,0,1
4711,0,2,0,2,2,2,4,1,2,2,4,4,1,0
4734,1,5,0,3,2,1,5,5,4,3,5,5,1,0
4760,0,4,0,3,5,2,4,4,1,3,4,4,1,0
4773,0,4,1,5,2,1,4,3,3,3,4,2,0,1
4804,1,4,0,0,3,2,4,4,2,1,2,1,1,0
4812,0,4,1,4,4,0,5,5,1,1,3,5,0,1
4835,1,4,0,4,1,1,5,5,4,4,5,4,0,1
4837,0,1,0,3,3,0,5,4,3,3,1,5,1,0
4859,0,4,0,4,4,1,1,1,4,4,3,2,1,0
4872,0,4,1,1,1,0,5,4,1,1,4,5,1,0
4884,0,4,0,4,1,1,2,2,4,4,2,1,1,0
4898,0,4,1,5,3,1,4,3,1,1,3,5,0,1
4900,0,2,0,2,1,0,4,4,1,4,4,4,1,0
4919,1,4,0,4,3,1,5,4,2,2,3,2,1,0
4926,0,4,0,4,3,0,4,4,4,1,4,4,0,1
4935,1,4,0,5,5,1,5,4,5,5,4,5,0,1
4937,0,2,0,3,3,0,3,3,4,3,3,3,1,0
4962,0,4,0,2,3,1,4,4,5,3,4,4,1,0
4976,1,4,0,3,2,1,2,2,3,1,2,4,1,0
4977,1,4,0,5,4,1,4,4,2,2,5,5,0,1
4979,0,4,0,4,4,1,4,3,4,4,1,5,0,1
4983,0,2,0,4,1,0,2,2,3,2,2,2,0,1
4989,0,4,0,4,1,0,2,1,4,4,2,3,0,1
4996,0,4,1,4,1,1,1,4,5,5,3,4,1,0
5013,0,3,0,3,3,2,2,2,3,3,2,3,1,0
5029,0,3,0,3,3,1,2,5,3,3,1,5,1,0
5036,0,2,0,1,1,0,4,4,2,1,4,4,1,0
5042,0,4,1,4,3,1,4,3,1,1,3,4,1,0
5059,0,1,0,4,1,0,2,1,3,1,2,3,0,1
5069,0,4,0,4,3,0,3,4,4,4,2,4,0,1
5076,0,4,1,4,5,1,5,4,1,2,4,2,1,0
5101,0,4,1,4,3,0,5,4,1,1,4,3,0,1
5128,0,3,0,4,2,0,2,3,4,1,2,2,0,1
5149,0,4,0,4,3,1,2,2,4,4,4,1,0,1
5159,0,4,0,4,3,1,3,3,1,4,3,4,0,1
5166,0,4,0,4,3,0,4,4,4,2,4,4,0,1
5179,0,3,0,4,1,0,3,3,4,3,3,3,0,1
5197,0,4,0,2,1,1,4,4,2,1,4,4,1,0
5206,0,1,0,1,1,0,4,4,4,1,4,4,1,0
5228,0,4,1,4,2,1,1,4,5,5,1,2,1,0
5229,0,3,0,2,2,0,4,4,2,2,2,4,1,0
5256,0,4,0,3,3,0,4,4,4,2,4,4,0,1
5262,0,4,1,4,4,0,4,4,4,4,3,2,1,0
5263,0,2,0,4,4,0,2,2,4,4,2,2,0,1
5265,0,2,0,2,5,0,4,4,2,2,5,3,1,0
5282,0,2,0,2,5,1,4,4,2,2,5,4,1,0
5306,1,5,0,0,3,2,3,3,1,1,4,5,1,0
5314,0,3,0,4,4,0,3,3,3,3,3,3,0,1
5318,1,5,0,0,3,1,2,2,1,1,1,3,1,0
5328,0,1,0,3,5,0,3,3,4,3,3,4,1,0
5335,0,4,0,4,3,0,4,4,4,2,4,4,0,1
5362,0,3,0,3,3,1,4,3,3,3,1,1,1,0
5378,0,4,1,4,3,1,1,4,4,4,4,2,1,0
5387,0,4,0,4,1,2,4,4,5,5,2,2,0,1
5402,0,4,0,4,3,1,1,2,4,4,2,1,1,0
5407,0,4,0,2,3,0,3,4,2,2,2,2,1,0
5415,0,4,0,4,2,1,4,4,3,2,4,4,0,1
5439,0,2,0,2,4,1,1,2,2,2,2,5,1,0
5470,0,1,0,4,3,0,1,1,3,2,1,1,0,1
5490,0,4,0,4,1,0,4,4,3,1,4,4,0,1
5494,0,4,0,3,3,0,1,1,5,3,1,2,1,0
5502,0,4,1,4,3,1,2,1,5,5,1,5,1,0
5508,0,2,0,4,1,0,2,2,3,2,2,2,0,1
5511,0,4,0,4,4,0,2,4,4,4,2,3,0,1
5532,0,3,0,3,5,1,4,2,3,3,2,5,1,0
5540,0,4,0,4,4,1,4,1,4,4,5,1,0,1
5578,1,4,0,4,5,1,4,4,2,2,4,4,1,0
5581,0,1,0,3,3,0,4,4,4,5,4,4,1,0
5590,1,2,0,5,5,0,5,5,5,4,5,2,0,1
5599,0,1,0,3,5,0,3,3,5,4,3,4,1,0
5600,0,4,0,3,2,1,4,4,3,2,4,4,1,0
5605,0,4,0,4,4,0,4,4,4,2,4,4,0,1
5608,0,4,0,4,2,0,4,3,4,4,1,3,0,1
5610,0,4,0,4,1,1,4,2,4,4,3,2,1,0
5616,0,1,0,4,2,0,3,4,1,4,3,4,0,1
5621,0,1,0,4,1,0,3,1,4,2,3,3,0,1
5642,0,4,0,3,3,0,4,4,4,1,4,4,0,1
5644,0,4,1,4,4,2,3,3,2,2,1,1,1,0
5647,0,3,0,4,3,0,3,3,3,1,3,3,0,1
5666,0,1,0,4,4,0,2,1,4,2,2,2,0,1
5671,0,4,1,4,2,1,3,2,4,4,2,1,1,0
5676,0,4,0,2,1,0,4,4,3,1,4,4,0,1
5695,0,4,0,4,3,0,4,4,4,4,4,4,0,1
5720,0,3,0,2,5,0,3,3,4,2,3,4,1,0
5735,0,4,1,4,3,1,3,3,2,2,5,4,0,1
5742,0,4,1,4,3,0,3,4,5,5,1,5,0,1
5751,0,3,0,2,3,0,4,4,1,4,4,4,1,0
5758,0,1,0,4,4,0,1,1,3,1,1,1,0,1
5776,0,4,0,4,2,1,4,4,4,1,4,4,0,1
5783,0,2,0,4,1,0,2,2,4,2,2,2,0,1
5786,0,1,0,3,5,0,4,5,3,3,4,2,1,0
5790,0,4,0,2,2,0,4,4,2,2,4,4,0,1
5796,0,4,1,4,1,1,4,1,4,4,5,3,1,0
5808,0,4,0,3,4,0,4,4,4,4,4,4,0,1
5813,0,4,1,4,3,1,5,1,5,2,3,3,1,0
5818,0,2,0,4,4,0,2,2,4,2,2,2,0,1
5829,0,3,0,4,4,0,3,3,3,4,3,3,0,1
5832,0,4,1,4,3,1,3,1,1,1,1,4,1,0
5842,1,0,0,0,4,1,4,2,2,2,2,2,1,0
5879,0,3,0,4,2,0,3,3,3,2,3,3,0,1
5904,0,4,0,4,1,1,4,4,4,2,4,4,0,1
5911,0,1,0,2,2,0,4,4,2,2,4,4,1,0
5918,1,4,0,4,5,1,4,4,5,5,4,4,1,0
5939,0,4,0,4,1,1,4,4,3,2,4,4,0,1
5951,0,2,0,4,4,0,4,2,3,4,4,4,0,1
5962,1,4,0,4,3,1,5,4,5,3,5,5,1,0
5968,0,2,0,3,4,0,3,3,4,4,3,3,1,0
5973,0,4,0,4,4,1,3,1,4,4,1,3,1,0
5976,0,4,1,4,2,1,5,5,3,3,5,4,0,1
5984,0,4,0,4,2,1,2,3,4,4,1,1,1,0
5995,0,4,1,4,5,0,4,5,5,5,5,2,0,1
6002,1,4,0,4,5,1,5,4,2,5,5,5,0,1
6026,0,5,0,4,3,1,4,4,5,5,3,4,0,1
6027,0,3,1,5,4,1,2,3,4,4,5,4,0,1
6031,0,2,0,4,3,0,3,2,3,3,3,3,0,1
6035,0,4,0,2,2,0,4,4,3,4,4,4,0,1
6056,0,4,0,4,3,0,3,4,4,4,3,2,0,1
6066,1,4,0,4,4,1,4,5,1,1,5,3,1,0
6070,0,4,0,4,2,0,2,4,4,1,2,2,0,1
6099,0,1,0,3,3,0,2,2,3,1,2,2,1,0
6109,0,2,0,4,2,0,2,2,3,2,2,2,0,1
6111,0,4,0,4,3,0,4,3,4,4,1,5,0,1
6120,0,2,0,1,2,0,4,4,1,1,4,4,1,0
6162,0,3,0,4,3,0,2,3,3,2,2,1,0,1
6173,1,2,0,5,5,0,5,4,5,5,3,5,0,1
6190,0,4,1,4,3,0,5,4,3,1,3,5,0,1
6209,0,4,0,4,2,0,3,3,4,4,4,4,0,1
6225,0,4,0,2,2,0,2,1,2,2,3,1,1,0
6230,1,4,0,4,5,1,4,4,2,2,4,5,1,0
6231,0,4,1,4,1,0,3,3,4,4,4,5,0,1
6239,1,4,0,5,1,1,4,2,4,1,4,4,0,1
6244,1,0,0,0,5,1,4,4,5,5,3,3,1,0
6245,1,4,0,4,5,1,5,5,1,1,5,4,0,1
6256,0,3,0,3,1,2,3,3,1,5,3,3,1,0
6264,1,4,0,4,3,1,5,5,4,4,5,4,0,1
6266,1,4,0,4,3,1,4,4,3,3,3,3,1,0
6302,1,0,0,0,3,1,3,2,3,3,1,1,1,0
6316,0,4,1,4,4,1,5,4,3,3,2,4,1,0
6333,0,1,0,1,1,0,4,3,3,1,4,4,1,0
6334,0,2,0,2,4,0,4,4,1,1,4,4,1,0
6352,0,4,1,1,1,1,5,5,1,1,3,5,1,0
6365,1,4,0,5,5,1,5,5,5,5,4,4,0,1
6367,0,4,0,3,3,0,4,4,3,3,4,3,1,0
6375,0,4,1,4,4,0,5,4,1,1,4,5,0,1
6404,0,3,0,4,1,0,3,3,4,1,3,3,0,1
6406,0,4,0,4,4,1,1,3,4,4,5,4,0,1
6413,0,2,0,4,2,0,2,2,4,1,2,2,0,1
6424,0,2,0,4,1,0,2,2,4,2,2,2,0,1
6430,1,4,0,4,3,1,4,2,1,1,2,3,1,0
6434,0,2,0,4,3,0,2,2,3,3,2,2,0,1
6442,1,4,0,4,5,1,4,5,2,2,4,3,1,0
6466,0,3,0,4,1,0,3,3,4,1,3,3,0,1
6489,0,4,0,4,4,0,4,3,4,4,1,1,0,1
6490,0,4,0,2,4,0,4,4,3,3,4,4,0,1
6509,0,4,1,3,5,0,5,5,4,4,3,2,1,0
6512,1,4,0,4,2,1,4,2,4,4,3,5,1,0
6514,1,2,0,5,2,1,5,5,5,5,5,4,0,1
6524,0,3,0,3,5,1,2,2,3,3,4,5,1,0
6534,0,4,1,5,1,1,3,3,4,4,4,2,0,1
6540,1,4,0,5,4,1,4,4,4,4,4,3,1,0
6545,0,1,0,3,3,0,4,4,4,3,4,5,1,0
6546,0,2,1,2,5,0,4,5,1,1,5,4,1,0
6561,0,4,0,3,1,0,4,4,4,3,4,4,0,1
6575,0,5,0,1,4,0,5,5,1,3,5,4,0,1
6579,1,4,0,4,4,1,5,4,3,3,3,2,1,0
6584,0,3,0,4,1,0,4,4,3,3,4,5,0,1
6592,0,4,0,4,4,0,4,4,4,4,2,3,0,1
6609,0,4,1,4,4,0,4,3,4,4,4,5,0,1
6610,1,4,0,4,4,1,5,5,4,3,5,4,0,1
6635,0,2,0,4,1,0,2,2,4,1,2,2,0,1
6637,1,3,0,5,4,1,5,5,5,3,5,4,0,1
6644,0,4,0,4,4,1,4,3,4,4,3,4,0,1
6649,1,4,0,4,2,1,5,5,3,2,5,4,0,1
6678,0,4,1,5,5,1,1,2,5,5,4,2,0,1
6697,0,1,0,2,2,0,4,4,1,5,4,4,1,0
6701,0,4,1,5,4,0,4,4,3,3,2,2,0,1
6705,1,4,0,3,1,1,3,3,3,2,3,2,1,0
6719,0,3,0,4,4,0,2,3,3,2,2,2,0,1
6720,1,5,0,0,1,1,3,4,1,1,3,3,1,0
6732,0,4,0,4,4,1,4,1,4,4,1,1,1,0
6762,0,4,0,2,5,2,4,4,4,1,4,4,1,0
6772,0,4,0,4,3,1,2,1,4,4,3,2,1,0
6774,0,2,0,2,4,1,4,2,2,2,5,1,1,0
6779,0,4,0,4,3,0,4,4,4,4,4,4,0,1
6794,1,2,0,5,5,0,5,5,4,3,5,2,0,1
6796,0,4,0,4,1,0,2,2,4,4,3,5,0,1
6800,0,2,0,4,3,0,3,2,4,3,3,3,0,1
6811,0,4,1,4,5,0,4,5,5,5,3,5,0,1
6835,0,4,0,3,2,0,4,4,3,1,4,4,0,1
6838,0,1,0,4,2,0,3,3,3,3,3,0,0,1
6843,0,4,1,1,1,1,3,4,1,1,4,4,1,0
6852,0,4,0,4,3,1,2,1,4,4,3,2,1,0
6859,0,4,0,3,4,1,5,5,3,4,5,4,0,1
6896,0,3,0,4,3,0,3,3,4,1,3,3,0,1
6898,0,2,0,2,3,1,4,3,3,3,2,1,1,0
6920,0,1,0,2,4,0,3,5,4,2,3,4,1,0
6932,0,4,1,4,5,1,5,4,5,5,3,2,1,0
6935,0,3,1,4,4,0,5,5,1,1,5,3,0,1
6937,0,4,0,4,3,1,4,4,4,4,3,1,1,0
6941,1,4,0,4,5,0,5,5,5,4,5,4,0,1
6946,0,1,0,1,1,0,4,4,3,5,4,4,1,0
6974,0,2,0,4,4,0,2,2,3,4,2,2,0,1
6977,0,4,1,4,4,1,5,4,2,2,3,2,1,0
6978,1,5,0,0,2,1,3,3,3,3,3,4,1,0
6995,0,3,0,4,5,2,3,3,4,4,3,3,1,0
6999,0,4,1,4,4,0,5,4,3,3,3,2,1,0
7002,0,2,0,4,4,0,2,2,4,1,2,2,0,1
7005,0,4,0,2,5,0,3,3,1,5,3,3,1,0
7011,0,3,0,4,4,0,3,3,3,3,3,2,0,1
7014,0,4,0,3,1,1,4,2,4,4,5,2,1,0
7021,1,4,0,4,5,2,5,5,5,3,5,4,0,1
7027,1,4,0,4,3,1,4,5,2,2,5,2,1,0
7042,0,4,0,1,4,2,4,4,2,2,4,4,1,0
7051,0,1,0,4,3,0,1,1,3,2,1,1,0,1
7069,0,4,0,3,4,0,4,4,3,4,4,4,0,1
7075,0,4,0,3,5,1,4,4,2,3,4,4,1,0
7085,1,4,0,4,2,2,4,4,4,3,4,4,1,0
7115,0,4,1,4,4,1,4,5,1,1,2,1,1,0
7149,0,2,0,3,3,1,2,5,2,2,4,4,1,0
7163,1,4,0,4,5,1,4,4,4,4,3,2,1,0
7166,0,4,0,3,5,0,3,2,3,3,3,2,1,0
7167,0,4,0,1,5,1,4,4,1,3,4,4,1,0
7171,0,1,0,2,1,0,2,2,2,2,5,3,1,0
7176,0,4,0,4,2,0,4,4,4,3,4,4,0,1
7190,1,3,0,5,4,0,2,5,5,3,2,4,0,1
7204,0,4,0,4,3,1,4,4,5,5,3,2,0,1
7214,1,3,0,5,5,1,5,5,2,2,5,5,0,1
7224,1,4,0,4,2,1,1,4,3,3,2,1,1,0
7232,0,4,1,4,4,0,4,5,4,2,5,4,0,1
7237,0,2,0,3,1,0,5,5,3,3,1,4,1,0
7244,1,0,0,2,1,1,2,2,3,4,2,0,1,0
7250,0,4,0,4,4,0,3,3,4,4,1,5,0,1
7251,0,0,0,1,2,1,4,4,4,0,4,3,0,1
7269,0,4,0,2,2,0,4,4,3,2,4,4,0,1
7283,0,4,0,4,2,0,3,4,4,4,4,5,0,1
7292,0,4,0,4,4,0,3,3,4,4,1,1,0,1
7309,0,4,1,4,2,1,5,1,1,1,3,5,1,0
7310,1,4,0,5,4,2,5,4,5,5,4,5,0,1
7331,1,5,0,0,3,1,5,4,5,5,4,2,1,0
7343,0,3,0,3,4,0,3,4,3,3,2,5,1,0
7358,0,4,0,4,1,2,3,4,4,4,4,1,0,1
7362,0,5,1,2,3,0,4,4,1,1,3,2,1,0
7402,0,5,0,1,3,0,5,5,3,4,5,4,0,1
7406,0,3,0,4,1,0,3,3,4,2,3,4,0,1
7417,0,1,0,4,3,0,3,1,3,3,3,0,0,1
7436,0,2,0,2,4,1,3,4,2,2,5,5,1,0
7442,1,4,0,4,2,1,5,1,2,2,3,5,1,0
7443,1,4,0,4,1,1,4,3,4,4,3,5,1,0
7453,0,4,1,4,4,0,4,5,4,4,3,3,0,1
7456,0,4,1,4,5,1,2,4,4,4,3,3,1,0
7466,0,4,0,4,4,2,4,4,4,4,4,4,0,1
7472,0,4,0,4,1,0,3,4,4,1,3,3,0,1
7473,0,4,1,4,4,1,5,4,4,4,4,3,1,0
7482,0,2,0,2,5,1,5,3,2,2,3,4,1,0
7484,0,4,0,1,4,2,4,4,3,5,4,4,1,0
7499,0,4,0,4,2,0,3,3,4,4,4,3,0,1
7511,0,2,0,4,3,0,2,2,4,4,2,2,0,1
7513,0,4,0,4,3,0,4,4,3,3,4,4,0,1
7532,0,3,0,3,2,1,3,3,2,3,3,3,1,0
7542,0,5,0,4,3,1,3,4,2,5,3,2,0,1
7545,0,3,0,4,4,0,3,3,4,2,3,3,0,1
7547,0,4,0,4,3,0,2,3,3,3,3,3,0,1
7582,0,4,0,3,5,1,4,4,1,5,4,4,1,0
7601,0,3,1,3,4,0,4,4,5,5,3,5,1,0
7624,1,4,0,5,4,1,3,3,5,3,3,4,1,0
7638,1,1,0,5,5,1,5,5,3,3,5,5,0,1
7674,0,2,0,4,3,0,2,2,4,4,2,2,0,1
7686,0,3,1,5,5,1,3,3,5,5,2,4,0,1
7695,0,4,0,4,2,0,3,3,4,4,4,4,0,1
7701,0,1,0,3,4,0,5,5,3,3,4,2,1,0
7710,1,4,0,4,5,1,1,2,3,3,1,3,1,0
7724,1,5,0,4,4,1,2,2,4,3,2,2,1,0
7732,0,4,0,4,3,1,4,4,4,4,3,1,1,0
7739,1,4,0,3,5,1,5,4,3,3,3,2,1,0
7752,0,4,0,4,2,0,4,4,4,2,4,4,0,1
7753,0,2,0,4,1,0,2,2,3,1,2,2,0,1
7777,0,3,0,3,5,1,5,4,3,3,4,4,1,0
7782,0,4,1,4,3,0,4,4,2,5,5,3,0,1
7793,0,4,0,3,3,0,4,4,3,2,4,4,0,1
7794,1,4,1,4,3,1,4,3,4,4,3,4,1,0
7795,0,4,1,4,3,0,4,5,3,4,5,4,0,1
7800,1,4,0,3,4,1,3,3,3,3,3,5,1,0
7808,0,4,0,4,4,2,2,2,3,3,1,5,0,1
7810,0,4,1,4,5,0,4,5,3,3,4,3,0,1
7819,0,4,1,4,3,0,1,1,3,3,4,1,0,1
7820,0,3,0,3,2,1,2,4,3,3,3,1,1,0
7826,0,4,0,4,4,0,2,1,4,4,4,3,0,1
7828,1,4,0,4,3,1,4,5,2,2,4,2,1,0
7846,0,2,0,4,3,0,2,2,3,1,2,2,0,1
7873,0,4,0,3,4,0,4,4,4,2,4,4,0,1
7880,0,2,0,4,2,0,2,2,4,1,2,2,0,1
7884,1,4,0,4,4,1,5,4,1,1,5,2,1,0
7891,0,1,0,3,3,0,4,4,4,1,4,4,1,0
7897,0,1,0,3,4,0,3,3,5,3,3,4,1,0
7898,0,1,0,4,4,0,2,1,3,3,2,2,0,1
7932,0,3,0,4,3,0,3,3,4,2,3,3,0,1
7934,0,1,0,3,3,0,5,4,2,2,5,3,1,0
7935,0,2,0,4,4,0,4,2,4,1,4,3,0,1
7951,0,4,1,4,4,0,4,5,1,1,3,4,0,1
7954,0,2,0,4,4,0,2,2,4,3,2,2,0,1
7957,0,4,0,3,2,0,4,4,3,4,4,4,0,1
7965,1,4,0,5,5,1,4,5,5,5,5,4,0,1
7982,1,4,0,4,4,0,2,4,4,2,2,4,1,0
7988,0,4,1,4,4,1,4,4,2,2,4,3,1,0
7992,0,2,0,4,2,0,2,2,3,2,2,2,0,1
7995,0,1,0,4,4,0,1,1,3,2,1,1,0,1
7997,0,2,0,3,4,0,4,4,4,5,4,5,1,0
7999,0,4,1,4,5,1,3,1,3,3,1,2,1,0
8036,0,4,0,4,2,0,4,4,3,4,4,4,0,1
8052,0,4,0,4,1,1,4,2,4,4,3,3,1,0
8063,0,4,0,4,1,2,4,3,4,4,3,2,1,0
8070,1,4,0,4,4,1,5,4,4,4,4,3,1,0
8071,1,4,0,1,4,0,3,3,5,2,2,3,1,0
8085,0,2,0,3,5,2,5,2,2,2,5,5,1,0
8089,0,1,0,4,3,0,1,1,4,4,1,1,0,1
8095,0,4,1,4,5,1,5,5,3,3,3,4,0,1
8102,0,2,0,4,3,0,2,2,3,3,2,2,0,1
8109,0,4,1,5,2,1,4,4,5,5,2,5,0,1
8114,0,1,0,1,3,0,4,4,4,1,4,4,1,0
8116,0,4,0,3,1,0,4,4,3,4,4,4,0,1
8124,0,4,0,4,4,0,4,4,4,4,4,4,0,1
8125,0,4,1,4,4,1,4,4,5,5,4,4,0,1
8151,1,4,0,4,4,1,2,2,2,2,2,2,1,0
8154,0,4,1,4,4,1,4,4,1,1,5,3,1,0
8177,1,4,0,2,5,1,4,5,1,1,2,3,1,0
8179,0,4,0,4,4,0,4,4,3,1,4,4,0,1
8183,0,3,0,4,2,0,1,3,4,4,1,1,0,1
8196,0,2,0,4,3,0,2,2,4,4,2,2,0,1
8210,0,1,0,2,3,0,4,4,2,3,4,4,1,0
8211,0,3,0,4,4,1,3,3,3,3,3,3,1,0
8216,0,2,0,2,3,2,2,2,1,1,4,2,1,0
8227,0,4,1,4,4,1,4,4,5,5,4,4,0,1
8228,1,3,0,5,4,0,1,1,4,3,1,4,0,1
8229,0,1,0,4,1,0,1,1,4,4,1,2,0,1
8239,1,4,0,4,5,1,5,5,5,5,5,4,0,1
8252,0,2,0,3,4,0,4,4,4,4,4,4,1,0
8253,1,5,0,1,5,1,1,1,2,1,1,0,1,0
8260,1,4,0,4,1,1,5,4,2,2,4,3,1,0
8267,0,3,1,3,1,0,5,1,4,4,1,2,1,0
8281,0,3,0,4,3,1,3,3,3,3,2,4,0,1
8296,0,4,0,4,2,0,4,4,4,4,3,3,0,1
8301,1,4,0,3,1,1,4,4,3,3,2,1,1,0
8304,0,4,0,4,2,0,3,3,4,4,1,1,0,1
8309,0,3,0,4,1,0,3,3,3,2,3,3,0,1
8334,1,4,0,5,5,1,5,4,5,5,5,5,0,1
8337,0,4,0,4,2,2,2,2,4,4,3,1,1,0
8351,0,2,0,1,3,1,2,2,5,4,2,2,1,0
8365,0,4,0,4,3,0,4,4,3,2,4,4,0,1
8377,1,4,0,4,1,1,5,3,2,2,5,3,1,0
8389,1,4,0,4,1,2,5,5,4,2,5,4,0,1
8401,0,4,0,3,4,0,4,4,3,2,4,4,0,1
8406,0,4,0,2,4,0,4,4,3,4,4,4,0,1
8416,0,2,0,4,1,0,2,2,3,2,2,2,0,1
8423,0,4,1,4,5,1,4,4,2,2,4,5,0,1
8427,1,4,0,4,4,1,5,4,5,5,4,5,1,0
8454,0,4,1,4,3,1,4,4,1,1,3,4,1,0
8456,0,4,0,3,3,0,4,4,3,4,4,4,0,1
8458,1,3,0,4,1,0,4,4,5,4,4,4,0,1
8474,0,4,0,4,3,0,3,4,4,4,3,3,0,1
8489,0,3,0,3,3,1,4,3,3,3,3,2,1,0
8492,0,1,0,4,4,0,3,1,3,4,3,3,0,1
8493,0,4,1,4,1,1,3,3,3,3,3,1,1,0
8506,0,4,0,4,1,1,4,4,4,1,4,4,0,1
8514,0,3,0,4,1,0,3,3,3,4,3,3,0,1
8518,0,4,0,2,4,1,4,4,3,5,4,4,1,0
8529,0,3,0,2,4,0,3,1,2,2,5,4,1,0
8535,0,1,0,4,3,0,1,1,4,4,1,2,0,1
8541,0,1,0,3,5,0,3,3,2,5,3,4,1,0
8557,0,3,0,1,1,0,4,4,2,5,4,4,1,0
8559,0,4,0,2,5,1,4,4,4,1,4,4,1,0
8569,0,4,0,4,4,0,4,4,4,2,4,3,0,1
8580,1,4,0,4,2,1,3,4,4,4,1,3,1,0
8586,0,3,0,3,3,0,4,1,3,3,3,5,1,0
8593,0,1,0,4,4,0,3,1,4,2,3,3,0,1
8607,0,4,0,4,1,1,4,4,4,4,2,2,1,0
8624,1,4,0,4,3,0,3,3,5,5,3,4,0,1
8626,1,0,0,0,3,1,3,4,4,4,3,1,1,0
8633,0,4,1,3,4,0,5,4,5,5,3,5,1,0
8653,0,3,0,4,4,0,3,3,3,1,3,3,0,1
8664,0,4,1,4,3,0,5,5,5,5,3,5,0,1
8665,0,1,0,4,4,0,1,1,3,3,1,1,0,1
8691,0,2,0,1,3,0,4,4,2,4,4,4,1,0
8693,0,2,0,3,2,0,4,4,4,4,4,4,1,0
8709,0,4,0,4,2,0,4,4,4,4,4,3,0,1
8725,1,4,0,5,3,1,1,1,4,4,1,4,1,0
8762,1,3,0,5,4,1,5,5,3,5,5,4,0,1
8765,0,4,1,4,4,1,4,5,1,1,3,5,1,0
8771,0,3,0,4,4,0,3,3,4,3,3,3,0,1
8783,1,3,0,5,5,0,5,5,5,4,5,3,0,1
8802,0,3,0,4,1,0,3,3,4,3,3,3,0,1
8819,0,2,0,4,1,0,2,2,4,2,2,2,0,1
8829,0,4,1,3,5,1,5,5,2,2,4,5,1,0
8837,0,3,0,3,5,2,5,2,3,3,1,2,1,0
8840,0,2,0,2,4,1,5,5,2,2,1,5,1,0
8848,0,2,0,1,4,0,4,4,2,3,4,4,1,0
8876,0,2,0,2,3,1,2,5,2,2,2,4,1,0
8886,0,3,0,4,2,0,3,3,3,3,3,3,0,1
8890,1,4,0,4,4,1,4,4,4,4,1,1,1,0
8912,0,4,0,4,4,1,1,2,4,4,1,5,0,1
8920,0,3,0,4,4,0,3,3,3,2,3,3,0,1
8926,0,4,1,3,3,0,4,4,5,4,3,5,1,0
8952,0,4,0,4,2,0,4,4,3,2,4,4,0,1
8955,0,4,1,4,3,0,4,4,5,5,5,3,0,1
8965,0,4,0,4,4,0,3,3,4,4,3,4,0,1
8966,0,2,0,3,2,0,4,4,3,5,4,4,1,0
8980,0,4,1,4,1,1,3,4,4,2,4,2,1,0
8984,1,4,0,4,5,1,4,1,1,1,5,2,1,0
8989,0,5,1,0,3,1,5,1,3,3,5,1,1,0
8990,0,1,1,5,5,0,3,5,5,5,2,4,0,1
8994,0,2,1,2,3,0,5,4,2,2,5,4,1,0
8997,0,3,1,3,3,0,4,4,3,3,3,4,1,0
9005,0,3,1,4,4,0,4,5,1,2,4,5,0,1
9015,0,1,0,4,1,0,1,1,3,3,1,1,0,1
9033,0,1,0,3,1,0,4,4,3,4,4,4,1,0
9053,0,3,0,3,3,2,3,2,3,3,2,4,1,0
9059,0,4,0,4,4,0,3,2,4,4,2,3,0,1
9088,0,4,1,4,3,1,4,4,4,4,4,4,0,1
9093,1,4,0,5,4,1,5,5,5,4,5,4,0,1
9096,0,4,0,3,4,0,4,4,4,2,4,4,0,1
9097,0,3,1,3,4,1,5,4,1,1,4,5,1,0
9100,0,2,1,2,5,0,1,5,1,1,3,4,1,0
9115,0,4,0,4,1,1,3,3,4,4,1,4,0,1
9120,0,4,0,4,2,2,3,4,4,4,2,5,0,1
9126,0,3,0,4,5,1,1,1,3,3,1,2,1,0
9146,0,1,0,3,1,0,2,1,3,3,5,4,1,0
9150,1,4,0,2,5,1,3,3,2,5,3,4,1,0
9151,0,3,0,3,4,1,3,4,3,3,3,5,1,0
9167,1,4,0,5,4,0,5,5,5,5,5,4,0,1
9168,0,4,0,4,2,0,4,4,3,2,4,4,0,1
9175,1,4,0,5,4,1,4,3,3,3,5,4,0,1
9179,1,0,0,0,3,1,3,3,4,4,3,1,1,0
9181,0,3,1,3,4,0,4,4,1,2,3,2,1,0
9183,0,4,0,3,3,1,4,4,1,3,4,4,1,0
9184,0,2,0,4,3,1,2,2,4,4,2,2,1,0
9185,0,1,0,4,1,0,1,1,3,1,1,2,0,1
9189,1,4,0,4,3,1,5,5,5,5,4,4,0,1
9206,0,2,0,4,2,0,2,2,3,4,2,2,0,1
9238,0,3,0,3,1,0,2,2,3,3,2,2,1,0
9244,1,4,0,2,4,1,4,5,4,4,4,4,1,0
9264,0,4,1,4,3,1,2,4,4,4,5,2,1,0
9265,1,4,0,4,5,0,3,3,4,5,3,4,0,1
9277,0,3,0,4,3,0,3,3,4,4,3,3,0,1
9279,0,4,1,4,4,0,5,5,5,4,5,4,0,1
9287,0,4,0,2,3,1,4,4,1,4,4,4,1,0
9289,1,3,0,5,5,1,3,4,5,5,4,4,0,1
9316,1,4,0,4,3,1,2,2,4,4,2,1,1,0
9333,0,3,0,4,1,0,3,3,4,2,3,3,0,1
9343,1,4,0,4,3,1,5,5,3,1,5,4,0,1
9348,0,3,0,3,5,0,3,3,5,3,3,3,1,0
9387,0,3,0,4,3,0,3,3,4,2,3,3,0,1
9390,0,3,1,3,5,0,4,5,5,5,4,3,1,0
9405,0,3,0,2,1,0,2,2,1,1,2,2,1,0
9408,0,4,1,4,1,1,3,4,3,3,4,3,1,0
9419,1,4,0,5,4,1,2,2,4,5,2,4,1,0
9424,1,4,0,4,3,2,5,5,5,5,5,5,0,1
9441,0,3,0,3,3,0,5,5,3,3,5,3,1,0
9452,0,4,0,4,2,0,1,4,3,3,1,1,0,1
9456,0,2,0,4,1,0,3,2,4,3,3,3,0,1
9459,0,2,0,4,4,0,2,2,3,2,2,2,0,1
9477,0,3,0,2,4,1,3,3,5,1,3,3,1,0
9484,0,3,0,1,1,0,4,4,1,5,4,4,1,0
9503,0,4,0,4,1,1,3,1,4,4,3,2,1,0
9515,0,4,1,4,5,1,5,4,2,2,4,3,1,0
9528,0,4,1,4,5,1,5,4,1,1,3,3,1,0
9529,0,4,0,4,1,2,2,1,4,4,3,5,0,1
9538,1,4,0,4,3,1,4,4,3,3,3,4,1,0
9544,0,1,0,4,1,0,1,1,4,2,1,1,0,1
9561,1,5,0,3,2,0,2,2,3,2,2,5,1,0
9571,1,4,0,4,4,1,5,5,4,4,4,3,1,0
9590,0,4,0,4,3,0,4,4,3,1,4,4,0,1
9597,1,5,1,5,3,1,4,3,5,1,1,1,1,0
9621,1,4,0,2,4,1,2,2,4,4,1,3,1,0
9679,0,4,0,4,2,1,2,2,3,3,2,5,0,1
9685,0,4,0,3,3,1,4,4,2,2,4,4,1,0
9688,0,4,0,4,2,0,4,3,4,4,1,5,0,1
9710,0,3,0,4,2,0,3,3,4,3,3,3,0,1
9711,1,4,0,4,4,1,4,3,3,3,2,4,1,0
9712,0,2,0,1,2,0,4,4,1,3,4,4,1,0
9746,1,4,0,5,3,1,5,5,1,1,4,5,0,1
9809,0,3,0,4,1,0,3,3,3,1,3,3,0,1
9827,0,4,0,4,2,1,3,4,4,4,2,1,1,0
9833,1,4,0,4,4,1,4,5,4,4,4,5,1,0
9835,0,4,0,4,4,1,2,1,4,4,2,3,1,0
9846,0,4,1,4,5,0,4,5,5,5,4,3,0,1
9853,0,3,0,2,2,0,4,5,2,2,4,3,1,0
9855,0,4,0,2,2,1,4,4,5,5,4,4,1,0
9866,1,3,0,5,3,2,5,5,4,5,5,4,0,1
9870,0,3,0,3,2,0,2,5,3,3,3,2,1,0
9886,0,3,0,3,5,2,3,2,3,3,4,1,1,0
9912,0,4,1,4,2,1,3,4,2,2,3,4,1,0
9915,0,2,0,4,1,0,2,2,4,4,2,2,0,1
9927,0,3,0,4,2,0,3,3,4,3,3,3,0,1
9932,0,2,0,2,1,2,2,2,1,4,2,2,1,0
9935,0,2,1,4,4,0,4,5,4,4,3,4,0,1
9947,1,5,0,3,3,1,5,5,3,4,5,5,1,0
9977,1,4,0,4,3,1,5,5,5,3,5,4,0,1
9992,0,4,0,3,4,0,4,4,3,3,4,4,0,1
9998,0,3,0,3,5,2,5,4,3,3,4,2,1,0
10008,0,4,0,4,3,0,3,3,4,4,3,1,0,1
10023,0,4,0,3,4,0,4,4,3,2,4,4,0,1
10038,0,3,0,4,4,0,3,3,3,2,3,3,0,1
10039,1,4,0,4,5,1,5,5,5,5,5,5,0,1
10050,1,4,0,4,1,1,3,3,3,2,5,5,1,0
10072,1,1,0,5,5,1,5,5,5,5,4,4,0,1
10092,0,2,0,3,1,0,4,4,2,4,4,4,1,0
10095,0,4,1,1,1,0,5,5,1,1,2,4,1,0
10122,0,4,1,4,4,1,5,1,5,5,1,2,1,0
10128,1,4,0,5,5,1,4,4,5,3,4,4,0,1
10136,0,1,0,1,3,0,3,3,5,3,3,3,1,0
10149,0,4,1,4,4,1,3,4,5,5,4,5,0,1
10158,0,1,0,4,4,0,1,1,4,1,1,1,0,1
10160,0,3,1,3,2,1,4,4,5,5,2,4,1,0
10171,0,3,0,2,2,1,3,3,3,1,3,3,1,0
10174,0,2,0,4,1,0,2,2,4,2,2,2,0,1
10181,1,4,0,4,3,1,4,4,3,4,3,3,1,0
10185,1,4,0,4,5,1,4,5,3,3,1,2,1,0
10195,1,4,0,3,3,1,5,5,2,3,5,4,1,0
10200,1,0,0,0,3,1,4,4,2,2,3,2,1,0
10205,0,4,0,4,3,1,4,4,4,4,4,3,0,1
10212,1,5,0,2,3,1,5,5,3,4,5,0,1,0
10236,0,1,0,4,4,0,1,1,3,1,1,1,0,1
10264,0,4,0,4,3,1,4,3,4,4,1,1,1,0
10287,0,3,0,4,1,0,3,3,4,3,3,3,0,1
10297,0,2,1,5,5,1,4,5,5,5,4,5,0,1
10313,0,4,0,2,1,1,4,4,4,1,4,4,1,0
10369,0,4,0,2,1,1,4,4,3,5,4,4,1,0
10374,0,4,0,3,1,0,4,4,2,3,4,4,0,1
10376,0,1,0,3,5,0,3,3,2,3,3,3,1,0
10398,0,4,1,4,5,0,5,5,3,3,3,2,0,1
10426,1,4,0,4,3,1,3,3,3,2,3,4,1,0
10428,0,3,0,3,3,2,2,1,3,3,1,1,1,0
10453,1,4,0,4,4,1,1,1,4,4,1,4,1,0
10459,0,4,0,1,1,1,4,4,2,1,4,4,1,0
10495,1,0,0,0,4,1,4,4,5,5,3,2,1,0
10497,0,3,0,4,2,0,3,3,4,3,3,2,0,1
10499,0,4,0,3,3,2,4,4,2,2,4,4,1,0
10511,0,2,0,4,2,0,2,2,3,1,2,2,0,1
10530,1,4,0,5,3,1,5,5,4,4,5,5,0,1
10547,0,2,0,4,4,0,2,2,3,4,2,2,0,1
10550,1,5,0,3,3,1,2,4,3,4,2,5,1,0
10555,1,0,0,0,2,1,2,2,3,3,3,3,1,0
10560,0,2,0,2,3,1,5,4,2,2,2,3,1,0
10570,0,4,0,4,4,2,2,4,4,4,5,3,0,1
10590,0,4,1,4,4,1,5,2,3,3,4,5,0,1
10591,0,1,0,4,2,0,1,1,3,1,1,2,0,1
10595,1,4,0,2,4,1,4,4,2,4,4,4,1,0
10601,0,4,0,3,4,0,4,4,2,3,4,4,0,1
10629,0,2,0,2,2,0,3,5,2,2,3,5,1,0
10633,0,4,0,4,2,1,3,1,4,4,1,1,1,0
10635,0,2,1,2,4,0,5,4,1,1,5,5,1,0
10650,0,3,0,1,5,0,3,3,2,5,3,3,1,0
10657,1,4,0,5,3,1,2,3,1,1,3,5,1,0
10661,0,4,0,4,3,2,1,1,4,4,3,2,1,0
10662,0,2,0,2,2,2,5,2,2,2,4,3,1,0
10669,1,4,0,4,4,1,4,5,4,4,5,1,1,0
10692,0,4,0,4,3,0,2,4,3,2,2,2,0,1
10699,1,4,0,4,2,1,4,4,4,4,4,4,1,0
10709,0,3,0,2,5,1,3,3,1,1,3,3,1,0
10712,0,4,0,3,4,0,4,4,4,3,4,4,0,1
10719,1,4,0,4,3,1,5,1,4,3,5,4,1,0
10721,0,4,1,4,3,0,4,4,1,1,1,5,0,1
10734,0,2,0,4,3,0,2,2,4,2,2,2,0,1
10747,0,3,0,4,4,0,3,3,3,2,3,2,0,1
10756,1,4,0,4,1,2,4,3,4,4,3,4,1,0
10764,1,4,0,4,1,0,3,3,5,5,4,5,0,1
10767,0,3,0,3,4,0,4,4,1,5,4,4,1,0
10769,1,4,0,5,4,1,5,5,4,4,5,4,0,1
10778,0,4,0,4,4,1,4,4,3,4,4,4,0,1
10782,0,1,0,2,3,0,4,4,2,2,5,4,1,0
10788,1,5,0,0,4,1,4,5,2,2,3,4,1,0
10797,0,4,0,4,2,1,4,4,3,4,4,4,0,1
10799,0,4,0,3,4,1,4,4,3,3,4,4,1,0
10805,0,3,0,4,2,0,3,3,3,1,3,3,0,1
10814,0,3,0,4,3,0,1,3,4,2,1,1,0,1
10824,0,4,0,4,4,0,3,3,4,4,3,3,0,1
10826,1,4,0,4,4,1,3,3,5,5,4,2,1,0
10836,0,1,0,4,4,0,1,1,3,1,1,2,0,1
10848,0,4,1,4,3,1,4,3,1,1,4,5,0,1
10855,1,4,0,1,5,1,2,4,2,1,2,4,1,0
10856,0,4,1,4,5,0,5,4,3,3,5,4,0,1
10859,1,4,0,4,5,1,5,5,1,1,5,3,1,0
10888,0,4,1,4,4,0,4,4,4,4,3,4,0,1
10929,0,2,0,2,3,0,4,4,3,3,4,4,1,0
10964,0,4,0,3,2,0,4,4,3,1,4,4,0,1
10967,0,4,0,4,2,0,4,4,4,3,4,4,0,1
10983,0,4,0,4,3,1,3,3,5,5,4,5,0,1
10985,0,1,0,3,3,0,4,4,3,3,4,2,1,0
11011,1,2,0,5,5,2,4,4,5,5,4,4,0,1
11036,0,3,0,3,2,0,4,4,2,4,4,4,1,0
11048,1,3,0,5,4,0,5,5,5,4,5,3,0,1
11065,0,4,0,4,1,0,3,2,4,4,1,5,0,1
11092,0,4,0,4,4,0,4,3,4,4,3,4,0,1
11094,0,4,0,4,4,2,3,3,3,4,3,4,0,1
11096,0,5,0,4,2,0,5,5,3,1,5,4,0,1
11126,0,2,1,2,3,0,4,4,1,1,3,2,1,0
11127,1,4,0,4,5,1,5,5,4,4,5,4,0,1
11137,0,4,0,4,4,1,3,3,4,4,1,1,1,0
11143,1,4,0,2,2,1,5,4,2,2,5,4,1,0
11147,0,2,1,5,5,2,1,3,5,5,5,4,0,1
11148,1,4,0,4,2,1,3,2,3,3,2,5,1,0
11150,0,5,0,4,4,0,3,3,5,5,3,5,0,1
11152,1,2,0,5,5,2,5,5,5,5,4,4,0,1
11159,0,3,0,2,2,1,3,3,4,3,3,3,1,0
11162,0,4,0,2,1,0,4,4,3,1,4,4,0,1
11203,0,4,1,3,3,1,1,4,5,5,5,2,1,0
11229,0,5,0,2,2,0,5,5,2,3,5,4,0,1
11239,0,2,0,4,1,0,2,2,4,3,2,2,0,1
11253,0,2,0,4,1,0,2,2,3,2,2,2,0,1
11270,0,1,0,4,1,0,1,1,3,2,1,1,0,1
11279,0,1,0,3,4,0,4,5,3,3,5,3,1,0
11285,0,4,0,1,3,1,4,4,1,5,4,4,1,0
11290,0,3,0,3,2,1,3,5,4,4,4,5,1,0
11293,0,3,0,4,4,1,2,3,3,3,4,1,1,0
11304,0,2,0,3,4,0,2,2,2,3,2,2,1,0
11312,0,4,0,4,2,2,1,4,4,4,2,2,1,0
11315,0,3,1,3,5,0,5,4,5,5,4,5,1,0
11320,0,2,0,2,5,1,1,1,2,2,5,3,1,0
11322,0,4,0,4,2,1,3,3,3,3,1,4,0,1
11326,0,3,0,1,4,1,3,3,2,3,3,3,1,0
11329,1,4,0,4,5,1,5,5,1,1,3,5,1,0
11361,0,4,0,4,1,0,4,4,4,3,4,4,0,1
11363,1,5,0,3,3,2,3,4,3,3,4,4,1,0
11369,0,2,0,4,3,0,2,2,3,4,2,2,0,1
11373,0,2,0,1,4,0,4,4,1,4,4,4,1,0
11389,0,4,0,4,2,1,3,3,4,4,1,1,1,0
11390,0,2,0,2,5,2,3,2,2,2,1,2,1,0
11414,0,5,0,4,2,0,3,4,5,5,2,5,0,1
11416,1,4,0,4,3,1,4,5,5,5,5,2,1,0
11450,0,4,1,4,4,1,3,3,4,4,4,5,0,1
11457,0,4,0,4,1,0,4,4,3,2,4,3,0,1
11469,0,4,1,4,3,1,2,2,4,4,4,3,1,0
11481,0,4,0,3,5,1,4,4,3,2,4,4,1,0
11513,0,1,0,4,3,0,1,1,4,1,1,1,0,1
11540,0,4,0,1,1,1,4,4,4,4,4,4,1,0
11549,1,4,0,5,3,1,5,3,1,4,4,4,0,1
11556,0,3,1,5,5,0,2,4,5,5,4,4,0,1
11585,0,4,0,2,5,0,3,3,4,4,3,3,1,0
11596,0,3,0,2,2,0,5,5,2,2,3,5,1,0
11602,1,4,0,5,4,1,3,5,4,3,3,4,0,1
11606,0,4,1,4,5,1,5,3,1,3,5,3,1,0
11622,0,2,0,3,4,0,2,2,4,3,2,2,1,0
11633,0,4,1,4,4,1,4,5,1,1,3,4,1,0
11634,0,2,0,1,3,0,4,4,2,4,4,4,1,0
11639,1,4,0,1,1,1,3,5,1,1,5,4,1,0
11650,1,4,0,4,1,0,4,3,2,1,1,5,1,0
11653,0,2,0,4,3,0,2,2,4,2,2,2,0,1
11658,1,0,0,0,4,1,3,2,4,4,1,2,1,0
11663,0,4,1,4,3,1,3,5,3,3,1,2,1,0
11665,0,4,1,4,3,2,4,5,1,2,5,5,0,1
11667,0,3,0,4,4,0,3,3,3,4,3,3,0,1
11671,0,4,0,3,2,1,4,4,5,2,4,4,1,0
11672,0,4,1,4,3,0,3,2,4,4,3,5,0,1
11680,0,1,0,1,1,0,4,4,3,2,4,4,1,0
11694,0,3,0,3,4,0,4,4,1,4,4,4,1,0
11703,0,3,0,4,2,0,3,3,3,4,3,3,0,1
11708,0,4,0,4,2,1,3,3,2,4,4,4,0,1
11722,0,1,0,4,3,0,1,1,4,4,1,1,0,1
11731,1,0,0,0,1,1,4,3,3,4,1,2,1,0
11747,1,4,0,4,4,1,5,4,3,3,4,3,1,0
11748,0,4,0,4,1,0,4,4,3,2,4,4,0,1
11756,0,3,0,2,3,0,5,4,1,1,3,5,1,0
11759,0,4,0,4,1,1,2,1,4,4,3,2,1,0
11763,0,3,0,4,3,0,3,3,3,4,3,3,0,1
11796,1,5,0,1,1,1,5,5,1,1,2,5,1,0
11798,0,5,0,4,2,2,4,4,3,5,1,1,0,1
11816,1,4,0,4,5,1,4,5,1,1,4,2,1,0
11835,0,4,1,4,3,1,5,4,5,5,3,2,1,0
11865,0,4,0,1,3,1,4,4,5,1,4,4,1,0
11872,0,4,0,4,2,0,3,3,4,4,3,3,0,1
11876,0,3,0,4,1,0,3,3,4,1,3,3,0,1
11888,1,4,0,4,4,1,3,3,2,2,4,4,1,0
11894,0,2,0,3,3,0,5,4,3,3,4,2,1,0
11909,0,3,0,3,5,1,1,3,3,3,5,3,1,0
11911,0,2,0,4,3,0,2,2,3,3,2,2,0,1
11915,0,3,0,3,4,0,4,4,3,3,3,4,1,0
11921,0,3,0,4,2,0,3,3,4,3,3,3,0,1
11922,0,2,0,4,3,0,2,2,3,3,2,2,0,1
11925,0,2,0,4,3,0,2,2,3,4,2,2,0,1
11931,0,4,0,3,1,0,4,3,4,4,2,4,0,1
11947,0,4,0,1,5,1,4,4,4,5,4,4,1,0
11952,0,3,0,4,2,0,3,3,3,2,3,3,0,1
11967,0,1,0,4,3,0,1,1,4,1,1,1,0,1
11975,0,4,0,3,1,2,4,4,2,3,4,4,1,0
11978,1,4,0,4,5,1,5,4,4,4,5,3,1,0
11992,0,3,0,3,5,1,4,3,3,3,1,3,1,0
12026,0,2,0,2,2,0,4,4,4,4,4,4,1,0
12027,0,2,0,4,1,0,2,2,3,2,2,2,0,1
12036,0,4,1,4,5,0,4,4,5,5,3,2,0,1
12037,0,4,1,4,5,1,3,4,3,3,2,1,1,0
12047,0,1,0,4,3,0,1,1,4,1,1,1,0,1
12068,0,2,0,2,5,1,3,4,3,3,3,5,1,0
12069,0,4,0,1,5,1,4,4,1,3,4,4,1,0
12092,1,3,0,5,5,1,4,5,1,1,4,4,0,1
12105,0,4,1,4,4,0,5,4,5,5,4,4,0,1
12122,0,4,0,4,4,0,2,4,3,3,2,2,0,1
12141,1,4,0,5,4,1,4,4,4,3,4,4,0,1
12144,0,4,0,4,1,0,4,3,4,4,1,4,0,1
12154,1,3,0,4,5,0,4,3,1,1,4,4,0,1
12188,1,3,0,5,3,0,5,5,5,5,5,3,0,1
12190,0,3,0,4,3,0,3,3,4,4,3,3,0,1
12219,1,4,0,4,3,1,4,4,5,5,5,3,1,0
12242,0,3,0,3,5,0,1,1,5,4,1,2,1,0
12254,0,3,0,4,1,0,3,3,4,2,3,3,0,1
12255,1,1,0,5,4,0,4,3,4,4,4,5,0,1
12282,0,2,0,4,2,0,2,2,3,4,2,2,0,1
12284,1,0,0,0,3,1,3,3,5,5,1,3,1,0
12311,0,4,0,4,4,0,4,4,3,3,4,4,0,1
12332,0,3,0,4,4,0,3,3,4,1,3,3,0,1
12337,0,4,1,4,1,2,2,4,4,5,5,5,0,1
12338,0,3,0,4,1,0,3,3,4,4,3,3,0,1
12339,0,1,0,3,5,0,5,3,3,3,5,1,1,0
12340,0,1,0,4,2,0,1,1,4,2,1,1,0,1
12371,0,5,0,3,3,0,5,5,2,3,5,4,0,1
12376,0,2,0,2,2,1,3,1,2,2,3,3,1,0
12385,1,3,0,5,5,2,5,5,4,4,5,4,0,1
12402,0,4,1,3,5,0,4,4,2,2,4,5,1,0
12428,0,1,0,4,4,0,1,1,4,3,1,1,0,1
12444,0,4,1,4,1,0,3,3,5,3,4,2,0,1
12455,0,4,1,4,2,1,3,1,5,5,5,5,0,1
12461,0,4,1,4,5,0,4,4,4,4,3,3,1,0
12465,0,4,1,4,1,0,3,4,3,3,4,5,0,1
12472,0,4,1,3,3,0,3,5,3,3,5,5,1,0
12489,0,5,0,4,1,1,3,3,5,5,3,1,0,1
12504,0,3,0,4,1,0,3,3,4,3,3,3,0,1
12514,1,4,0,3,1,2,4,4,3,4,4,2,1,0
12522,0,4,0,4,4,1,2,2,4,4,1,3,1,0
12548,0,4,0,2,1,1,4,4,2,3,4,4,1,0
12554,1,4,0,3,1,1,4,4,5,1,4,4,1,0
12558,0,2,0,4,2,0,2,2,3,3,2,2,0,1
12570,1,0,0,0,5,1,4,4,4,4,3,3,1,0
12572,0,3,0,3,3,2,2,2,3,3,1,2,1,0
12574,0,3,0,2,4,0,3,1,2,2,1,2,1,0
12587,1,5,0,0,5,1,4,4,2,2,5,5,1,0
12608,1,4,0,4,3,0,4,4,1,4,3,4,1,0
12614,1,4,0,3,5,1,5,4,3,3,4,2,1,0
12619,0,3,0,1,5,0,3,3,1,3,3,3,1,0
12623,0,3,0,3,3,1,5,2,3,3,4,2,1,0
12628,1,4,0,4,5,1,4,5,1,3,3,3,1,0
12633,0,2,0,3,4,0,2,2,4,3,2,2,1,0
12638,0,1,0,2,1,0,4,4,2,1,4,4,1,0
12644,0,5,0,3,4,0,5,5,4,4,5,4,0,1
12654,0,1,0,3,4,0,4,4,4,3,4,4,1,0
12657,0,3,0,5,3,1,3,3,2,4,3,3,1,0
12658,1,4,0,4,5,1,5,5,4,3,5,4,0,1
12689,0,4,1,4,4,1,4,5,4,4,5,4,0,1
12697,0,4,0,4,2,1,4,4,5,5,3,3,0,1
12711,0,4,1,3,4,0,4,4,2,2,4,5,1,0
12732,0,2,1,2,3,0,4,4,1,1,4,5,1,0
12734,0,1,0,2,2,0,5,5,2,2,3,5,1,0
12736,0,4,1,4,5,0,5,5,3,3,5,5,0,1
12742,1,4,0,5,4,1,4,4,5,4,4,4,0,1
12748,0,4,0,3,2,1,4,4,1,2,4,4,1,0
12752,0,2,0,2,3,0,4,4,1,2,4,4,1,0
12758,0,1,0,3,1,0,4,4,3,1,4,4,1,0
12759,0,3,0,1,3,1,3,3,5,3,3,3,1,0
12773,1,4,0,4,4,1,1,2,3,3,3,3,1,0
12779,0,3,0,4,4,0,4,4,3,3,2,2,0,1
12788,0,4,1,4,1,0,1,1,3,3,1,5,0,1
12802,0,2,0,4,4,0,2,2,4,3,2,2,0,1
12815,0,2,0,2,2,1,5,1,2,2,5,2,1,0
12826,1,2,0,5,5,1,3,4,5,5,5,5,0,1
12840,0,1,0,2,2,0,4,4,3,5,4,4,1,0
12851,0,4,0,4,1,1,1,4,4,4,1,3,1,0
12852,0,1,0,4,4,0,4,1,3,4,4,4,0,1
12856,0,1,0,3,3,0,2,2,4,5,2,2,1,0
12862,0,3,0,3,2,0,4,4,3,1,4,5,1,0
12870,0,4,0,4,4,0,4,4,3,2,4,4,0,1
12886,0,4,1,4,5,1,5,1,4,4,4,4,0,1
12888,0,4,1,5,2,2,3,3,3,2,1,5,0,1
12907,0,3,0,4,1,0,3,3,4,1,3,3,0,1
12930,1,0,0,2,4,1,1,1,3,4,1,0,1,0
12938,0,3,0,3,3,1,3,3,4,3,3,3,1,0
12953,0,3,0,4,4,0,3,3,4,3,3,3,0,1
12971,1,4,0,4,4,1,4,4,2,2,2,4,1,0
12974,0,2,0,3,1,0,4,4,2,2,4,4,1,0
12985,0,1,0,4,1,0,1,1,3,4,1,1,0,1
12986,0,3,0,3,5,1,3,3,3,3,2,4,1,0
13004,0,4,0,2,3,0,4,4,2,4,4,4,0,1
13007,1,4,0,4,4,0,5,5,5,5,4,5,0,1
13023,0,4,0,4,2,0,2,3,4,4,3,5,0,1
13032,1,4,0,4,2,1,4,3,4,3,3,3,1,0
13034,0,2,0,3,3,1,2,2,2,3,2,2,1,0
13039,0,3,0,4,1,0,3,3,4,4,3,3,0,1
13041,1,4,0,4,5,1,4,4,5,5,4,4,1,0
13045,0,2,0,4,2,0,3,2,3,4,3,3,0,1
13073,0,2,0,2,2,1,5,4,2,2,2,5,1,0
13085,0,3,0,3,4,1,3,4,3,3,3,2,1,0
13090,0,4,1,5,4,0,5,5,3,3,4,3,0,1
13102,0,1,0,4,2,0,1,1,3,3,1,1,0,1
13110,1,4,0,4,3,1,3,3,3,2,1,5,1,0
13117,1,4,0,4,2,1,5,5,3,3,2,4,1,0
13120,0,2,0,4,3,0,2,2,3,4,2,2,0,1
13126,0,4,0,3,5,1,4,4,4,3,4,4,1,0
13144,0,4,1,4,5,1,4,5,3,5,5,4,0,1
13175,0,1,0,1,4,0,4,4,3,1,4,5,1,0
13180,0,3,0,4,2,1,3,3,3,5,3,3,1,0
13200,1,0,0,0,1,1,3,4,1,1,3,1,1,0
13203,0,3,0,3,3,2,3,2,3,3,1,1,1,0
13222,1,0,0,0,1,2,2,1,2,3,1,2,1,0
13244,0,2,0,4,2,0,4,4,2,4,2,4,0,1
13254,1,4,0,1,2,1,3,3,2,2,1,3,1,0
13257,0,4,0,1,5,2,4,4,3,5,4,4,1,0
13260,0,4,0,2,4,1,4,4,2,4,4,4,1,0
13267,1,2,0,5,5,0,5,4,5,4,5,3,0,1
13270,0,4,0,2,1,0,4,4,2,1,4,4,0,1
13274,1,4,0,5,3,0,2,2,4,3,2,4,0,1
13277,0,3,0,3,5,0,2,2,2,1,2,2,1,0
13291,0,4,0,2,4,1,4,4,3,4,4,4,1,0
13318,0,4,0,4,1,1,4,4,3,1,4,4,0,1
13324,1,4,0,0,1,1,2,2,2,2,3,1,1,0
13340,0,3,0,3,1,1,3,3,1,5,3,3,1,0
13347,0,4,0,3,5,1,4,4,4,2,4,4,1,0
13358,1,4,0,4,3,1,4,4,3,2,5,4,1,0
13384,0,3,0,1,1,0,3,3,5,4,3,5,1,0
13388,0,5,0,2,1,0,1,5,2,1,1,2,0,1
13400,0,4,0,4,3,0,4,4,3,3,4,4,0,1
13408,0,4,1,3,5,0,4,4,4,4,3,4,1,0
13409,0,2,0,4,3,0,2,2,3,4,2,2,0,1
13425,0,4,1,4,5,0,4,5,1,1,4,5,0,1
13436,0,3,0,4,2,0,3,3,3,2,3,3,0,1
13482,0,2,0,4,3,0,1,2,3,1,1,1,0,1
13520,0,2,0,4,3,0,2,2,4,3,2,2,0,1
13521,0,2,0,2,4,0,4,4,1,1,3,2,1,0
13534,1,4,0,4,1,2,3,3,2,2,1,1,1,0
13544,0,4,0,4,2,0,4,4,3,4,4,4,0,1
13551,0,2,0,3,4,0,4,5,3,3,5,2,1,0
13563,0,2,0,2,1,2,2,2,3,5,2,2,1,0
13565,0,3,1,3,4,0,4,4,1,1,5,4,1,0
13586,0,4,1,4,2,1,1,3,5,5,4,2,1,0
13592,0,4,1,4,4,1,4,3,2,2,1,1,1,0
13596,1,0,0,3,2,1,3,1,3,5,3,0,1,0
13603,0,4,0,4,3,2,3,3,4,4,3,5,0,1
13640,1,4,0,4,5,1,5,4,5,4,5,3,1,0
13647,0,1,0,3,3,0,4,4,1,3,4,4,1,0
13665,0,4,0,4,1,0,3,3,4,4,1,1,0,1
13669,0,5,0,2,1,0,5,5,3,4,5,4,0,1
13673,0,4,0,2,5,1,4,4,4,5,4,4,1,0
13680,0,5,1,0,3,1,4,4,3,3,4,2,1,0
13685,0,2,0,4,2,0,2,2,3,2,2,2,0,1
13717,0,4,1,4,3,1,2,2,5,1,3,4,1,0
13746,0,2,0,3,3,0,4,4,3,5,4,5,1,0
13748,0,4,0,2,3,1,4,4,2,3,4,4,1,0
13755,1,5,0,1,1,1,4,4,3,1,4,5,1,0
13764,0,3,0,4,4,0,3,3,3,1,3,4,0,1
13766,1,3,0,5,5,0,1,1,3,1,1,4,0,1
13772,1,4,0,3,1,1,4,3,4,5,2,3,1,0
13775,0,4,0,2,1,1,4,4,5,5,4,4,1,0
13784,0,4,1,4,4,0,5,4,4,4,4,5,0,1
13785,0,5,0,4,3,1,4,3,5,5,2,5,0,1
13790,0,1,0,3,4,0,4,4,4,4,4,4,1,0
13802,0,4,1,4,4,0,3,3,4,4,4,2,0,1
13803,0,4,0,4,1,1,4,3,4,4,3,2,1,0
13806,0,4,0,3,2,0,4,4,3,1,4,4,0,1
13811,0,1,0,4,3,0,1,1,4,2,1,0,0,1
13821,1,4,0,4,3,1,5,5,5,3,5,4,0,1
13879,0,4,0,4,1,0,3,4,3,3,3,3,0,1
13882,0,4,0,3,3,0,4,3,4,3,3,5,0,1
13886,1,5,0,0,5,1,4,5,2,2,5,5,1,0
13937,0,4,1,4,3,0,5,4,1,1,3,3,1,0
13957,0,4,0,3,1,1,4,4,4,2,4,4,1,0
13958,0,4,0,3,4,0,4,4,3,3,4,4,0,1
13962,0,4,0,3,4,0,3,3,3,5,3,3,1,0
13978,0,3,0,3,3,0,3,3,4,5,3,3,1,0
14008,0,4,0,1,3,1,4,4,3,2,4,4,1,0
14012,0,2,0,4,4,0,2,2,3,4,2,2,0,1
14020,0,4,0,4,2,1,3,2,4,4,3,4,0,1
14023,0,4,0,2,4,0,3,3,4,1,3,3,1,0
14042,0,4,0,4,4,0,4,4,3,2,4,4,0,1
14051,0,4,0,4,4,1,4,4,4,3,4,4,0,1
14067,0,2,0,3,1,0,5,5,4,4,1,2,1,0
14069,0,1,0,4,3,0,3,1,3,4,3,3,0,1
14092,0,3,0,3,5,1,1,2,3,3,1,1,1,0
14126,0,4,0,3,4,0,4,4,3,4,4,4,0,1
14127,0,3,0,4,1,1,3,4,4,3,1,4,0,1
14129,1,4,0,4,3,0,5,5,3,2,5,3,0,1
14132,0,3,0,3,1,1,1,1,4,4,2,4,1,0
14143,0,4,1,4,5,1,5,4,3,3,3,2,1,0
14159,1,3,0,5,5,1,4,4,5,3,4,4,0,1
14182,0,4,1,4,3,1,4,5,3,3,4,3,1,0
14185,0,2,0,3,2,0,4,4,1,5,4,4,1,0
14191,0,4,0,3,4,0,5,4,2,2,5,2,1,0
14199,0,3,0,4,1,0,3,3,4,2,3,3,0,1
14220,0,4,1,4,3,1,1,5,2,2,1,4,1,0
14242,0,2,0,3,3,0,5,5,3,3,3,3,1,0
14245,0,3,0,4,2,0,3,3,4,3,3,2,0,1
14252,0,4,0,3,2,0,3,4,4,4,3,4,0,1
14260,0,4,0,3,4,0,4,4,3,1,4,4,0,1
14282,0,4,0,4,3,0,4,4,3,1,4,3,0,1
14284,0,4,0,4,2,0,2,4,3,1,2,2,0,1
14311,1,4,0,4,3,2,5,5,2,2,5,5,0,1
14323,0,4,0,1,4,1,4,4,1,4,4,4,1,0
14329,0,3,0,3,2,0,4,4,4,4,4,4,1,0
14363,0,3,0,2,4,1,3,3,5,1,3,3,1,0
14371,1,4,0,4,4,2,4,5,5,5,3,2,1,0
14372,0,4,0,2,1,1,4,4,2,3,4,4,1,0
14391,0,4,0,4,3,1,3,1,4,4,4,4,0,1
14392,0,4,1,4,4,0,5,4,1,1,4,5,0,1
14403,0,4,0,4,3,1,3,4,4,4,1,3,1,0
14409,0,1,0,4,2,0,3,1,4,2,3,3,0,1
14411,0,4,1,4,3,1,4,3,5,5,4,4,0,1
14415,1,5,0,4,4,2,4,4,4,4,2,3,1,0
14429,0,4,1,4,5,0,4,4,1,1,5,4,0,1
14434,0,2,1,5,5,1,1,3,5,5,1,4,0,1
14445,1,4,0,4,5,1,4,5,3,3,5,4,0,1
14453,0,2,0,4,1,0,2,2,3,4,2,2,0,1
14457,0,4,0,3,3,0,5,4,3,3,4,3,1,0
14474,0,4,0,4,4,0,4,4,4,4,1,3,0,1
14487,0,3,1,3,3,0,4,5,2,2,3,5,1,0
14514,0,4,1,4,4,0,4,4,4,4,4,4,0,1
14519,0,4,1,4,5,1,5,2,2,2,3,4,0,1
14530,0,5,0,4,2,0,3,4,5,5,2,3,0,1
14531,0,4,1,5,5,0,4,4,3,3,5,5,0,1
14555,0,4,0,4,3,2,2,3,4,4,3,1,1,0
14563,0,4,1,4,3,0,4,5,1,1,4,2,0,1
14566,0,2,0,2,2,0,2,2,5,5,2,2,1,0
14568,0,4,0,4,4,1,4,3,4,4,5,4,0,1
14569,0,4,1,5,3,1,4,5,4,4,3,4,0,1
14581,1,1,0,5,1,0,5,5,2,4,5,1,0,1
14588,0,1,0,4,1,0,1,1,4,3,1,2,0,1
14614,0,4,0,2,1,2,4,4,3,4,4,4,1,0
14615,0,4,0,4,4,0,4,3,4,4,5,2,0,1
14627,1,4,0,5,5,0,5,5,4,4,5,2,0,1
14640,0,4,0,3,3,0,4,4,3,1,4,4,0,1
14653,0,4,1,4,5,1,5,5,1,1,3,5,0,1
14658,0,4,0,4,4,0,3,3,4,4,1,2,0,1
14670,0,3,0,3,4,0,4,4,3,2,4,4,1,0
14693,0,3,0,4,1,0,3,3,4,3,3,3,0,1
14714,0,2,0,4,1,2,2,2,4,4,2,2,1,0
14721,0,3,0,4,2,2,5,4,3,3,3,2,1,0
14729,1,4,0,4,4,1,4,3,4,4,3,2,1,0
14740,0,4,1,4,3,1,2,1,2,2,4,4,0,1
14744,0,4,0,4,3,1,2,3,4,4,4,2,0,1
14752,0,3,1,5,5,1,5,5,5,5,2,4,0,1
14772,1,4,0,4,2,1,2,2,4,4,2,1,1,0
14782,0,4,1,4,2,0,5,2,1,1,4,4,0,1
14790,1,4,0,4,5,1,2,1,3,4,4,5,1,0
14800,0,4,0,4,3,0,4,4,4,3,4,4,0,1
14827,1,4,0,4,3,1,4,4,5,5,5,4,1,0
14831,1,0,0,2,3,2,2,3,5,5,1,1,1,0
14833,0,1,0,3,4,0,2,2,1,2,2,2,1,0
14835,0,4,0,4,4,0,3,2,4,4,4,3,0,1
14850,0,3,0,4,1,0,3,3,4,2,3,3,0,1
14861,1,4,0,4,3,1,5,5,3,3,3,4,1,0
14865,0,3,0,4,1,0,3,3,4,4,3,2,0,1
14878,0,3,0,4,3,0,3,3,3,3,3,4,0,1
14880,0,4,0,3,2,0,4,4,4,4,4,5,0,1
14885,0,2,0,2,2,1,2,5,2,2,3,2,1,0
14898,0,4,0,3,2,0,4,4,3,1,4,4,0,1
14913,0,4,0,2,5,0,2,2,1,1,2,2,1,0
14920,0,4,0,4,4,2,2,3,4,4,2,1,1,0
14933,1,4,0,3,2,0,4,4,5,1,4,4,1,0
14940,0,4,1,4,4,0,4,3,5,5,3,5,0,1
14944,0,4,0,4,3,0,4,4,4,4,4,3,0,1
14960,1,2,0,5,5,1,4,5,5,5,5,4,0,1
14970,0,2,0,4,2,0,2,2,4,4,2,2,0,1
14980,0,3,0,3,3,0,3,3,3,3,3,3,1,0
14990,0,1,0,4,2,0,1,1,4,4,1,1,0,1
15001,0,1,0,4,3,0,1,1,3,3,1,1,0,1
15009,0,1,0,4,1,0,1,1,4,2,1,1,0,1
15029,1,4,0,2,1,1,2,2,3,4,2,4,1,0
15052,0,4,1,4,5,1,5,4,2,2,3,5,0,1
15058,0,4,0,4,3,1,3,3,4,4,4,4,0,1
15061,1,4,0,5,5,1,4,5,3,5,3,4,0,1
15096,0,3,0,4,3,0,3,3,4,3,3,3,0,1
15102,0,4,1,4,4,0,5,5,3,3,5,2,0,1
15134,0,2,0,4,1,0,2,2,4,4,2,2,0,1
15135,0,3,1,3,4,0,4,4,5,5,4,2,1,0
15136,0,3,0,3,5,1,1,3,3,3,4,2,1,0
15150,1,4,0,4,4,1,3,2,4,4,1,3,1,0
15154,0,4,0,4,4,1,1,1,4,4,2,3,1,0
15156,1,4,0,4,4,1,5,4,5,5,5,4,1,0
15159,0,4,0,3,1,1,3,3,2,4,3,4,1,0
15167,0,3,0,4,1,0,3,3,3,2,3,3,0,1
15169,1,4,0,4,1,2,2,1,2,2,4,1,1,0
15175,0,4,1,4,1,1,5,1,1,2,1,3,1,0
15183,0,3,0,2,4,0,4,4,2,2,4,4,1,0
15189,0,3,0,1,3,0,4,4,2,1,4,4,1,0
15190,0,4,0,3,3,0,4,3,4,4,4,4,0,1
15206,0,3,0,4,1,0,3,3,3,4,3,3,0,1
15208,1,4,0,2,4,1,5,5,1,1,3,2,1,0
15210,0,3,1,3,3,0,4,3,1,1,3,3,1,0
15235,0,2,0,4,3,0,2,2,3,2,2,2,0,1
15240,0,4,0,2,4,0,4,4,3,4,4,4,0,1
15253,0,3,0,4,3,0,3,3,3,2,3,3,0,1
15254,0,4,0,2,2,1,4,4,5,1,4,4,1,0
15257,0,2,0,2,2,1,3,3,2,2,5,3,1,0
15258,1,4,0,4,3,1,5,5,3,3,3,5,1,0
15266,0,2,0,4,3,0,2,2,4,2,2,2,0,1
15269,1,4,0,4,5,1,5,4,1,1,5,3,1,0
15272,0,4,0,2,5,0,3,3,1,4,3,3,1,0
15276,0,3,0,4,2,0,3,3,4,3,3,3,0,1
15295,0,2,0,4,4,1,1,1,1,5,1,2,1,0
15299,0,3,0,1,2,1,3,3,3,4,3,3,1,0
15319,0,4,0,4,3,1,2,3,4,4,1,2,1,0
15337,0,1,0,2,2,0,3,5,2,2,2,3,1,0
15344,0,2,0,2,3,2,2,2,2,4,2,2,1,0
15348,0,2,0,3,1,1,2,2,2,2,2,2,1,0
15353,0,2,0,4,4,0,2,2,3,3,2,2,0,1
15360,0,3,0,4,2,0,3,3,3,4,3,3,0,1
15374,0,1,0,4,3,0,1,1,3,1,1,1,0,1
15375,1,4,0,4,5,0,3,4,5,5,1,2,1,0
15382,0,4,0,4,1,0,2,4,4,1,2,1,0,1
15397,0,4,0,3,1,0,4,4,3,1,4,4,0,1
15399,0,3,0,4,4,0,3,3,4,2,3,3,0,1
15425,1,4,0,4,3,1,3,3,3,3,2,2,1,0
15427,0,4,1,4,1,1,1,3,4,2,5,4,0,1
15438,1,4,0,4,5,2,4,5,2,2,5,5,0,1
15462,0,1,0,4,3,0,1,1,4,1,1,1,0,1
15468,0,4,0,4,1,0,4,4,4,3,4,3,0,1
15469,0,2,0,4,3,0,2,2,4,4,2,2,0,1
15476,0,2,0,4,4,0,2,2,3,3,2,2,0,1
15479,0,1,0,4,4,0,4,1,4,1,4,4,0,1
15501,0,4,0,4,3,0,3,3,4,4,3,5,0,1
15504,1,4,0,4,2,1,1,2,2,2,3,2,1,0
15506,0,4,1,4,4,0,1,4,3,4,2,4,0,1
15514,1,4,0,4,5,1,5,4,1,1,4,2,1,0
15529,0,3,0,4,2,0,3,3,3,1,3,3,0,1
15544,0,3,0,4,2,0,3,3,4,4,3,3,0,1
15546,1,5,1,5,3,1,1,2,4,4,1,3,1,0
15549,1,4,0,4,3,1,4,4,3,3,3,4,1,0
15554,0,2,1,2,4,0,5,4,5,5,5,2,1,0
15561,0,3,0,4,3,0,3,3,4,3,3,3,0,1
15568,0,4,0,4,2,1,2,2,4,4,1,3,1,0
15571,0,4,1,4,5,0,4,4,4,4,3,5,0,1
15599,0,3,0,5,4,1,3,3,1,1,3,3,1,0
15616,0,2,0,4,1,0,2,2,4,4,2,2,0,1
15625,0,3,0,4,3,2,5,1,3,3,1,1,1,0
15631,1,5,0,2,4,1,5,4,2,2,5,2,1,0
15640,0,3,0,4,4,0,3,3,3,3,3,3,0,1
15667,0,3,0,2,3,0,3,4,3,3,3,4,1,0
15670,0,3,1,3,3,1,5,2,5,5,4,2,1,0
15678,0,2,0,4,4,0,2,2,3,3,2,2,0,1
15689,0,5,1,2,2,1,4,5,2,2,1,3,1,0
15696,0,1,0,2,3,0,4,4,2,4,4,4,1,0
15704,0,2,0,2,5,0,3,3,3,3,3,3,1,0
15707,0,2,1,5,5,1,1,4,5,5,1,4,0,1
15727,0,4,0,4,1,1,3,3,4,4,1,4,0,1
15743,0,4,0,4,2,0,4,4,4,1,4,4,0,1
15745,0,4,0,4,3,1,4,4,4,4,1,2,1,0
15747,0,2,1,3,3,0,5,5,2,3,5,2,1,0
15756,1,5,0,2,1,2,4,4,5,5,2,2,1,0
15769,0,2,0,2,4,0,5,4,2,2,3,5,1,0
15775,0,4,0,3,4,0,4,4,3,2,4,4,0,1
15777,0,5,0,4,2,0,4,3,5,5,4,4,0,1
15785,0,4,0,2,1,0,4,4,3,4,4,4,0,1
15803,0,4,1,4,2,1,2,3,3,4,5,3,1,0
15815,0,1,0,4,4,0,1,1,4,3,1,1,0,1
15819,0,2,0,4,3,0,2,2,3,4,2,2,0,1
15820,1,4,0,4,3,2,4,5,1,1,4,2,1,0
15832,0,2,0,4,2,0,2,2,4,1,2,2,0,1
15833,0,4,0,3,3,2,5,5,2,4,5,4,0,1
15835,1,4,0,3,3,2,2,2,3,1,2,4,1,0
15845,0,3,0,1,1,0,4,4,2,5,4,4,1,0
15847,0,3,1,4,4,0,5,4,1,1,3,5,0,1
15848,0,2,0,3,4,0,4,4,3,3,4,5,1,0
15884,0,2,0,4,4,0,2,2,4,4,2,2,0,1
15892,0,1,0,2,2,0,3,3,4,2,3,3,1,0
15893,0,4,0,4,1,0,4,4,3,2,4,4,0,1
15919,0,4,0,4,2,1,1,1,4,4,2,2,1,0
15922,0,2,0,4,2,0,2,2,4,1,2,2,0,1
15927,0,4,0,4,2,2,4,4,4,4,1,3,1,0
15930,1,4,0,4,5,1,5,5,2,2,5,5,0,1
15933,1,4,0,4,1,1,1,4,1,1,1,2,1,0
15936,0,4,0,4,4,1,4,4,3,1,4,4,0,1
15937,0,2,0,3,3,0,4,4,2,4,4,4,1,0
15941,0,3,0,4,3,0,2,3,4,1,2,2,0,1
15950,0,1,0,4,3,0,1,1,3,4,1,1,0,1
15955,0,4,1,3,3,0,4,4,3,3,3,4,1,0
15956,0,2,0,4,2,0,2,2,4,1,2,2,0,1
15968,0,4,0,1,1,1,4,4,2,1,4,4,1,0
15969,1,4,0,3,4,1,3,3,3,4,3,4,1,0
15974,0,1,0,4,1,0,1,1,3,1,1,1,0,1
15976,1,4,0,4,3,1,3,4,5,4,1,4,1,0
15993,0,4,0,3,2,0,4,4,3,2,4,4,0,1
16001,0,4,0,4,3,1,4,3,4,4,1,5,0,1
16012,0,4,0,3,4,1,4,4,1,3,4,4,1,0
16054,0,1,0,4,2,0,1,1,3,1,1,1,0,1
16056,0,2,0,4,1,0,2,2,4,3,2,2,0,1
16058,0,4,1,4,4,1,4,2,2,2,2,3,1,0
16074,0,1,1,5,5,0,1,1,2,1,1,1,0,1
16080,0,4,1,4,4,1,5,5,4,4,4,2,1,0
16083,0,4,0,4,4,2,2,4,4,4,2,1,1,0
16092,0,3,0,2,5,0,2,3,2,2,4,2,1,0
16095,0,4,0,3,3,2,4,4,5,1,4,4,1,0
16101,0,3,0,3,3,1,1,3,4,4,1,5,1,0
16121,0,4,0,4,2,1,4,4,3,1,4,4,0,1
16146,0,1,0,2,4,0,1,2,2,2,1,3,1,0
16148,0,4,0,3,4,0,4,4,2,2,4,4,0,1
16188,0,2,0,4,1,0,2,2,3,2,2,2,0,1
16190,0,3,0,3,3,0,4,4,4,3,4,4,1,0
16193,1,4,0,5,3,1,4,4,5,5,3,5,1,0
16198,1,4,0,4,3,1,4,4,1,1,4,3,1,0
16212,0,4,1,4,5,0,5,4,4,4,3,2,0,1
16219,1,4,0,3,4,1,1,1,4,1,1,4,1,0
16236,0,4,1,3,5,1,5,1,2,2,3,2,1,0
16237,0,4,0,4,4,0,4,4,3,3,4,4,0,1
16246,1,4,0,4,2,1,4,3,3,3,4,5,1,0
16251,0,4,1,4,5,1,4,4,4,4,3,2,1,0
16257,0,2,0,4,3,0,2,2,4,4,2,3,0,1
16259,1,4,0,3,2,1,5,4,3,3,1,2,1,0
16261,0,2,0,3,4,0,4,4,4,2,4,4,1,0
16262,1,4,0,4,4,1,3,4,5,5,3,3,1,0
16264,1,4,0,2,4,1,4,4,2,1,4,5,1,0
16267,0,2,0,4,3,0,2,2,4,1,2,2,0,1
16277,0,4,0,4,1,0,4,4,4,4,4,4,0,1
16278,0,4,1,5,3,1,3,4,2,2,4,5,0,1
16293,1,0,0,0,1,1,3,3,4,4,1,1,1,0
16295,0,3,0,2,1,0,2,4,2,2,3,4,1,0
16305,0,4,0,4,4,2,3,3,4,4,4,1,0,1
16324,0,1,0,4,1,0,1,1,4,2,1,2,0,1
16334,1,5,0,3,1,1,3,1,4,4,5,3,1,0
16336,0,4,0,4,4,1,1,4,4,4,1,2,1,0
16369,0,1,0,3,5,0,3,3,5,5,3,3,1,0
16376,0,2,0,2,3,0,4,4,3,1,4,4,1,0
16387,1,3,0,5,3,0,5,5,5,3,5,3,0,1
16389,0,1,0,1,1,0,4,4,4,3,4,4,1,0
16402,1,4,0,4,3,1,3,4,5,5,1,2,1,0
16425,0,1,0,4,3,0,1,1,3,2,1,1,0,1
16442,0,4,0,3,2,0,4,4,2,1,4,4,0,1
16447,0,4,0,4,1,0,4,4,3,4,4,3,0,1
16449,0,4,0,3,4,1,4,4,2,2,4,4,1,0
16462,0,3,0,3,3,0,4,4,4,3,4,4,1,0
16469,0,2,0,4,2,0,4,2,3,4,4,4,0,1
16484,0,4,0,1,2,1,4,4,1,4,4,4,1,0
16485,0,3,1,4,3,0,4,5,4,4,5,4,0,1
16499,0,4,0,4,2,1,4,4,3,3,4,4,0,1
16500,0,4,0,4,2,1,3,3,4,4,3,5,0,1
16502,0,4,1,4,4,0,5,5,3,3,4,2,0,1
16531,1,4,0,4,3,1,3,4,5,5,4,3,1,0
16532,0,5,0,4,3,0,3,4,5,5,2,4,0,1
16534,0,4,0,4,4,1,1,4,4,4,1,2,1,0
16537,1,5,0,4,3,1,4,4,1,1,3,3,1,0
16551,0,4,0,4,4,1,2,1,3,3,1,2,1,0
16561,0,4,0,4,4,0,2,3,4,4,2,5,0,1
16568,0,2,0,4,2,0,2,2,3,4,2,2,0,1
16572,0,4,0,4,1,1,4,4,4,4,4,1,0,1
16594,0,1,0,2,5,0,5,4,2,2,3,3,1,0
16600,0,4,1,4,3,1,3,4,3,3,4,5,0,1
16608,1,4,0,4,4,1,4,3,3,3,5,4,1,0
16612,0,4,0,4,4,1,3,1,4,4,1,2,1,0
16613,1,4,0,5,3,1,5,4,4,4,3,5,0,1
16624,1,4,0,4,5,2,5,4,5,5,4,4,0,1
16638,0,2,0,4,4,0,3,2,3,1,3,3,0,1
16664,0,3,0,4,1,0,3,3,3,2,3,3,0,1
16670,0,3,0,1,5,2,4,4,5,5,4,3,1,0
16677,0,1,0,4,4,0,1,1,3,2,1,1,0,1
16693,1,0,0,0,3,1,4,5,5,5,3,2,1,0
16695,0,1,0,2,1,0,2,2,1,5,2,2,1,0
16701,0,2,0,2,3,0,4,4,1,1,4,4,1,0
16703,0,4,0,3,4,0,5,5,3,3,3,3,1,0
16705,0,4,0,3,1,0,4,4,4,2,4,4,0,1
16711,0,4,0,4,1,0,4,4,3,1,4,4,0,1
16714,0,4,0,4,4,0,4,4,4,4,2,3,0,1
16725,1,4,0,5,3,1,4,4,4,4,4,4,0,1
16732,0,4,1,4,2,1,5,3,4,4,2,5,1,0
16733,1,4,0,4,3,1,5,4,5,5,4,3,1,0
16742,0,4,0,2,1,1,4,4,2,5,4,4,1,0
16756,0,3,1,5,5,2,4,4,5,5,3,4,0,1
16762,0,4,1,2,2,0,4,5,2,2,3,4,1,0
16793,0,3,0,4,5,1,5,3,3,3,1,2,1,0
16797,0,3,0,4,1,0,3,3,3,4,3,3,0,1
16798,0,4,1,4,5,0,5,4,4,4,3,2,0,1
16799,1,4,0,4,2,1,2,4,1,1,5,1,1,0
16808,0,4,0,4,4,1,5,5,3,3,5,4,0,1
16809,0,4,0,3,1,0,2,1,3,3,2,1,1,0
16826,0,3,0,3,1,1,4,4,3,3,2,3,1,0
16834,0,4,0,4,3,0,3,2,4,4,3,1,0,1
16837,0,1,0,3,2,0,5,2,3,3,2,4,1,0
16855,0,4,0,2,2,0,4,4,3,2,4,4,0,1
16859,0,2,0,1,1,0,4,4,3,3,4,5,1,0
16870,0,4,0,4,1,1,4,4,5,5,2,4,0,1
16885,0,3,0,4,2,0,3,3,4,4,3,3,0,1
16890,0,2,0,4,2,0,2,2,4,2,2,2,0,1
16903,0,4,0,4,4,1,2,1,4,4,2,3,1,0
16912,0,4,1,4,3,0,4,5,3,3,5,5,0,1
16919,1,4,0,4,5,1,4,5,1,1,5,4,0,1
16940,1,1,0,5,4,0,5,5,5,5,5,1,0,1
16957,0,3,0,3,3,0,5,5,4,4,3,3,1,0
16973,0,1,0,1,5,0,2,2,3,3,2,2,1,0
17003,0,5,0,4,3,0,5,5,4,4,5,4,0,1
17021,1,4,0,5,3,1,5,4,4,1,5,2,1,0
17024,0,4,0,4,2,1,4,2,2,4,4,4,0,1
17040,1,4,0,4,3,1,1,1,4,2,1,5,1,0
17050,0,4,0,4,4,0,4,3,4,4,3,2,0,1
17057,0,4,1,4,4,1,2,5,2,2,4,2,1,0
17061,0,4,0,4,4,0,4,4,3,1,4,3,0,1
17088,0,1,0,4,3,0,1,1,4,3,1,1,0,1
17092,0,4,1,4,1,1,2,4,5,5,3,1,1,0
17093,0,4,1,4,4,1,5,5,4,4,4,2,1,0
17095,0,1,0,4,2,0,1,1,3,1,1,1,0,1
17112,0,4,0,3,4,1,3,3,2,1,3,4,1,0
17128,0,4,1,4,3,0,5,4,4,4,5,4,0,1
17131,0,3,0,3,5,1,4,1,3,3,3,5,1,0
17139,0,4,0,4,1,1,3,3,3,4,4,3,0,1
17141,1,4,0,4,4,1,5,5,1,1,3,2,1,0
17148,0,3,0,4,2,0,3,3,3,1,3,3,0,1
17166,0,2,0,4,4,0,2,2,3,3,2,2,0,1
17170,0,3,0,4,4,0,3,3,4,4,3,3,0,1
17181,0,4,1,5,2,1,3,4,3,2,4,2,0,1
17182,0,4,1,4,2,1,1,4,2,2,2,5,1,0
17186,0,3,0,4,2,0,3,3,4,3,3,3,0,1
17197,0,1,0,1,3,0,4,4,3,4,4,4,1,0
17206,0,4,1,4,3,1,2,2,1,1,2,2,1,0
17225,0,4,1,4,2,1,5,4,2,2,3,2,1,0
17252,1,4,0,4,2,1,1,1,3,2,1,4,1,0
17264,1,4,0,5,3,2,5,4,1,1,3,2,1,0
17279,0,3,0,2,2,0,5,2,2,2,3,5,1,0
17281,0,1,0,2,5,0,5,1,2,2,2,5,1,0
17282,0,3,0,3,4,0,4,4,2,2,3,5,1,0
17283,0,3,0,4,3,0,3,3,4,1,3,3,0,1
17293,0,2,0,2,2,1,5,1,2,2,3,5,1,0
17314,0,4,1,4,3,0,5,5,2,2,5,3,0,1
17339,0,2,0,4,3,0,2,2,3,4,2,2,0,1
17359,0,4,0,3,5,1,4,4,3,4,4,4,1,0
17361,1,4,0,4,1,1,1,5,5,4,5,5,0,1
17362,0,4,0,4,1,1,2,1,1,4,4,4,0,1
17363,0,2,0,2,1,1,4,2,2,2,5,1,1,0
17365,0,4,1,4,4,0,1,4,5,2,1,3,1,0
17376,0,4,1,4,2,1,3,2,4,2,4,4,0,1
17378,0,4,1,5,4,1,5,5,4,4,5,5,0,1
17383,0,4,0,4,2,0,3,3,4,4,4,5,0,1
17394,0,4,0,2,3,1,4,4,5,5,4,4,1,0
17395,1,4,0,3,2,1,3,3,5,1,3,4,1,0
17404,0,4,0,4,2,0,4,4,4,4,4,4,0,1
17405,0,3,0,1,4,0,1,1,3,4,1,2,1,0
17426,0,3,1,3,4,0,5,4,1,1,4,4,1,0
17441,0,4,0,3,1,0,4,4,3,3,4,4,0,1
17460,1,5,0,3,1,1,4,4,3,2,4,5,1,0
17466,0,1,0,3,3,0,4,4,3,3,4,4,1,0
17478,1,4,0,4,3,1,3,3,4,5,3,4,1,0
17481,0,3,0,4,2,0,3,3,3,3,3,3,0,1
17484,0,4,0,2,1,1,4,4,1,5,4,4,1,0
17495,0,2,1,2,5,1,5,5,5,5,3,4,1,0
17500,0,2,0,2,3,1,5,4,1,1,4,3,1,0
17527,0,3,0,4,4,0,3,3,3,1,3,2,0,1
17528,0,4,0,4,4,0,3,2,4,4,2,2,0,1
17529,1,0,0,0,2,1,2,4,3,3,3,2,1,0
17533,0,4,1,3,4,0,5,5,1,1,3,4,1,0
17544,1,4,0,4,4,1,4,3,3,3,3,5,1,0
17563,0,1,0,4,1,0,1,1,4,4,1,1,0,1
17573,1,4,0,4,1,2,3,4,4,4,4,5,1,0
17583,0,3,0,4,2,0,3,3,4,4,3,3,0,1
17613,0,3,0,4,1,0,3,3,4,1,3,3,0,1
17628,0,2,0,2,5,1,5,1,2,2,4,2,1,0
17631,0,2,0,4,1,1,2,2,2,1,2,2,1,0
17650,0,4,1,4,5,1,5,4,3,3,4,4,0,1
17674,0,2,0,2,5,0,4,5,2,2,5,2,1,0
17698,0,1,0,3,3,0,4,5,2,2,3,3,1,0
17705,0,3,0,5,3,1,3,3,3,2,3,3,1,0
17738,1,4,0,4,3,1,4,5,5,5,4,4,0,1
17754,0,4,0,4,1,1,4,3,2,4,4,4,0,1
17759,0,3,0,4,1,0,3,3,4,3,3,2,0,1
17770,1,4,0,4,5,1,5,4,3,3,4,2,1,0
17783,0,2,0,3,3,0,3,3,4,5,3,3,1,0
17786,0,3,0,4,4,0,3,3,3,4,3,3,0,1
17788,0,4,1,4,4,1,5,3,3,3,1,5,1,0
17801,0,4,0,3,4,0,4,4,3,1,4,4,0,1
17808,0,1,0,3,3,0,5,4,3,3,5,3,1,0
17814,0,4,1,4,5,1,5,4,2,2,5,3,1,0
17819,0,4,0,4,2,1,3,3,3,3,4,4,0,1
17820,1,4,0,3,5,1,5,4,4,4,5,3,1,0
17829,0,3,0,4,4,0,3,3,4,4,3,3,0,1
17830,1,4,0,4,5,1,1,1,4,1,1,4,1,0
17840,1,0,0,3,1,1,2,2,3,2,2,0,1,0
17843,1,4,0,4,5,1,4,5,5,4,3,4,1,0
17850,0,4,0,3,4,1,4,4,3,3,4,4,1,0
17866,0,1,0,4,2,0,1,1,4,2,1,1,0,1
17867,1,4,0,0,3,1,5,4,4,2,5,2,1,0
17886,0,4,0,2,4,0,4,4,2,1,4,4,0,1
17899,1,4,0,4,3,1,5,5,1,4,5,4,0,1
17901,0,4,0,3,3,0,5,4,3,3,2,3,1,0
17918,0,1,0,4,4,1,5,5,3,3,5,1,0,1
17921,0,4,0,4,4,0,2,4,4,4,2,3,0,1
17930,0,4,0,3,1,0,4,4,4,4,4,4,0,1
17933,0,4,0,4,4,0,4,3,4,4,2,2,0,1
17936,0,2,0,1,3,1,2,2,2,2,2,2,1,0
17940,0,4,0,3,3,0,3,5,3,3,5,3,1,0
17950,1,4,0,4,4,1,4,5,5,5,5,5,0,1
17984,1,4,0,3,5,1,4,4,5,5,4,4,1,0
17986,0,2,0,4,4,0,2,2,3,1,2,2,0,1
17987,0,4,0,4,2,1,3,3,4,4,2,1,1,0
17996,0,3,0,4,3,0,3,3,3,4,3,3,0,1
18013,0,4,0,4,3,0,4,4,4,1,4,4,0,1
18028,1,1,0,5,4,0,1,1,5,4,1,5,0,1
18039,1,1,0,5,3,1,5,5,4,5,5,5,0,1
18058,1,4,0,4,5,1,5,5,3,3,3,2,1,0
18059,0,4,1,4,3,1,4,4,3,3,3,3,1,0
18063,1,4,0,4,5,1,4,5,2,2,4,5,0,1
18078,0,3,1,3,5,0,4,4,4,4,4,3,1,0
18090,0,4,0,4,1,0,4,4,4,4,3,5,0,1
18096,0,2,0,4,1,0,3,2,3,4,3,3,0,1
18098,0,3,0,1,3,0,4,4,1,4,4,4,1,0
18100,0,3,0,4,4,0,3,3,4,4,3,3,0,1
18115,0,1,0,4,2,0,1,1,3,4,1,1,0,1
18131,1,4,0,4,3,1,3,3,3,2,3,4,1,0
18137,0,4,1,3,2,1,4,1,5,5,3,1,1,0
18142,0,4,0,4,1,2,4,4,3,2,4,4,0,1
18153,0,2,0,4,3,0,2,2,4,1,2,2,0,1
18154,0,2,0,4,2,0,2,2,3,1,2,2,0,1
18157,0,4,0,3,4,0,4,4,3,4,4,4,0,1
18163,0,3,0,3,3,1,2,1,3,3,1,2,1,0
18167,0,4,0,3,3,0,4,4,4,2,4,4,0,1
18171,0,3,0,3,1,1,2,5,3,3,2,5,1,0
18187,0,4,0,4,2,1,4,3,4,4,4,5,0,1
18191,0,1,0,4,2,0,1,1,4,2,1,1,0,1
18200,0,4,0,4,1,1,1,2,4,4,2,1,1,0
18211,0,4,1,4,3,0,5,3,5,5,3,1,0,1
18214,0,4,0,1,2,0,2,2,3,4,2,2,1,0
18226,0,3,0,3,2,0,3,2,3,3,2,1,1,0
18229,0,4,0,2,2,0,3,3,3,2,3,3,1,0
18236,0,4,0,1,2,0,3,3,3,3,3,3,1,0
18253,0,3,0,4,3,0,3,3,3,4,3,3,0,1
18289,0,4,1,4,1,1,3,4,3,5,3,2,1,0
18296,0,2,0,4,3,0,2,2,4,1,2,2,0,1
18298,0,2,0,4,4,0,2,2,3,3,2,2,0,1
18302,0,3,0,4,2,0,3,3,3,1,3,3,0,1
18305,0,3,0,4,3,1,4,4,4,1,4,3,1,0
18311,0,4,0,2,3,0,4,4,2,3,4,4,0,1
18313,0,2,0,4,1,0,2,2,4,4,2,2,0,1
18314,0,2,0,4,4,0,2,2,4,3,2,2,0,1
18325,0,2,0,4,1,0,1,2,3,2,1,1,0,1
18327,0,5,1,3,3,1,3,4,3,3,2,5,1,0
18336,1,4,0,5,5,0,2,2,4,4,2,4,0,1
18337,0,4,0,4,3,1,2,2,4,4,4,2,0,1
18344,0,2,0,4,1,0,2,2,3,3,2,2,0,1
18361,0,1,0,4,1,0,1,1,4,1,1,2,0,1
18374,0,4,1,4,5,1,5,4,4,2,4,3,1,0
18395,0,4,0,4,3,0,4,4,3,4,4,3,0,1
18415,0,4,1,5,2,1,3,3,5,5,4,4,0,1
18424,1,0,0,0,2,1,3,4,2,2,3,1,1,0
18427,1,4,0,5,5,1,4,1,5,5,2,4,0,1
18456,0,4,0,3,2,1,4,4,1,1,4,4,1,0
18464,0,3,0,4,1,0,3,3,4,1,3,3,0,1
18470,0,4,1,4,3,0,5,4,2,2,4,5,0,1
18474,0,4,0,1,5,1,3,3,5,1,3,4,1,0
18493,0,2,0,2,4,0,4,4,2,5,4,4,1,0
18514,0,3,0,4,4,0,3,3,3,1,3,3,0,1
18516,1,4,0,4,4,1,5,5,4,4,5,4,0,1
18564,1,1,0,5,3,0,3,3,5,5,3,4,0,1
18569,0,4,0,1,4,1,3,3,3,4,3,4,1,0
18578,0,2,1,2,5,1,5,2,2,2,4,3,1,0
18583,1,2,0,5,5,0,5,5,4,4,5,2,0,1
18627,1,4,0,4,5,1,4,4,4,4,3,4,1,0
18649,0,4,0,4,2,1,3,3,5,5,3,1,0,1
18672,0,4,1,4,3,1,4,3,3,3,5,2,1,0
18680,1,4,0,4,5,0,1,1,5,1,1,4,0,1
18685,0,4,0,3,4,0,5,4,3,3,4,3,1,0
18686,1,4,0,4,5,1,1,2,4,4,3,1,1,0
18688,0,4,0,4,4,0,4,3,4,4,4,1,0,1
18690,0,4,0,3,1,2,4,4,5,5,4,4,1,0
18691,1,4,0,4,4,1,5,5,1,1,5,5,0,1
18707,0,1,0,4,3,0,3,1,4,3,3,3,0,1
18718,1,4,0,4,5,1,4,4,2,2,4,5,1,0
18767,0,3,0,4,2,0,3,3,4,1,3,4,0,1
18771,0,3,0,4,3,0,3,3,4,1,3,3,0,1
18784,0,4,0,4,4,0,3,4,4,4,3,3,0,1
18785,0,4,1,4,5,0,4,5,5,5,4,3,0,1
18795,0,2,0,4,3,0,2,2,4,3,2,2,0,1
18797,0,1,0,4,3,0,1,1,4,3,1,1,0,1
18804,1,5,0,2,1,1,5,5,3,3,5,5,1,0
18817,1,4,0,4,4,1,2,2,2,2,4,1,1,0
18821,1,4,0,4,5,1,5,4,2,2,3,2,1,0
18822,0,3,0,3,2,0,4,4,3,1,4,4,1,0
18844,0,3,0,2,1,2,4,5,3,3,5,1,1,0
18862,0,4,1,4,5,0,5,5,4,4,5,4,0,1
18870,0,4,0,4,3,2,3,4,1,4,4,4,0,1
18871,0,3,0,4,4,0,3,3,4,1,3,2,0,1
18888,0,2,0,2,1,2,2,5,2,2,3,2,1,0
18892,0,3,0,4,2,0,3,3,3,2,3,3,0,1
18910,0,4,0,4,3,0,4,3,4,4,4,4,0,1
18912,0,4,0,4,2,0,4,4,4,4,4,4,0,1
18936,0,4,1,4,5,1,4,5,1,1,3,5,0,1
18940,0,1,0,3,5,0,1,1,4,4,1,2,1,0
18943,0,4,1,4,3,0,4,5,2,3,3,3,0,1
18956,0,4,0,3,3,0,4,4,2,3,4,4,0,1
18976,1,4,0,4,4,0,5,5,1,5,4,4,0,1
18980,0,4,0,4,3,1,4,4,3,4,4,4,0,1
18985,0,5,0,3,3,0,5,5,4,2,5,4,0,1
18986,0,4,0,4,3,2,4,4,4,4,4,5,0,1
18995,0,2,0,2,4,2,2,1,2,2,2,3,1,0
19014,0,2,0,4,4,0,2,2,4,4,2,2,0,1
19019,0,4,0,4,4,2,1,3,4,4,1,2,1,0
19020,0,4,1,4,4,1,5,4,4,4,2,3,1,0
19028,0,4,1,4,3,1,3,3,5,5,4,5,0,1
19031,0,4,1,4,4,0,4,5,2,2,4,4,0,1
19043,0,4,0,4,4,0,2,1,4,4,1,1,0,1
19044,1,4,0,4,4,1,5,4,2,2,3,2,1,0
19048,0,4,0,2,4,1,4,4,4,2,4,4,1,0
19057,0,4,0,4,4,1,4,4,4,4,4,4,0,1
19059,1,4,0,5,4,1,3,4,4,4,5,5,0,1
19064,0,3,0,4,5,1,5,4,3,3,3,2,1,0
19082,0,1,0,4,4,0,1,1,3,4,1,1,0,1
19120,0,2,1,2,4,1,5,4,1,5,5,4,1,0
19125,0,4,0,4,1,0,4,4,4,2,4,4,0,1
19137,0,4,0,4,2,0,3,3,4,4,3,2,0,1
19151,0,4,1,4,3,1,4,4,2,3,4,3,1,0
19162,0,1,1,4,4,0,3,5,4,4,4,4,0,1
19163,0,4,1,4,5,0,4,1,1,1,1,3,1,0
19167,0,4,1,4,3,0,3,3,5,5,4,4,0,1
19178,0,4,1,4,5,0,5,4,2,2,4,4,0,1
19195,0,4,0,4,4,0,4,4,4,1,4,4,0,1
19197,0,2,0,4,2,0,2,2,4,2,2,2,0,1
19202,0,2,1,2,1,1,5,4,5,3,4,3,1,0
19206,0,4,0,3,2,0,4,3,4,4,3,4,0,1
19220,1,5,0,2,2,1,1,1,3,4,1,0,1,0
19226,0,4,0,4,1,2,1,4,4,4,3,1,1,0
19229,0,3,0,3,5,1,4,3,3,3,3,3,1,0
19277,0,3,0,4,4,0,3,3,3,2,3,3,0,1
19281,0,4,1,4,1,0,4,4,5,4,4,5,0,1
19290,0,2,0,1,1,1,2,2,3,2,2,2,1,0
19311,1,4,0,4,5,1,4,3,3,3,5,5,1,0
19324,0,3,0,3,4,1,3,5,3,3,4,2,1,0
19325,0,5,0,4,1,0,5,5,4,4,5,4,0,1
19338,0,4,1,4,4,0,4,3,5,5,3,5,0,1
19343,0,4,0,4,1,0,4,4,3,2,4,4,0,1
19359,0,1,0,2,4,0,4,4,3,5,4,4,1,0
19367,0,1,0,3,4,0,5,4,3,3,4,3,1,0
19379,0,3,1,3,2,1,1,3,3,3,4,4,1,0
19386,0,1,0,4,4,0,1,1,4,4,1,1,0,1
19406,0,3,1,3,5,1,4,2,3,3,5,4,1,0
19408,0,1,0,1,3,0,4,4,2,5,4,4,1,0
19426,0,4,0,4,4,0,3,4,3,1,3,3,0,1
19427,0,1,0,3,4,0,2,1,3,3,3,1,1,0
19443,0,4,0,4,3,1,3,2,4,4,2,2,1,0
19493,0,3,0,4,4,0,3,3,3,4,3,3,0,1
19500,0,4,0,3,3,0,4,4,3,4,4,4,0,1
19517,1,2,0,5,5,1,4,5,5,5,4,5,0,1
19518,1,4,0,4,4,1,4,4,3,3,5,3,1,0
19535,0,1,0,4,3,0,1,1,3,2,1,1,0,1
19538,0,4,0,4,4,1,2,2,4,4,3,3,1,0
19539,0,5,0,4,1,2,4,4,5,5,2,2,0,1
19545,0,3,0,4,1,0,3,3,3,1,3,3,0,1
19547,0,4,0,4,3,1,3,2,4,4,4,5,0,1
19573,1,4,0,4,3,1,2,2,4,3,2,4,1,0
19578,0,4,1,4,3,0,4,5,4,4,3,3,0,1
19591,0,2,0,4,4,0,1,2,4,2,1,1,0,1
19593,1,4,0,3,3,1,5,2,1,1,5,3,1,0
19596,0,4,0,4,2,1,2,2,3,3,2,3,1,0
19607,0,4,0,4,3,1,3,4,4,4,1,1,1,0
19622,0,2,0,4,4,0,2,2,4,4,2,2,0,1
19628,0,2,1,2,4,2,4,3,2,2,4,4,1,0
19662,0,4,1,4,3,1,4,5,5,5,4,2,1,0
19692,1,3,0,5,5,0,4,5,4,5,4,3,0,1
19700,0,1,0,4,4,0,1,1,4,4,1,1,0,1
19728,0,4,1,4,4,0,4,4,2,2,5,2,0,1
19733,0,4,0,4,3,1,1,1,1,4,3,4,0,1
19734,0,4,0,4,4,0,4,3,4,4,3,3,0,1
19743,0,2,0,3,3,1,2,2,5,4,2,2,1,0
19748,0,1,0,3,2,0,4,4,2,4,4,5,1,0
19765,0,4,0,4,1,0,3,4,3,3,3,3,0,1
19770,0,3,0,4,3,0,3,3,3,3,3,3,0,1
19773,0,4,0,3,4,0,4,4,3,4,4,4,0,1
19781,0,4,1,4,4,0,4,5,1,1,5,3,0,1
19788,0,4,1,4,5,0,4,4,3,3,3,4,0,1
19789,1,0,0,0,2,1,3,3,2,2,3,3,1,0
19798,1,4,0,4,4,2,5,5,3,2,5,4,0,1
19802,1,4,0,4,2,1,4,4,3,3,4,4,1,0
19819,1,4,0,2,4,0,3,3,3,2,3,5,1,0
19821,0,4,0,4,2,1,3,4,4,4,2,4,0,1
19851,0,2,0,4,3,0,2,2,4,2,2,2,0,1
19853,0,4,1,4,5,0,5,5,3,3,5,5,0,1
19883,0,2,0,4,1,0,2,2,3,2,2,2,0,1
19885,0,4,0,4,4,0,4,4,3,3,4,4,0,1
19898,0,4,0,4,2,0,3,2,4,4,4,1,0,1
19905,0,1,0,4,4,0,1,1,4,2,1,1,0,1
19906,0,2,0,4,2,0,2,2,4,2,2,2,0,1
19913,1,4,0,4,5,1,4,4,5,5,4,3,1,0
19915,0,4,0,4,1,0,4,4,4,1,4,4,0,1
19919,0,4,1,3,5,1,5,5,4,4,4,3,1,0
19924,0,2,0,4,3,0,3,3,2,4,4,5,0,1
19928,0,4,0,2,2,0,4,4,2,3,4,4,0,1
19944,0,1,0,1,2,0,4,4,3,5,4,4,1,0
19945,0,4,0,1,3,1,4,4,5,5,4,4,1,0
19953,0,3,0,4,4,0,4,3,3,1,4,4,0,1
19955,0,1,0,4,1,0,1,1,3,3,1,1,0,1
19976,0,2,0,3,3,0,5,5,3,3,3,4,1,0
19995,0,3,0,3,5,1,3,4,3,3,1,5,1,0
20007,0,3,0,3,3,0,4,4,3,5,4,4,1,0
20008,1,4,0,4,5,1,5,5,4,4,5,5,0,1
20009,1,4,0,4,5,1,5,4,2,2,4,5,0,1
20010,0,2,0,4,3,0,2,2,4,4,2,2,0,1
20020,0,4,1,5,3,0,1,1,5,2,1,4,0,1
20022,0,4,0,4,1,2,4,3,4,4,4,5,0,1
20044,0,2,0,4,2,0,2,2,4,4,2,2,0,1
20047,0,3,0,4,3,0,2,3,3,3,2,2,0,1
20051,0,3,0,3,3,0,4,4,3,3,4,4,1,0
20052,1,4,0,4,3,1,5,5,5,5,3,5,1,0
20064,1,4,0,1,3,1,3,3,5,5,1,4,1,0
20070,0,4,0,4,1,1,4,1,4,4,2,2,1,0
20121,0,4,1,4,5,2,2,1,5,5,2,4,0,1
20133,0,3,0,3,1,2,4,2,3,3,5,3,1,0
20154,0,1,0,4,1,0,4,4,3,3,4,0,0,1
20165,0,4,0,4,4,1,4,3,4,4,2,4,0,1
20172,0,3,0,4,2,0,3,3,4,3,3,2,0,1
20181,0,3,0,4,3,0,3,3,4,1,3,3,0,1
20189,1,1,0,5,4,0,2,4,4,4,1,4,0,1
20238,0,4,0,4,3,0,4,4,3,1,4,3,0,1
20249,0,4,1,4,3,0,5,5,4,4,4,4,0,1
20269,0,1,0,4,2,0,3,1,4,1,3,3,0,1
20271,0,4,1,4,5,0,5,5,4,4,5,5,0,1
20278,0,3,0,2,5,0,4,5,1,1,3,5,1,0
20289,1,4,0,5,5,1,5,5,5,5,4,2,0,1
20291,0,3,0,4,1,0,4,3,3,1,4,4,0,1
20301,0,3,0,4,3,0,3,3,3,4,3,3,0,1
20305,0,2,0,4,3,0,2,2,4,4,2,2,0,1
20324,0,1,1,5,5,0,4,5,5,5,3,5,0,1
20335,0,4,1,4,5,1,2,5,5,5,3,1,1,0
20353,1,4,0,4,5,1,5,5,5,4,5,4,0,1
20357,0,4,0,2,4,0,4,4,2,3,4,4,0,1
20361,1,4,0,4,5,1,5,5,5,3,5,4,0,1
20372,1,4,0,4,4,1,4,5,5,5,4,2,1,0
20376,0,4,1,4,3,0,5,5,2,5,3,3,0,1
20379,0,4,1,4,3,0,2,2,5,2,2,4,0,1
20405,0,1,0,4,1,0,1,1,4,2,1,1,0,1
20407,0,3,1,3,5,0,4,4,4,4,3,3,1,0
20424,1,4,0,4,4,1,5,5,3,3,5,5,0,1
20426,0,2,0,3,4,0,4,4,4,4,4,4,1,0
20439,1,4,0,4,2,2,5,5,3,4,5,4,0,1
20440,0,1,0,2,4,0,4,4,3,2,4,4,1,0
20443,0,4,0,4,4,0,4,4,4,4,2,5,0,1
20449,0,4,1,4,4,1,5,4,5,5,5,3,1,0
20459,0,2,0,4,3,0,2,2,4,3,2,2,0,1
20473,0,4,0,4,1,0,3,3,4,4,3,3,0,1
20493,0,4,1,3,5,1,1,1,5,5,3,3,1,0
20499,0,4,0,1,1,2,4,4,5,4,4,4,1,0
20517,0,3,0,4,4,0,3,3,3,2,3,3,0,1
20522,0,4,0,3,5,2,4,4,3,5,4,4,1,0
20527,0,4,0,3,3,0,4,4,4,3,4,4,0,1
20532,0,4,0,3,3,0,4,4,3,4,4,4,0,1
20557,1,4,0,4,5,2,4,5,1,1,4,5,0,1
20559,0,3,0,1,3,0,4,4,4,5,4,4,1,0
20562,0,3,0,1,3,0,2,2,5,1,2,2,1,0
20574,1,4,0,4,4,1,2,2,5,3,2,4,1,0
20577,0,4,1,4,4,0,4,4,3,3,5,2,0,1
20583,0,4,0,4,3,0,4,4,3,2,4,4,0,1
20587,0,4,1,4,5,1,4,2,3,3,3,3,1,0
20596,0,4,0,4,3,1,4,3,5,5,2,5,0,1
20608,0,2,0,3,1,0,3,3,3,3,1,4,1,0
20609,0,3,0,3,2,1,1,5,4,4,4,1,1,0
20610,0,4,0,4,2,2,1,1,4,4,2,2,1,0
20624,0,4,1,4,5,1,3,4,5,5,4,2,1,0
20639,0,4,0,3,5,1,4,4,2,3,4,4,1,0
20647,1,4,0,5,3,1,4,5,3,3,4,3,1,0
20652,0,2,0,4,3,0,2,2,4,4,2,2,0,1
20653,1,4,0,4,3,2,4,4,3,3,3,4,1,0
20655,0,3,0,1,4,0,4,4,2,1,4,4,1,0
20656,0,4,1,3,1,1,4,4,5,5,2,1,1,0
20669,0,4,1,4,3,0,5,4,4,3,5,5,0,1
20692,0,2,0,4,1,0,2,2,3,2,2,2,0,1
20701,0,2,0,4,2,0,2,2,3,1,2,3,0,1
20708,0,1,0,4,4,0,3,1,3,2,3,3,0,1
20713,0,3,0,4,2,0,3,3,3,4,3,3,0,1
20732,0,3,0,4,4,0,3,3,4,3,3,3,0,1
20739,0,4,0,4,3,0,3,3,4,4,3,1,0,1
20746,1,5,0,3,3,1,1,1,3,2,1,5,1,0
20769,0,3,0,4,4,0,1,3,3,3,1,1,0,1
20771,0,4,1,4,4,1,5,5,5,5,3,2,1,0
20776,1,4,0,4,3,2,5,5,1,1,4,4,0,1
20781,0,1,0,4,2,0,1,1,3,3,1,2,0,1
20782,0,2,0,4,3,0,2,2,3,2,2,2,0,1
20818,0,4,1,4,4,0,4,4,5,5,5,2,0,1
20838,0,4,1,3,3,0,3,4,3,3,5,5,1,0
20855,0,4,0,2,1,1,4,4,1,3,4,4,1,0
20862,1,4,0,4,3,1,3,5,2,2,4,5,1,0
20877,0,4,0,2,4,0,4,4,4,2,1,4,0,1
20895,0,5,0,4,3,2,3,4,5,5,1,2,0,1
20900,0,1,0,3,3,0,5,4,3,3,5,3,1,0
20929,0,3,0,4,1,1,5,5,3,3,3,2,1,0
20938,1,4,0,4,4,1,4,5,5,5,5,4,0,1
20949,0,1,0,3,3,0,2,2,4,4,2,2,1,0
20970,1,4,0,4,3,1,1,1,4,4,1,5,1,0
20991,0,3,0,3,1,1,3,3,5,3,3,3,1,0
20994,0,4,0,2,1,1,3,3,1,3,3,4,1,0
21005,0,2,0,4,2,0,2,2,4,3,2,2,0,1
21012,1,4,0,0,5,1,1,4,3,3,5,5,1,0
21013,0,4,0,4,4,1,2,2,4,4,4,3,0,1
21032,0,4,0,4,4,0,4,4,4,4,2,3,0,1
21039,0,4,0,4,4,0,2,4,4,4,1,4,0,1
21051,0,4,0,3,1,1,4,4,2,3,4,4,1,0
21068,0,3,0,4,4,0,3,3,4,1,3,3,0,1
21076,0,4,0,3,3,0,4,3,4,4,2,4,0,1
21083,1,4,0,0,4,1,4,5,4,4,1,5,1,0
21084,0,1,0,4,1,0,1,1,4,2,1,1,0,1
21090,0,4,1,4,5,0,5,5,3,3,4,5,0,1
21091,0,1,0,4,1,0,1,1,3,3,1,2,0,1
21103,0,2,0,3,4,0,2,2,4,5,2,2,1,0
21104,0,2,0,4,2,0,2,2,4,1,2,3,0,1
21122,1,4,0,4,4,1,5,5,1,1,4,2,1,0
21125,0,4,0,3,1,0,3,4,4,4,3,5,0,1
21138,0,4,0,2,2,2,4,4,3,3,4,4,1,0
21152,1,2,0,5,5,1,3,4,5,5,5,4,0,1
21163,1,4,0,4,5,1,4,5,5,5,3,5,1,0
21168,0,4,1,4,4,0,5,5,4,4,3,5,0,1
21188,0,4,0,2,1,0,4,4,3,2,4,4,0,1
21191,0,2,0,2,3,0,2,2,3,2,2,2,1,0
21197,0,2,0,3,5,0,4,5,3,3,5,3,1,0
21211,0,3,0,1,5,0,2,2,4,5,2,2,1,0
21239,0,3,0,2,2,0,4,4,1,5,4,4,1,0
21260,0,4,1,4,3,1,4,4,5,5,2,2,1,0
21262,0,4,1,4,5,1,5,2,3,3,2,5,0,1
21272,0,4,0,4,1,2,4,4,4,1,4,4,0,1
21278,0,1,0,3,3,0,4,4,4,3,4,4,1,0
21286,0,2,0,1,5,0,3,3,3,4,3,4,1,0
21299,0,4,1,4,5,0,5,5,1,1,3,5,0,1
21348,0,1,0,3,3,0,4,4,3,3,2,4,1,0
21361,0,5,1,3,3,1,5,4,3,3,2,5,1,0
21363,0,4,1,4,4,0,3,3,4,4,4,3,0,1
21367,0,4,0,4,1,0,2,2,4,4,3,2,0,1
21376,0,1,0,4,4,0,4,1,4,3,4,4,0,1
21377,0,1,0,1,1,0,4,3,1,1,4,4,1,0
21394,0,4,1,4,2,1,2,3,4,4,3,4,1,0
21399,0,4,0,4,3,0,2,4,4,2,2,2,0,1
21425,0,4,1,4,5,0,4,5,5,5,5,5,0,1
21440,0,4,0,2,4,0,4,4,3,2,4,4,0,1
21448,0,3,0,3,2,0,4,4,1,2,4,4,1,0
21466,0,4,1,4,5,1,5,4,1,1,3,5,0,1
21469,0,4,0,3,3,2,4,4,1,4,4,4,1,0
21488,0,4,0,4,2,0,4,4,4,4,4,4,0,1
21504,0,3,0,4,3,0,3,3,3,4,3,3,0,1
21515,0,1,1,5,5,0,3,5,5,5,5,5,0,1
21517,0,4,1,4,3,1,2,2,4,3,2,1,1,0
21519,1,4,0,4,4,1,4,4,2,2,4,2,1,0
21544,0,3,0,3,4,2,4,2,3,3,1,2,1,0
21545,0,4,0,4,4,1,2,2,4,4,3,5,0,1
21553,1,4,0,4,4,1,2,2,4,4,2,5,1,0
21554,0,2,0,2,5,1,3,1,2,2,1,5,1,0
21583,1,4,0,4,3,1,4,4,5,5,4,3,1,0
21595,0,4,1,5,2,1,3,3,2,2,4,1,0,1
21599,0,4,1,4,2,0,5,5,5,5,1,1,0,1
21607,0,3,0,4,2,0,4,3,3,3,4,4,0,1
21613,0,4,0,3,1,0,4,4,4,1,4,4,0,1
21614,1,5,0,3,4,1,5,4,5,5,3,2,1,0
21636,0,2,0,4,2,0,4,4,2,4,2,4,0,1
21640,0,1,1,5,4,1,2,3,4,4,4,4,0,1
21641,0,4,0,4,3,1,1,2,4,4,2,2,1,0
21663,0,4,0,1,2,2,4,4,2,5,4,4,1,0
21669,1,0,0,0,5,2,3,4,4,4,2,3,1,0
21671,0,4,0,4,4,1,1,3,4,4,2,3,1,0
21672,0,2,0,4,1,0,2,2,4,1,2,2,0,1
21674,1,4,0,4,5,1,3,2,3,3,4,5,1,0
21696,0,4,0,4,2,1,4,2,4,4,1,2,1,0
21699,0,3,0,4,3,0,3,3,4,4,3,2,0,1
21701,0,2,0,4,2,0,2,2,3,1,2,2,0,1
21714,0,3,0,2,1,0,4,4,4,4,4,4,1,0
21724,0,2,0,2,2,1,3,2,2,2,2,3,1,0
21727,0,4,0,3,1,0,4,4,3,2,4,4,0,1
21737,0,4,0,4,3,1,4,4,4,4,2,3,1,0
21753,0,1,0,4,2,0,1,1,3,2,1,1,0,1
21762,0,2,1,2,4,0,1,4,1,5,4,1,1,0
21767,0,3,0,4,2,1,1,3,3,3,4,2,1,0
21771,0,2,0,4,4,0,2,2,3,3,2,2,0,1
21772,0,3,0,4,1,2,5,4,3,3,5,2,1,0
21776,0,4,0,4,1,0,4,4,3,4,4,4,0,1
21779,0,2,0,4,3,0,2,2,3,1,2,2,0,1
21788,0,2,0,4,4,0,2,2,3,4,2,2,0,1
21792,0,4,0,4,4,0,4,2,4,4,2,5,0,1
21799,0,2,0,3,4,0,4,4,3,3,4,4,1,0
21806,0,4,0,4,4,1,4,4,3,4,4,4,0,1
21818,0,1,0,4,3,0,4,1,4,1,4,4,0,1
21820,0,1,0,4,1,0,1,1,3,3,1,1,0,1
21822,0,1,0,2,4,0,4,5,2,2,3,3,1,0
21826,1,4,0,4,3,1,5,3,2,2,3,2,1,0
21850,1,4,0,5,5,1,5,5,5,3,5,4,0,1
21853,1,4,0,4,3,2,4,4,4,4,4,3,1,0
21857,0,2,0,4,3,0,2,2,3,2,2,2,0,1
21859,1,4,0,4,5,1,5,4,2,2,3,4,1,0
21868,0,4,0,2,2,0,2,2,2,5,2,2,1,0
21876,0,5,1,0,2,1,2,3,5,5,3,2,1,0
21879,0,1,0,4,1,0,3,1,3,1,3,3,0,1
21882,0,3,0,4,2,0,3,3,3,4,3,2,0,1
21912,1,4,0,4,3,1,3,3,5,5,2,5,1,0
21916,1,4,0,4,4,1,4,5,5,5,5,4,0,1
21918,0,2,0,4,3,0,2,2,3,4,2,2,0,1
21921,1,4,0,4,4,1,3,3,4,3,3,4,1,0
21934,1,0,0,0,3,1,4,5,3,3,3,2,1,0
21949,0,4,1,4,5,0,4,4,2,2,3,3,1,0
21958,1,4,0,3,5,1,3,3,3,1,3,4,1,0
21960,1,5,0,1,1,1,1,1,5,5,4,4,1,0
21983,0,1,0,1,4,0,3,3,2,5,3,4,1,0
21985,0,4,0,1,1,2,4,4,2,2,4,4,1,0
21994,0,2,0,4,1,0,3,2,4,2,3,3,0,1
22005,1,4,0,3,4,1,2,2,2,3,2,4,1,0
22006,1,4,0,4,5,0,5,4,4,4,5,3,0,1
22045,0,4,0,2,4,0,4,4,4,4,4,4,0,1
22047,1,4,0,0,1,1,3,4,4,5,2,4,1,0
22060,0,3,0,4,3,0,3,3,3,3,3,3,0,1
22068,0,4,0,3,3,0,4,4,4,3,4,4,0,1
22074,0,4,0,2,3,0,4,4,3,2,4,4,0,1
22126,0,1,0,4,2,0,1,1,4,4,1,1,0,1
22129,0,3,0,4,1,0,3,3,4,4,3,3,0,1
22132,0,2,0,4,3,0,2,2,4,2,2,1,0,1
22138,0,3,0,4,1,0,3,3,3,1,3,3,0,1
22176,0,3,0,1,4,0,4,4,3,4,4,4,1,0
22181,0,4,0,4,2,2,3,4,1,4,4,2,0,1
22214,0,1,0,1,4,0,4,4,3,3,4,4,1,0
22217,0,2,0,4,3,0,2,2,4,3,2,2,0,1
22221,1,0,0,0,5,1,4,4,2,2,3,3,1,0
22237,0,4,0,4,1,0,3,4,4,4,2,3,0,1
22241,1,4,0,4,5,1,5,5,3,3,5,4,0,1
22242,0,3,0,4,4,0,3,3,4,3,3,3,0,1
22245,0,3,0,4,4,0,3,3,3,3,3,3,0,1
22248,0,4,0,1,1,1,4,4,3,3,4,4,1,0
22262,0,2,0,2,5,1,2,4,2,2,1,3,1,0
22271,0,4,1,4,4,1,3,1,2,5,4,1,1,0
22321,0,2,0,3,1,1,1,4,2,2,4,1,1,0
22352,1,4,0,4,2,1,1,3,1,1,4,4,1,0
22374,0,2,0,2,5,1,1,4,2,2,2,5,1,0
22389,0,4,1,4,2,1,4,1,3,3,5,3,1,0
22390,0,4,1,3,5,1,5,4,5,5,4,5,1,0
22398,0,4,1,4,5,1,4,3,5,5,4,2,1,0
22404,0,3,0,3,2,0,3,3,2,2,3,3,1,0
22412,0,1,0,4,1,0,3,3,4,4,3,0,0,1
22428,0,3,0,4,1,0,3,3,3,3,3,2,0,1
22429,0,4,0,2,4,0,4,4,1,4,4,4,0,1
22441,0,4,1,3,4,0,4,4,4,4,3,5,1,0
22459,0,4,0,3,1,0,4,4,3,1,4,4,0,1
22463,0,5,0,3,4,0,5,5,3,3,5,4,0,1
22464,0,4,0,4,2,1,4,3,4,4,2,4,0,1
22467,1,4,0,5,2,1,1,1,3,5,1,4,1,0
22487,1,4,0,4,5,1,4,5,1,2,4,2,1,0
22490,0,4,0,3,1,0,4,4,4,2,4,4,0,1
22520,0,3,0,3,1,1,5,4,3,3,2,4,1,0
22525,0,2,0,1,4,0,4,4,3,1,4,4,1,0
22526,1,4,0,4,5,0,5,4,4,4,5,2,0,1
22532,1,0,0,0,2,1,4,4,2,2,1,2,1,0
22541,1,4,0,4,4,0,5,3,5,5,5,4,0,1
22544,0,3,1,2,3,1,5,4,5,5,4,4,1,0
22561,0,2,0,4,1,0,2,2,3,4,2,2,0,1
22562,0,1,1,5,5,1,4,4,5,5,2,4,0,1
22579,0,3,0,1,3,0,4,4,4,5,4,4,1,0
22591,1,4,0,4,5,1,5,4,4,4,5,4,0,1
22596,0,1,0,2,4,0,5,5,2,2,3,5,1,0
22599,0,2,0,4,4,0,3,2,4,3,3,3,0,1
22601,0,4,1,3,3,0,4,5,4,4,4,3,1,0
22610,0,4,0,4,1,0,4,4,4,4,1,4,0,1
22629,0,2,0,2,3,1,2,2,2,2,3,5,1,0
22632,0,3,0,4,4,0,3,3,3,3,3,3,0,1
22635,0,4,0,3,1,0,4,4,3,2,4,4,0,1
22639,1,4,0,5,4,0,5,5,5,3,5,4,0,1
22647,0,4,1,4,5,0,4,5,2,2,5,3,0,1
22668,0,1,0,3,5,0,3,3,5,5,3,4,1,0
22677,0,4,1,4,4,1,3,3,4,5,1,5,1,0
22678,0,2,0,2,4,1,5,1,2,2,4,5,1,0
22720,0,3,0,4,1,0,3,3,4,1,3,3,0,1
22724,0,4,1,3,5,1,4,5,2,2,4,5,1,0
22728,0,2,0,2,1,1,5,3,1,1,2,1,1,0
22737,0,4,0,4,2,2,2,2,4,4,1,2,1,0
22745,0,4,1,4,5,0,5,4,5,5,3,5,0,1
22770,1,4,0,4,5,1,5,4,5,2,4,2,1,0
22772,0,3,0,4,1,0,3,3,4,3,3,3,0,1
22775,1,4,0,5,3,1,5,5,4,5,5,4,0,1
22799,1,4,0,4,3,1,1,2,3,3,4,1,1,0
22801,0,4,1,4,5,1,5,4,1,1,5,3,1,0
22807,1,4,0,4,2,1,4,3,1,1,4,5,1,0
22830,0,1,0,4,4,0,1,1,3,4,1,1,0,1
22833,0,4,0,4,4,0,2,4,3,2,2,2,0,1
22839,0,2,0,4,3,0,2,2,4,2,2,2,0,1
22848,1,4,0,4,4,1,1,1,4,5,1,4,1,0
22850,0,3,0,4,2,0,3,3,4,1,3,3,0,1
22886,0,4,0,1,4,0,4,4,3,1,4,4,0,1
22887,0,4,1,4,5,1,4,4,5,5,3,3,1,0
22934,1,5,0,3,4,1,3,3,3,2,3,5,1,0
22951,0,3,0,4,2,0,3,3,4,4,3,3,0,1
22960,1,4,0,4,4,1,5,5,4,3,4,5,0,1
22972,1,4,0,1,4,1,2,2,3,3,2,4,1,0
22988,0,3,1,4,5,1,5,5,2,3,5,4,0,1
22989,0,2,0,2,2,0,4,4,4,1,4,4,1,0
22992,0,4,1,4,5,1,1,3,5,5,1,2,1,0
23024,0,4,1,4,3,0,3,5,3,3,5,5,0,1
23028,1,4,1,4,5,1,5,5,4,4,5,4,1,0
23030,0,1,0,2,2,0,4,4,2,4,4,4,1,0
23045,0,4,0,4,1,1,2,2,4,4,2,3,1,0
23053,0,1,0,2,2,0,4,4,1,5,4,4,1,0
23054,0,2,0,3,5,0,4,4,3,3,3,5,1,0
23057,0,1,0,2,5,0,1,5,1,1,4,1,1,0
23061,0,1,0,4,3,0,1,1,1,4,1,1,0,1
23089,0,4,1,4,4,1,5,2,1,1,3,4,1,0
23112,0,4,0,4,1,1,4,3,5,5,3,4,0,1
23114,0,2,0,1,3,0,3,3,1,5,3,3,1,0
23120,0,4,0,2,1,0,4,4,3,3,4,4,0,1
23125,0,4,1,4,3,0,4,4,2,2,5,5,0,1
23132,0,4,0,4,2,1,1,3,4,4,1,1,1,0
23136,0,2,0,1,4,0,4,4,1,1,4,4,1,0
23137,0,4,0,4,2,0,4,4,3,2,4,4,0,1
23161,0,4,0,1,3,1,4,4,3,3,4,4,1,0
23167,0,2,0,1,2,0,4,4,4,4,4,4,1,0
23168,0,4,0,3,3,0,4,4,4,2,4,4,0,1
23173,0,4,0,4,1,0,3,4,4,1,3,3,0,1
23175,0,4,0,4,1,0,4,4,4,4,4,4,0,1
23191,0,4,0,4,4,0,4,4,3,1,4,3,0,1
23198,0,4,0,4,1,0,3,4,1,1,2,3,0,1
23210,0,3,0,4,4,0,3,4,3,4,2,2,0,1
23214,0,3,0,4,3,0,3,3,4,1,3,3,0,1
23244,0,4,1,4,3,0,4,4,2,2,3,2,1,0
23247,0,4,0,3,3,1,4,4,2,5,4,4,1,0
23276,0,2,1,2,4,0,5,4,2,2,3,3,1,0
23290,1,0,0,0,4,1,4,4,2,2,3,3,1,0
23298,0,1,0,2,2,0,4,4,2,5,4,4,1,0
23305,1,4,0,4,4,1,5,5,4,2,5,4,0,1
23314,0,5,0,4,2,1,3,4,5,5,2,4,0,1
23327,0,3,0,1,1,0,3,3,2,3,3,3,1,0
23356,0,4,1,4,2,2,3,2,5,5,5,4,0,1
23360,0,2,0,3,3,0,3,4,3,3,3,4,1,0
23367,1,4,0,4,2,1,3,4,2,1,4,3,1,0
23372,0,4,0,3,2,0,4,4,3,3,4,4,0,1
23373,1,0,0,0,3,1,5,4,3,3,3,2,1,0
23374,1,4,0,4,5,1,5,5,4,4,5,5,0,1
23376,0,4,1,4,4,0,5,4,5,5,3,2,0,1
23378,0,4,0,4,2,1,4,3,4,4,2,2,1,0
23400,0,3,0,4,3,0,3,3,4,3,3,3,0,1
23459,0,4,1,5,4,0,3,4,4,4,2,4,0,1
23499,0,1,0,2,5,0,4,5,2,2,5,3,1,0
23508,0,4,1,4,4,0,5,4,1,1,4,5,0,1
23523,0,4,0,3,3,0,4,4,4,1,4,4,0,1
23543,0,2,0,4,4,0,2,2,4,2,2,2,0,1
23546,1,1,0,5,5,1,5,5,5,5,4,4,0,1
23574,0,2,0,4,3,0,2,2,4,3,2,2,0,1
23584,0,2,0,3,1,0,4,4,4,5,4,5,1,0
23587,0,2,0,4,4,0,3,2,4,3,3,3,0,1
23589,1,5,0,0,5,1,2,5,3,3,4,4,1,0
23603,1,4,0,3,2,1,3,3,3,1,3,4,1,0
23619,0,2,0,2,4,0,4,4,2,4,4,4,1,0
23626,1,4,0,4,3,1,4,5,5,5,5,3,1,0
23629,0,5,0,4,2,1,4,3,5,5,1,1,0,1
23633,0,3,0,2,2,1,3,3,3,1,3,3,1,0
23635,1,4,0,4,5,1,4,5,4,4,4,4,0,1
23640,0,2,0,1,5,0,3,3,5,3,3,4,1,0
23641,0,1,0,3,3,0,4,4,4,3,4,4,1,0
23649,0,3,0,4,2,0,3,3,3,1,3,3,0,1
23657,1,4,0,4,3,1,5,5,4,3,5,4,0,1
23660,0,4,1,5,4,1,4,4,4,4,4,2,0,1
23663,0,4,1,4,3,1,3,1,2,2,2,1,1,0
23668,0,2,0,2,3,2,3,1,2,2,3,1,1,0
23669,0,4,0,2,3,0,2,2,2,4,2,2,1,0
23672,0,2,0,4,3,0,3,4,2,4,3,4,0,1
23677,0,4,0,4,1,1,2,2,4,4,4,3,0,1
23681,0,3,0,4,1,0,2,3,4,4,2,2,0,1
23694,0,2,0,1,1,0,4,4,2,2,4,5,1,0
23696,0,1,0,3,4,0,4,4,3,3,3,4,1,0
23700,1,4,0,3,5,1,4,4,3,3,3,3,1,0
23713,1,5,0,1,4,0,1,1,2,4,1,5,1,0
23744,0,3,0,4,4,0,3,3,4,2,3,3,0,1
23747,0,1,0,4,4,0,1,1,3,4,1,1,0,1
23757,1,4,0,4,3,1,1,1,5,5,1,4,1,0
23758,0,4,1,4,5,1,4,5,1,1,5,1,1,0
23761,1,5,0,2,2,1,1,1,2,1,1,5,1,0
23789,0,4,0,3,4,0,4,4,4,4,4,4,0,1
23802,0,2,0,4,3,0,1,2,3,4,1,1,0,1
23807,1,4,0,4,4,1,3,3,3,4,3,4,1,0
23808,0,4,1,4,5,1,5,4,2,2,4,2,1,0
23809,0,4,1,2,2,0,4,5,2,2,3,4,1,0
23811,0,4,0,4,3,1,3,3,4,4,1,2,1,0
23813,0,4,0,3,1,0,4,4,3,4,4,4,0,1
23815,0,4,0,4,1,0,4,4,4,3,4,4,0,1
23819,0,4,0,3,1,0,4,4,3,2,4,4,0,1
23826,1,4,0,4,3,1,3,4,2,2,3,3,1,0
23838,0,2,0,4,1,0,2,2,3,4,2,3,0,1
23858,0,3,0,4,2,0,3,3,4,1,3,3,0,1
23905,0,2,0,4,3,0,2,2,4,2,2,2,0,1
23915,0,4,0,4,1,1,1,1,4,4,4,2,0,1
23916,0,4,0,4,2,1,1,1,4,4,3,3,1,0
23931,0,2,0,4,2,0,2,2,3,4,2,2,0,1
23957,0,3,0,2,3,0,5,5,1,1,5,2,1,0
23959,0,4,0,4,2,1,4,3,5,5,2,2,0,1
23961,0,1,0,3,5,0,1,4,3,3,3,3,1,0
23967,0,4,1,4,4,0,5,5,3,3,5,2,0,1
23975,0,3,0,4,1,0,3,3,3,3,3,3,0,1
23984,0,2,0,3,4,0,4,4,4,1,4,4,1,0
23995,0,2,0,2,1,0,1,5,2,2,2,5,1,0
23999,0,3,0,4,2,0,1,3,3,2,1,1,0,1
24012,1,4,0,4,4,2,4,5,3,3,2,2,1,0
24017,0,2,0,4,1,0,2,2,4,4,2,2,0,1
24020,0,3,1,4,5,0,5,5,5,2,5,4,0,1
24029,0,4,0,4,3,2,3,4,4,4,3,5,0,1
24033,0,2,0,4,1,0,2,2,4,2,2,2,0,1
24036,0,1,0,2,2,0,4,4,1,4,4,4,1,0
24059,0,4,1,3,4,0,5,5,2,4,5,2,1,0
24064,0,4,0,4,1,1,4,1,4,4,2,2,1,0
24067,0,4,1,4,4,1,2,1,1,1,4,5,0,1
24083,1,3,0,5,5,1,1,4,5,5,4,5,0,1
24087,0,3,0,5,2,1,3,3,2,4,3,3,1,0
24104,0,2,1,2,5,0,5,4,3,4,5,4,1,0
24115,0,5,0,4,4,1,3,4,4,5,3,5,0,1
24125,0,2,0,4,2,0,3,2,3,3,3,3,0,1
24145,0,4,0,4,1,1,1,1,3,4,2,3,1,0
24149,0,2,0,3,3,0,3,3,4,4,3,3,1,0
24229,0,2,0,4,1,0,2,2,3,2,2,2,0,1
24245,1,4,0,4,4,1,5,5,4,3,5,4,0,1
24247,0,4,1,4,1,1,4,3,2,2,3,4,1,0
24258,1,4,0,4,5,1,4,5,4,4,4,4,0,1
24266,0,3,1,4,4,0,5,5,1,1,4,3,0,1
24267,0,2,0,4,2,0,2,2,3,2,2,2,0,1
24271,0,4,0,4,4,1,3,1,4,4,1,2,1,0
24290,1,4,0,4,4,1,4,4,1,1,4,4,1,0
24291,1,4,0,0,4,1,2,3,2,2,4,1,1,0
24294,0,3,0,4,4,1,3,3,5,4,3,3,1,0
24301,0,3,1,3,5,0,4,5,4,4,3,3,1,0
24307,0,4,0,3,4,0,4,4,4,1,4,4,0,1
24313,0,4,1,4,2,1,4,3,1,1,4,5,0,1
24319,1,4,0,5,1,1,5,4,3,3,5,2,1,0
24321,0,3,0,3,5,2,4,4,3,3,1,5,1,0
24325,1,4,0,4,2,1,4,2,5,5,4,4,1,0
24332,1,4,0,3,3,1,3,3,4,1,3,4,1,0
24336,0,4,1,3,1,1,3,1,4,4,2,3,1,0
24346,0,2,0,4,3,0,3,2,4,1,3,3,0,1
24351,0,4,0,4,2,0,2,3,4,4,1,5,0,1
24358,0,4,0,2,1,0,4,4,1,3,4,4,0,1
24363,0,3,0,4,3,0,3,3,3,3,3,3,0,1
24385,0,4,0,2,2,2,4,4,5,1,4,4,1,0
24391,1,4,0,4,3,1,4,5,5,5,5,3,1,0
24404,0,4,0,2,3,1,3,3,4,3,3,4,1,0
24405,0,4,1,4,1,1,1,1,2,2,3,1,1,0
24430,0,4,1,4,5,0,4,3,4,4,2,4,0,1
24436,0,4,0,4,3,0,4,4,4,4,4,1,0,1
24448,0,4,1,4,4,0,5,4,4,4,4,4,0,1
24449,0,3,0,4,2,0,3,3,3,2,3,3,0,1
24454,1,5,0,1,1,1,2,2,4,4,2,5,1,0
24460,1,4,0,4,3,1,4,3,4,4,1,2,1,0
24467,0,4,1,4,5,0,4,5,2,2,4,4,0,1
24480,0,2,0,4,2,0,2,2,3,3,2,3,0,1
24486,0,4,0,3,1,0,4,4,3,1,4,4,0,1
24497,0,4,0,4,3,0,3,3,4,4,4,2,0,1
24503,1,4,0,4,3,1,5,4,1,1,3,5,1,0
24514,0,4,0,4,1,1,3,3,4,4,1,1,1,0
24522,1,5,0,2,2,1,1,1,5,5,1,0,1,0
24531,0,4,0,4,4,1,1,3,4,4,3,1,1,0
24538,0,2,0,3,5,0,4,4,4,4,3,5,1,0
24556,0,4,0,4,1,0,3,4,4,4,2,3,0,1
24568,0,2,0,4,3,0,2,2,3,4,2,2,0,1
24573,1,4,0,4,4,1,3,4,3,3,4,2,1,0
24604,0,4,0,1,1,1,4,4,4,3,4,4,1,0
24611,0,4,0,4,2,0,4,4,3,2,4,3,0,1
24620,0,3,0,3,3,2,3,1,3,3,2,3,1,0
24624,1,5,0,2,2,1,4,4,2,2,5,4,1,0
24635,0,4,1,4,2,1,5,3,3,3,2,4,1,0
24652,0,4,0,2,1,0,3,3,1,3,3,3,1,0
24653,0,1,0,3,3,0,4,4,4,5,4,4,1,0
24656,0,4,0,3,3,2,4,4,3,1,4,4,1,0
24665,0,2,0,4,3,0,2,2,4,2,2,2,0,1
24666,0,1,0,3,5,0,3,3,5,3,3,3,1,0
24679,0,4,0,4,1,1,4,4,3,4,4,4,0,1
24696,0,4,1,4,3,1,5,4,3,3,2,5,1,0
24699,0,3,0,4,2,0,3,2,3,3,4,2,0,1
24712,0,1,0,3,5,0,3,3,5,1,3,3,1,0
24713,0,3,0,4,3,0,3,3,4,2,3,4,0,1
24723,0,1,0,4,4,0,1,1,4,2,1,2,0,1
24749,0,4,1,4,4,0,4,4,3,3,3,2,1,0
24751,0,3,0,4,3,1,3,3,4,2,3,3,1,0
24759,0,4,0,4,3,1,4,2,4,4,1,1,1,0
24760,0,3,0,4,4,0,4,4,3,3,1,4,0,1
24767,0,1,0,1,2,0,4,4,2,4,4,4,1,0
24775,0,2,0,3,2,0,1,1,4,1,1,2,1,0
24778,0,2,0,4,1,0,2,2,3,3,2,2,0,1
24789,0,4,0,4,4,1,4,3,2,4,1,5,0,1
24812,0,3,0,1,3,0,4,4,4,2,4,4,1,0
24815,0,1,0,2,4,0,4,5,2,2,3,5,1,0
24825,0,4,1,4,5,1,5,5,1,1,3,2,1,0
24834,0,2,0,4,4,0,2,2,4,1,2,2,0,1
24839,0,4,0,2,5,2,4,4,2,3,4,4,1,0
24840,1,5,0,4,4,2,2,3,4,2,3,1,1,0
24846,0,4,0,3,2,0,4,4,3,3,4,4,0,1
24871,1,4,0,5,5,1,3,3,5,3,3,4,0,1
24883,0,3,0,4,3,0,3,3,4,3,3,2,0,1
24891,0,3,0,4,3,0,3,3,4,1,3,3,0,1
24902,1,4,0,3,4,1,4,4,4,4,4,4,1,0
24907,0,4,0,4,3,1,2,3,4,4,3,1,1,0
24912,0,4,1,4,3,0,3,2,5,5,3,4,0,1
24914,0,1,0,1,3,0,3,3,2,5,3,3,1,0
24943,0,3,0,4,1,0,3,3,4,3,3,3,0,1
24956,0,1,0,2,3,0,4,4,3,5,4,4,1,0
24959,0,4,0,2,1,1,4,4,2,1,4,4,1,0
24962,0,2,0,4,2,0,2,2,3,1,2,3,0,1
24983,0,2,0,3,3,0,4,4,4,5,4,4,1,0
25000,0,2,0,2,2,0,4,4,2,5,4,4,1,0
25018,0,3,0,1,1,0,3,3,5,5,3,3,1,0
25029,0,4,0,1,2,2,4,4,3,4,4,4,1,0
25046,0,2,1,2,5,1,1,3,3,3,1,1,1,0
25055,0,3,0,4,3,2,3,3,2,4,3,3,1,0
25064,1,4,0,4,3,1,5,5,3,4,5,4,0,1
25066,0,4,0,4,4,0,4,4,4,4,4,5,0,1
25076,0,1,0,4,4,0,1,1,3,3,1,1,0,1
25080,1,4,0,5,5,1,4,4,5,5,3,4,0,1
25100,0,3,0,1,5,0,3,3,3,3,3,3,1,0
25102,0,4,0,1,2,0,4,4,2,2,4,4,0,1
25107,0,4,1,4,5,1,1,5,2,5,5,5,0,1
25112,0,2,0,2,3,1,5,2,2,2,1,2,1,0
25143,0,3,0,4,2,0,3,3,3,3,3,3,0,1
25149,0,2,0,3,1,0,3,2,4,4,4,4,1,0
25154,0,4,0,2,2,0,4,4,2,2,3,1,1,0
25157,0,4,1,4,2,1,4,5,4,4,4,3,1,0
25194,0,1,0,2,5,0,2,2,2,3,2,2,1,0
25196,0,5,0,2,3,0,5,5,2,3,5,4,0,1
25209,0,1,0,3,3,0,4,4,4,5,4,4,1,0
25218,0,4,1,4,4,0,5,5,4,4,3,5,0,1
25234,0,4,0,3,3,1,4,4,5,3,4,4,1,0
25237,0,5,0,5,5,0,1,4,5,5,5,3,0,1
25241,1,4,0,4,4,1,3,3,4,3,3,4,1,0
25244,0,4,0,4,4,2,4,3,4,4,4,2,0,1
25245,0,4,1,5,1,0,3,3,4,4,1,1,0,1
25253,0,4,0,4,4,1,4,4,4,4,3,1,1,0
25255,0,4,1,3,2,1,2,2,2,2,3,1,1,0
25256,0,4,0,4,4,0,3,3,4,4,3,4,0,1
25257,1,0,0,2,3,1,1,1,3,2,1,0,1,0
25261,1,4,0,4,2,1,4,3,3,3,4,1,1,0
25287,0,2,1,2,4,0,5,4,2,5,5,5,1,0
25288,0,3,0,2,4,0,5,4,2,2,4,2,1,0
25298,0,4,0,3,2,2,4,4,5,4,4,4,1,0
25308,0,4,0,4,4,0,4,4,4,3,4,4,0,1
25310,1,4,0,4,1,1,1,3,1,1,5,5,1,0
25315,0,4,1,4,2,1,4,3,3,5,4,5,0,1
25328,1,4,0,3,5,1,5,4,2,2,3,4,1,0
25338,0,4,0,4,3,1,2,2,5,5,1,3,0,1
25339,0,4,0,4,2,1,4,4,4,4,4,4,0,1
25360,1,0,0,0,3,1,3,1,5,3,1,1,1,0
25371,1,0,0,0,4,1,3,4,5,5,3,3,1,0
25389,0,4,0,3,3,0,4,4,3,1,4,4,0,1
25395,0,2,0,1,3,0,4,4,4,1,4,4,1,0
25426,0,4,1,4,2,1,5,2,4,4,2,5,1,0
25427,0,4,1,4,2,1,2,3,5,2,4,4,0,1
25433,0,4,0,4,1,1,3,3,4,4,3,3,1,0
25435,0,4,0,3,4,1,4,4,4,2,4,4,1,0
25441,0,4,1,3,4,0,4,5,4,3,4,4,1,0
25483,0,4,1,4,4,1,4,3,2,2,4,4,0,1
25486,0,4,1,4,4,1,5,4,5,5,4,5,0,1
25487,0,2,0,3,1,0,4,4,1,1,4,4,1,0
25501,1,4,0,4,4,1,4,4,2,2,2,3,1,0
25506,0,3,0,2,4,0,4,4,2,5,4,4,1,0
25512,0,0,0,1,1,2,3,4,4,0,2,1,0,1
25525,0,3,0,4,2,0,3,3,3,1,3,3,0,1
25529,0,5,0,3,1,0,5,5,3,3,5,4,0,1
25555,0,2,0,4,3,0,2,2,3,3,2,2,0,1
25557,0,4,0,4,3,0,4,4,4,2,4,4,0,1
25559,1,4,0,4,2,1,1,4,2,2,1,2,1,0
25564,0,4,1,4,4,0,5,2,5,5,2,4,0,1
25574,1,4,0,4,4,1,3,5,4,4,4,4,1,0
25626,1,4,0,4,1,1,4,3,2,2,4,5,1,0
25638,0,2,0,2,2,1,4,5,2,2,3,3,1,0
25655,0,4,1,4,4,0,4,3,5,5,4,5,0,1
25667,0,4,1,4,4,0,4,4,1,1,5,3,0,1
25671,0,4,1,4,5,1,2,4,2,2,5,2,1,0
25713,0,2,0,3,2,0,4,4,3,1,4,4,1,0
25727,0,4,1,4,4,1,3,4,5,5,4,2,1,0
25738,0,4,1,5,1,1,3,2,3,5,2,2,1,0
25740,1,4,0,3,3,1,4,4,3,1,4,3,1,0
25771,0,2,1,5,5,0,5,5,5,5,2,4,0,1
25780,0,4,1,4,5,0,2,4,4,4,3,3,1,0
25784,0,3,0,4,3,0,3,3,3,1,3,3,0,1
25785,0,4,1,4,4,0,5,5,2,2,5,3,0,1
25790,0,3,0,4,2,0,3,3,4,2,3,3,0,1
25810,0,1,0,3,5,0,5,4,3,3,3,5,1,0
25827,0,4,1,4,4,0,5,4,4,2,5,5,0,1
25835,1,5,0,3,4,2,3,3,4,4,3,5,1,0
25849,0,4,1,4,3,1,5,5,3,3,3,3,1,0
25863,0,2,0,4,2,0,2,2,4,1,2,2,0,1
25869,1,4,0,4,5,1,5,4,1,1,5,3,1,0
25893,0,1,0,4,4,0,1,1,4,2,1,1,0,1
25906,0,4,1,3,5,0,4,5,4,4,3,5,1,0
25907,0,1,0,4,3,0,1,1,4,3,1,1,0,1
25911,0,2,0,4,4,0,3,2,3,4,3,2,0,1
25917,1,5,0,3,1,0,3,3,5,2,3,1,1,0
25924,0,4,0,4,3,1,4,2,4,4,3,2,1,0
25925,0,2,0,3,5,0,5,5,3,3,4,2,1,0
25934,0,1,0,4,3,0,1,1,4,3,1,1,0,1
25939,0,1,0,3,1,0,4,4,1,5,4,4,1,0
25945,0,3,0,4,3,1,1,1,3,3,1,3,1,0
25954,0,4,0,4,3,0,4,2,4,4,3,5,0,1
25960,0,4,1,4,5,1,4,5,1,1,4,4,0,1
25965,1,4,0,5,4,1,5,5,4,4,5,4,0,1
