,Type of Travel,Inflight wifi service,Customer Type,Online boarding,Checkin service,Class,Inflight service,Baggage handling,Seat comfort,Cleanliness,On-board service,Leg room service,True_Y,Predicted_Y_Random Forest
4,0,2,0,1,4,1,2,2,2,4,2,2,1,0
38,0,4,1,4,3,0,5,4,4,2,4,2,0,1
51,0,4,1,4,3,0,5,5,2,2,5,3,1,0
102,1,4,0,4,4,1,4,4,5,5,2,2,1,0
110,0,4,0,4,4,1,3,2,4,4,2,5,0,1
136,0,3,1,3,3,0,5,5,2,2,4,3,0,1
149,1,4,0,4,2,1,4,4,1,1,1,5,1,0
153,0,4,1,4,2,1,2,2,2,2,1,5,1,0
161,1,4,0,3,2,1,3,1,3,2,3,4,1,0
209,0,4,1,4,3,0,5,4,5,5,5,3,1,0
247,1,4,0,0,5,1,5,4,2,2,3,4,1,0
254,0,3,0,4,4,0,3,3,4,3,3,2,1,0
278,0,2,0,2,3,1,3,2,2,2,3,5,1,0
283,0,4,0,4,4,1,3,4,4,4,2,1,1,0
298,0,4,0,4,4,1,3,4,4,4,3,4,0,1
307,1,4,0,4,3,1,4,4,5,5,2,5,1,0
310,0,3,0,4,1,0,3,2,3,4,2,3,1,0
365,0,4,1,4,3,0,5,5,5,5,4,3,0,1
374,1,4,0,3,3,1,3,3,1,1,4,1,1,0
380,0,3,0,2,4,0,1,3,2,2,1,1,1,0
384,0,4,1,4,4,0,5,5,1,1,5,2,1,0
428,0,2,0,2,4,0,5,4,2,2,2,2,0,1
493,0,4,1,3,3,0,1,5,1,1,2,5,1,0
526,0,4,0,1,2,0,4,4,2,2,4,4,1,0
528,1,4,0,4,3,1,4,4,5,5,4,4,0,1
535,0,4,0,4,1,2,4,4,4,4,2,2,1,0
540,1,4,0,2,1,1,3,3,2,2,1,5,1,0
561,0,3,0,1,4,0,3,3,1,3,3,4,0,1
598,1,4,0,4,3,2,3,3,4,4,1,3,1,0
611,1,4,0,4,3,1,4,3,3,3,3,3,0,1
640,0,4,1,4,3,0,5,5,5,5,4,2,0,1
664,0,3,0,3,3,1,1,4,3,3,1,4,1,0
742,0,4,0,3,3,1,4,4,3,3,4,4,1,0
804,0,3,0,3,5,0,1,1,3,3,1,1,0,1
827,0,4,0,4,3,1,3,3,4,4,1,5,1,0
836,0,4,1,4,4,0,5,5,2,2,4,5,0,1
854,1,4,0,5,3,1,5,2,4,5,5,4,1,0
859,0,4,0,4,4,0,4,4,4,4,4,4,0,1
871,0,4,0,4,3,1,3,3,4,4,1,3,1,0
875,0,4,1,4,3,0,5,5,2,2,5,3,1,0
915,1,4,0,4,3,1,4,4,5,5,5,3,1,0
923,0,4,0,4,1,1,2,1,3,4,3,1,1,0
935,1,4,0,4,5,1,4,4,1,1,5,2,0,1
1031,1,4,0,4,3,1,5,4,5,5,2,1,1,0
1067,1,4,0,4,4,2,4,4,2,2,3,4,1,0
1099,1,4,0,5,4,1,4,4,3,3,1,1,1,0
1155,0,4,0,4,3,0,4,4,3,2,4,4,1,0
1158,1,4,0,4,5,1,4,4,2,2,3,4,1,0
1176,1,4,0,4,1,1,2,4,2,5,5,4,1,0
1198,0,4,1,4,3,0,5,5,2,2,4,3,0,1
1200,0,3,1,3,5,1,5,5,1,1,5,5,0,1
1243,0,4,1,4,1,1,4,5,5,5,5,5,0,1
1274,1,4,0,4,5,1,5,5,2,2,4,4,1,0
1286,0,3,1,3,3,0,4,3,4,4,4,4,0,1
1291,0,4,0,4,4,0,4,4,4,3,4,4,0,1
1443,0,4,0,4,1,0,4,4,4,2,4,4,1,0
1453,1,4,0,4,4,1,5,4,3,3,4,5,0,1
1466,0,4,1,5,5,0,4,4,5,5,3,4,1,0
1470,0,3,1,3,3,0,4,4,4,4,5,3,1,0
1558,0,5,0,3,3,0,5,5,2,4,5,4,0,1
1560,0,4,1,4,5,1,4,3,4,4,5,4,1,0
1575,0,4,1,4,3,0,4,5,5,5,3,3,0,1
1580,0,2,0,2,3,1,3,2,2,2,1,4,1,0
1622,0,4,0,4,2,1,1,1,4,4,1,1,0,1
1636,0,4,0,4,3,1,4,3,4,4,1,3,1,0
1666,0,4,0,1,2,1,3,3,1,1,3,4,0,1
1683,0,4,0,5,2,0,4,4,1,1,4,4,0,1
1690,0,4,1,4,4,1,3,2,4,4,5,5,0,1
1691,1,4,0,5,4,1,5,4,5,5,4,3,1,0
1709,1,4,0,4,5,1,4,5,1,1,5,5,1,0
1737,0,4,0,4,4,1,4,4,3,2,4,4,1,0
1775,0,4,1,4,4,0,4,5,3,3,3,5,1,0
1809,0,4,1,4,4,0,4,4,4,4,4,2,0,1
1813,0,4,0,4,2,0,1,1,4,4,3,5,0,1
1819,1,4,0,4,5,1,5,5,4,4,4,5,0,1
1839,1,4,0,4,4,1,5,4,3,3,5,3,0,1
1867,1,4,0,4,3,1,4,3,2,2,4,3,1,0
1910,0,4,1,1,1,1,4,3,1,1,5,3,1,0
1917,1,4,0,5,3,0,5,5,4,3,5,4,1,0
1922,1,4,0,4,3,1,5,4,1,1,4,2,0,1
1955,1,4,0,4,3,1,3,3,4,4,1,5,0,1
1993,0,4,1,4,3,0,4,4,3,3,3,4,0,1
1998,1,4,0,4,1,1,3,2,2,2,3,2,1,0
2024,0,4,1,4,2,1,2,3,3,3,3,4,1,0
2033,1,4,0,4,5,1,4,5,2,2,5,2,1,0
2062,0,4,1,4,3,0,5,5,3,4,4,5,0,1
2072,1,4,0,4,1,1,2,4,3,3,3,2,1,0
2094,0,4,0,4,4,1,1,2,4,4,4,2,0,1
2129,0,3,1,3,5,0,4,5,2,2,3,4,1,0
2137,1,4,0,4,5,1,5,4,3,3,5,4,1,0
2174,0,4,0,4,2,1,4,3,4,4,2,3,1,0
2190,1,4,0,4,3,1,4,4,3,3,5,4,1,0
2201,0,4,1,3,3,0,3,3,2,1,3,4,1,0
2205,0,5,0,4,4,0,3,2,5,5,3,1,0,1
2209,1,4,0,5,3,1,2,3,5,3,2,4,1,0
2231,0,4,1,4,4,0,4,4,4,3,3,4,0,1
2253,0,4,0,4,1,1,2,2,4,4,2,5,0,1
2259,1,4,0,4,2,1,4,4,5,3,1,4,1,0
2275,0,4,0,4,3,0,4,4,4,4,3,3,0,1
2319,1,4,0,0,3,2,5,4,5,3,5,4,1,0
2422,1,4,0,4,4,1,4,4,4,4,3,3,1,0
2428,1,4,0,5,5,0,5,5,4,4,5,4,0,1
2462,1,4,0,4,3,1,5,4,1,3,3,2,1,0
2488,0,4,0,4,3,1,3,2,4,4,3,5,0,1
2494,0,2,0,4,3,0,2,2,4,4,1,2,1,0
2497,0,3,0,3,3,2,3,2,3,3,1,1,0,1
2506,1,4,0,4,5,1,4,4,3,3,5,2,1,0
2508,0,4,1,4,3,0,5,5,5,5,5,2,1,0
2509,0,4,1,4,3,1,4,5,2,2,4,5,0,1
2531,0,4,0,3,2,0,4,4,3,1,4,4,1,0
2554,1,4,0,4,2,1,4,3,4,4,4,4,0,1
2604,1,4,0,4,4,1,5,5,5,5,4,5,0,1
2644,0,3,0,3,2,1,4,4,3,3,5,4,1,0
2686,0,4,1,4,5,0,5,5,1,1,3,4,0,1
2695,1,4,1,4,3,1,4,4,4,4,5,3,0,1
2706,1,4,0,4,4,2,4,4,3,3,4,3,1,0
2719,0,5,0,4,3,0,3,4,5,5,4,4,0,1
2729,0,4,1,4,2,1,2,1,5,5,4,4,1,0
2733,1,4,0,4,1,1,3,2,2,2,2,1,1,0
2743,1,4,0,4,1,1,3,4,5,5,1,4,0,1
2759,0,3,0,4,4,0,3,3,4,3,3,3,1,0
2773,0,4,1,4,3,0,5,5,5,5,3,3,0,1
2817,1,4,0,4,5,1,5,4,3,3,3,3,1,0
2823,1,4,0,4,3,1,3,3,4,4,1,1,1,0
2858,0,4,1,4,5,1,4,4,1,1,5,2,1,0
2876,1,4,0,4,4,1,5,5,4,4,4,5,1,0
2884,0,4,0,4,3,2,3,3,4,4,3,2,0,1
2890,0,4,0,3,4,1,4,4,4,1,4,4,0,1
2916,1,4,0,4,3,1,5,5,1,1,4,5,1,0
2942,0,3,1,3,3,1,4,5,4,4,3,3,0,1
2965,0,4,1,4,5,0,4,5,5,3,5,2,0,1
3005,0,4,1,4,1,1,3,1,1,3,5,2,1,0
3012,0,4,0,4,2,0,4,4,3,2,4,4,1,0
3017,0,3,0,4,2,1,2,2,4,3,2,3,0,1
3041,1,4,0,4,3,1,4,4,4,1,5,2,1,0
3049,0,3,0,4,4,0,2,2,4,1,2,2,1,0
3056,0,1,0,2,1,0,4,4,1,1,4,4,0,1
3099,0,4,1,4,5,0,5,4,3,3,5,4,0,1
3136,1,4,0,4,1,1,2,4,3,3,5,2,1,0
3138,0,3,0,3,4,0,2,2,3,3,2,2,1,0
3142,0,3,0,3,3,2,1,2,3,3,4,3,1,0
3144,0,4,0,4,4,1,3,2,4,4,2,1,1,0
3157,0,2,0,2,1,1,3,3,2,2,4,4,1,0
3165,0,3,0,4,2,0,4,3,3,1,4,5,1,0
3180,1,4,0,3,3,1,5,5,3,3,4,5,0,1
3233,0,4,1,3,4,0,4,4,5,5,5,5,0,1
3302,0,4,1,4,4,1,4,3,1,2,1,3,1,0
3304,0,4,1,4,4,1,3,3,1,1,1,1,0,1
3322,1,4,0,4,4,1,3,3,5,5,2,3,1,0
3324,0,4,0,4,2,1,3,2,4,4,3,1,0,1
3329,1,4,0,4,3,1,4,4,2,4,4,4,0,1
3333,1,4,0,3,3,2,4,4,4,3,4,4,1,0
3337,1,4,0,4,5,1,4,4,4,2,5,5,1,0
3354,1,4,0,4,5,1,5,4,3,1,5,4,1,0
3372,1,4,0,4,1,1,4,4,3,3,4,5,0,1
3375,1,4,0,4,3,1,5,5,4,1,5,4,1,0
3395,0,2,0,2,4,2,4,1,3,3,1,5,1,0
3402,0,3,1,3,5,0,5,5,4,4,5,3,0,1
3414,1,4,0,4,5,1,2,2,4,3,2,5,0,1
3471,1,4,0,0,4,1,4,4,3,3,3,5,1,0
3490,0,4,0,4,4,1,3,3,4,4,4,2,1,0
3496,1,4,0,4,3,1,5,5,3,3,4,4,1,0
3498,0,4,0,4,4,1,1,3,4,4,3,4,0,1
3527,0,4,0,4,4,1,2,1,4,4,4,2,1,0
3554,0,4,1,4,4,1,5,5,1,2,3,3,0,1
3592,1,4,0,4,5,1,5,5,5,5,4,4,1,0
3652,0,2,0,3,1,0,1,3,3,3,1,1,1,0
3654,0,4,0,4,3,0,4,4,3,4,4,4,1,0
3691,0,4,1,4,5,0,4,5,5,4,4,4,0,1
3722,0,2,0,2,2,1,3,4,2,2,4,1,1,0
3741,1,4,0,4,3,1,5,5,2,2,4,4,1,0
3780,0,4,1,4,1,0,5,4,4,4,1,5,1,0
3800,0,4,1,4,2,1,2,4,1,1,1,4,1,0
3819,0,4,0,4,3,2,4,4,3,1,4,4,1,0
3906,0,4,1,4,4,1,5,5,3,3,4,3,0,1
3912,0,4,1,4,3,0,4,3,2,2,3,2,0,1
3918,0,2,1,2,5,0,5,5,4,4,3,2,1,0
3934,0,4,1,4,1,1,5,5,2,5,5,2,0,1
3944,0,3,0,4,2,1,4,4,3,3,2,1,1,0
3951,0,4,0,4,4,1,4,4,4,4,5,3,0,1
3967,0,4,0,2,3,1,4,4,2,1,4,4,0,1
3978,0,3,0,3,4,1,3,2,3,3,4,2,1,0
3982,1,4,0,4,2,1,3,4,3,3,4,4,1,0
3992,0,4,1,4,3,1,4,4,2,2,4,5,1,0
3996,0,4,1,4,4,0,5,5,3,3,5,4,0,1
4049,0,4,1,4,5,0,5,5,5,5,3,2,1,0
4066,0,2,0,1,2,0,2,2,2,3,2,2,1,0
4076,1,4,0,5,5,1,2,2,4,5,2,4,1,0
4123,0,2,0,2,4,2,1,2,2,2,1,4,0,1
4131,1,4,0,4,5,0,5,4,4,4,5,5,1,0
4138,0,3,0,1,4,1,4,4,1,4,4,3,1,0
4153,0,3,0,3,3,0,3,1,3,3,5,1,1,0
4227,0,4,1,5,3,1,5,5,5,5,4,5,1,0
4234,0,4,0,4,4,0,3,4,4,4,2,5,0,1
4324,1,4,0,4,4,1,4,3,1,1,5,2,1,0
4336,0,4,1,4,5,1,5,5,2,4,5,4,0,1
4337,0,3,0,3,2,2,2,4,3,3,2,3,1,0
4375,1,4,0,2,4,1,5,2,3,3,3,1,1,0
4402,0,4,1,5,3,0,5,5,4,4,5,5,1,0
4435,0,3,0,3,4,1,4,4,3,3,3,2,1,0
4516,0,4,0,3,3,1,4,4,4,3,4,4,0,1
4530,0,4,1,4,2,1,5,5,5,5,5,4,0,1
4543,0,4,0,4,2,1,4,4,4,4,1,1,0,1
4594,1,4,0,4,3,2,4,4,3,3,4,4,1,0
4600,0,4,1,4,3,1,2,3,2,2,1,5,1,0
4620,1,4,0,4,5,1,4,5,3,3,1,4,1,0
4654,0,4,1,3,5,1,1,4,5,5,5,5,0,1
4666,0,4,1,5,3,1,3,3,1,1,1,3,1,0
4711,0,2,0,2,2,2,4,1,2,2,4,4,1,0
4724,0,4,0,4,3,1,4,4,4,4,1,3,0,1
4804,1,4,0,0,3,2,4,4,2,1,2,1,1,0
4812,0,4,1,4,4,0,5,5,1,1,3,5,0,1
4884,0,4,0,4,1,1,2,2,4,4,2,1,1,0
4919,1,4,0,4,3,1,5,4,2,2,3,2,1,0
4933,0,4,1,4,4,1,2,5,2,2,3,4,0,1
4935,1,4,0,5,5,1,5,4,5,5,4,5,0,1
4937,0,2,0,3,3,0,3,3,4,3,3,3,1,0
4969,0,4,1,2,2,1,3,5,2,2,3,4,0,1
4976,1,4,0,3,2,1,2,2,3,1,2,4,1,0
5013,0,3,0,3,3,2,2,2,3,3,2,3,1,0
5026,0,5,0,3,4,0,5,5,3,3,5,4,1,0
5042,0,4,1,4,3,1,4,3,1,1,3,4,1,0
5084,1,4,0,4,2,1,4,4,1,1,3,2,0,1
5101,0,4,1,4,3,0,5,4,1,1,4,3,0,1
5103,0,4,1,2,2,0,5,4,2,2,3,3,0,1
5149,0,4,0,4,3,1,2,2,4,4,4,1,0,1
5194,0,4,1,4,4,1,5,5,4,4,4,5,1,0
5228,0,4,1,4,2,1,1,4,5,5,1,2,1,0
5229,0,3,0,2,2,0,4,4,2,2,2,4,1,0
5231,1,4,0,4,4,0,3,3,4,3,3,4,0,1
5242,1,4,0,4,5,1,5,5,3,3,5,5,1,0
5254,1,4,0,4,4,2,4,3,1,1,4,5,0,1
5298,1,4,0,4,4,1,4,5,5,5,4,5,1,0
5362,0,3,0,3,3,1,4,3,3,3,1,1,1,0
5378,0,4,1,4,3,1,1,4,4,4,4,2,1,0
5415,0,4,0,4,2,1,4,4,3,2,4,4,0,1
5439,0,2,0,2,4,1,1,2,2,2,2,5,1,0
5502,0,4,1,4,3,1,2,1,5,5,1,5,1,0
5540,0,4,0,4,4,1,4,1,4,4,5,1,0,1
5578,1,4,0,4,5,1,4,4,2,2,4,4,1,0
5600,0,4,0,3,2,1,4,4,3,2,4,4,1,0
5610,0,4,0,4,1,1,4,2,4,4,3,2,1,0
5616,0,1,0,4,2,0,3,4,1,4,3,4,0,1
5644,0,4,1,4,4,2,3,3,2,2,1,1,1,0
5671,0,4,1,4,2,1,3,2,4,4,2,1,1,0
5695,0,4,0,4,3,0,4,4,4,4,4,4,0,1
5813,0,4,1,4,3,1,5,1,5,2,3,3,1,0
5832,0,4,1,4,3,1,3,1,1,1,1,4,1,0
5836,0,4,0,4,4,2,4,4,4,1,4,4,1,0
5843,0,4,1,4,3,1,5,4,2,2,5,1,0,1
5904,0,4,0,4,1,1,4,4,4,2,4,4,0,1
5939,0,4,0,4,1,1,4,4,3,2,4,4,0,1
5962,1,4,0,4,3,1,5,4,5,3,5,5,1,0
5970,0,4,0,3,3,0,4,4,3,3,4,4,1,0
5981,1,4,0,5,3,1,5,4,4,4,3,3,0,1
5995,0,4,1,4,5,0,4,5,5,5,5,2,0,1
6017,0,4,1,4,5,1,5,4,5,5,4,3,0,1
6021,0,4,1,4,3,1,4,4,4,4,4,3,0,1
6026,0,5,0,4,3,1,4,4,5,5,3,4,0,1
6048,0,4,1,4,4,0,4,4,2,2,3,5,1,0
6062,0,4,1,4,4,1,3,5,3,3,1,5,0,1
6099,0,1,0,3,3,0,2,2,3,1,2,2,1,0
6106,0,4,1,4,3,1,5,4,2,2,4,5,1,0
6128,1,4,0,3,2,1,1,1,5,2,1,4,0,1
6155,0,4,1,4,4,1,5,4,3,3,4,5,1,0
6165,0,4,1,4,1,1,2,1,1,1,5,5,1,0
6175,0,4,1,4,2,1,1,5,4,4,1,4,0,1
6190,0,4,1,4,3,0,5,4,3,1,3,5,0,1
6197,0,4,1,4,3,0,4,4,2,2,5,4,1,0
6269,0,2,1,2,3,1,5,5,1,1,3,4,0,1
6310,0,4,1,4,4,0,5,5,4,4,5,3,1,0
6316,0,4,1,4,4,1,5,4,3,3,2,4,1,0
6333,0,1,0,1,1,0,4,3,3,1,4,4,1,0
6367,0,4,0,3,3,0,4,4,3,3,4,3,1,0
6375,0,4,1,4,4,0,5,4,1,1,4,5,0,1
6386,0,4,1,4,3,1,4,1,5,5,4,4,1,0
6406,0,4,0,4,4,1,1,3,4,4,5,4,0,1
6430,1,4,0,4,3,1,4,2,1,1,2,3,1,0
6442,1,4,0,4,5,1,4,5,2,2,4,3,1,0
6496,1,4,0,4,4,1,2,3,3,3,4,1,0,1
6508,0,2,0,2,3,1,2,2,4,1,2,2,0,1
6512,1,4,0,4,2,1,4,2,4,4,3,5,1,0
6540,1,4,0,5,4,1,4,4,4,4,4,3,1,0
6546,0,2,1,2,5,0,4,5,1,1,5,4,1,0
6575,0,5,0,1,4,0,5,5,1,3,5,4,0,1
6579,1,4,0,4,4,1,5,4,3,3,3,2,1,0
6584,0,3,0,4,1,0,4,4,3,3,4,5,0,1
6609,0,4,1,4,4,0,4,3,4,4,4,5,0,1
6644,0,4,0,4,4,1,4,3,4,4,3,4,0,1
6678,0,4,1,5,5,1,1,2,5,5,4,2,0,1
6701,0,4,1,5,4,0,4,4,3,3,2,2,0,1
6704,0,4,0,4,1,1,4,4,4,4,3,4,1,0
6705,1,4,0,3,1,1,3,3,3,2,3,2,1,0
6765,0,5,0,4,4,0,5,5,3,3,5,4,1,0
6779,0,4,0,4,3,0,4,4,4,4,4,4,0,1
6796,0,4,0,4,1,0,2,2,4,4,3,5,0,1
6811,0,4,1,4,5,0,4,5,5,5,3,5,0,1
6843,0,4,1,1,1,1,3,4,1,1,4,4,1,0
6864,1,4,0,5,5,1,4,4,4,3,4,4,1,0
6885,0,4,0,4,1,2,3,4,4,4,3,4,1,0
6898,0,2,0,2,3,1,4,3,3,3,2,1,1,0
6925,0,4,0,4,3,1,4,4,4,4,1,2,0,1
6937,0,4,0,4,3,1,4,4,4,4,3,1,1,0
6987,0,2,0,1,4,0,4,4,2,2,4,4,0,1
7021,1,4,0,4,5,2,5,5,5,3,5,4,0,1
7027,1,4,0,4,3,1,4,5,2,2,5,2,1,0
7058,1,4,0,4,3,1,4,4,3,3,3,5,0,1
7085,1,4,0,4,2,2,4,4,4,3,4,4,1,0
7115,0,4,1,4,4,1,4,5,1,1,2,1,1,0
7163,1,4,0,4,5,1,4,4,4,4,3,2,1,0
7165,0,3,1,3,3,1,4,5,1,1,4,4,0,1
7171,0,1,0,2,1,0,2,2,2,2,5,3,1,0
7181,0,4,1,4,3,1,4,4,1,1,4,5,1,0
7204,0,4,0,4,3,1,4,4,5,5,3,2,0,1
7224,1,4,0,4,2,1,1,4,3,3,2,1,1,0
7232,0,4,1,4,4,0,4,5,4,2,5,4,0,1
7243,0,2,0,2,2,0,5,3,2,2,1,3,0,1
7251,0,0,0,1,2,1,4,4,4,0,4,3,0,1
7303,0,2,1,2,3,0,4,5,4,4,3,3,0,1
7309,0,4,1,4,2,1,5,1,1,1,3,5,1,0
7318,1,4,0,5,3,1,5,4,5,2,3,3,0,1
7343,0,3,0,3,4,0,3,4,3,3,2,5,1,0
7346,0,4,1,4,5,0,4,4,1,1,3,3,0,1
7402,0,5,0,1,3,0,5,5,3,4,5,4,0,1
7417,0,1,0,4,3,0,3,1,3,3,3,0,0,1
7418,0,4,0,4,1,0,4,4,4,4,4,4,1,0
7442,1,4,0,4,2,1,5,1,2,2,3,5,1,0
7443,1,4,0,4,1,1,4,3,4,4,3,5,1,0
7447,1,4,0,4,4,1,5,4,3,3,4,5,0,1
7453,0,4,1,4,4,0,4,5,4,4,3,3,0,1
7456,0,4,1,4,5,1,2,4,4,4,3,3,1,0
7532,0,3,0,3,2,1,3,3,2,3,3,3,1,0
7547,0,4,0,4,3,0,2,3,3,3,3,3,0,1
7596,0,4,1,4,4,0,4,5,5,5,4,2,1,0
7601,0,3,1,3,4,0,4,4,5,5,3,5,1,0
7659,0,4,1,4,4,1,1,1,2,5,2,4,0,1
7710,1,4,0,4,5,1,1,2,3,3,1,3,1,0
7727,0,4,1,4,5,0,5,4,1,1,5,4,1,0
7732,0,4,0,4,3,1,4,4,4,4,3,1,1,0
7782,0,4,1,4,3,0,4,4,2,5,5,3,0,1
7789,0,4,0,4,4,1,3,3,4,4,2,3,0,1
7794,1,4,1,4,3,1,4,3,4,4,3,4,1,0
7795,0,4,1,4,3,0,4,5,3,4,5,4,0,1
7800,1,4,0,3,4,1,3,3,3,3,3,5,1,0
7808,0,4,0,4,4,2,2,2,3,3,1,5,0,1
7810,0,4,1,4,5,0,4,5,3,3,4,3,0,1
7819,0,4,1,4,3,0,1,1,3,3,4,1,0,1
7826,0,4,0,4,4,0,2,1,4,4,4,3,0,1
7828,1,4,0,4,3,1,4,5,2,2,4,2,1,0
7837,0,4,1,4,3,0,1,3,2,2,2,5,1,0
7839,0,4,0,4,2,1,4,4,3,4,3,4,1,0
7872,1,4,0,4,5,1,4,5,1,1,4,4,1,0
7951,0,4,1,4,4,0,4,5,1,1,3,4,0,1
7965,1,4,0,5,5,1,4,5,5,5,5,4,0,1
7969,1,4,0,4,3,1,5,4,4,4,5,3,0,1
7982,1,4,0,4,4,0,2,4,4,2,2,4,1,0
7988,0,4,1,4,4,1,4,4,2,2,4,3,1,0
7999,0,4,1,4,5,1,3,1,3,3,1,2,1,0
8027,1,4,0,4,3,1,4,4,2,2,3,3,0,1
8063,0,4,0,4,1,2,4,3,4,4,3,2,1,0
8070,1,4,0,4,4,1,5,4,4,4,4,3,1,0
8124,0,4,0,4,4,0,4,4,4,4,4,4,0,1
8151,1,4,0,4,4,1,2,2,2,2,2,2,1,0
8154,0,4,1,4,4,1,4,4,1,1,5,3,1,0
8177,1,4,0,2,5,1,4,5,1,1,2,3,1,0
8211,0,3,0,4,4,1,3,3,3,3,3,3,1,0
8216,0,2,0,2,3,2,2,2,1,1,4,2,1,0
8260,1,4,0,4,1,1,5,4,2,2,4,3,1,0
8267,0,3,1,3,1,0,5,1,4,4,1,2,1,0
8301,1,4,0,3,1,1,4,4,3,3,2,1,1,0
8317,0,4,0,3,1,0,4,4,4,4,4,4,1,0
8326,0,4,0,4,1,1,3,4,4,4,3,4,1,0
8366,0,4,0,1,1,0,4,4,3,2,4,4,1,0
8373,1,4,1,4,3,1,3,3,4,4,4,2,0,1
8377,1,4,0,4,1,1,5,3,2,2,5,3,1,0
8423,0,4,1,4,5,1,4,4,2,2,4,5,0,1
8427,1,4,0,4,4,1,5,4,5,5,4,5,1,0
8438,0,1,0,1,4,0,3,3,4,4,3,2,0,1
8454,0,4,1,4,3,1,4,4,1,1,3,4,1,0
8459,1,4,0,4,1,1,4,3,2,2,1,5,0,1
8489,0,3,0,3,3,1,4,3,3,3,3,2,1,0
8490,0,4,0,4,2,0,4,3,4,4,3,5,1,0
8493,0,4,1,4,1,1,3,3,3,3,3,1,1,0
8506,0,4,0,4,1,1,4,4,4,1,4,4,0,1
8533,1,4,0,4,1,1,2,2,3,2,2,4,0,1
8535,0,1,0,4,3,0,1,1,4,4,1,2,0,1
8572,0,4,1,4,3,1,2,1,3,3,4,4,1,0
8586,0,3,0,3,3,0,4,1,3,3,3,5,1,0
8607,0,4,0,4,1,1,4,4,4,4,2,2,1,0
8624,1,4,0,4,3,0,3,3,5,5,3,4,0,1
8664,0,4,1,4,3,0,5,5,5,5,3,5,0,1
8725,1,4,0,5,3,1,1,1,4,4,1,4,1,0
8735,0,4,1,4,3,0,5,4,4,4,3,3,0,1
8754,0,4,0,3,3,0,4,4,4,2,4,4,1,0
8775,0,4,0,4,4,1,1,4,4,4,3,4,1,0
8815,1,4,0,4,4,1,4,4,1,1,5,3,0,1
8890,1,4,0,4,4,1,4,4,4,4,1,1,1,0
8912,0,4,0,4,4,1,1,2,4,4,1,5,0,1
8918,0,2,1,2,5,0,4,4,3,3,4,3,0,1
8955,0,4,1,4,3,0,4,4,5,5,5,3,0,1
8965,0,4,0,4,4,0,3,3,4,4,3,4,0,1
8980,0,4,1,4,1,1,3,4,4,2,4,2,1,0
8984,1,4,0,4,5,1,4,1,1,1,5,2,1,0
8994,0,2,1,2,3,0,5,4,2,2,5,4,1,0
8997,0,3,1,3,3,0,4,4,3,3,3,4,1,0
9001,0,4,0,4,2,1,3,4,4,4,4,5,1,0
9006,0,4,1,4,5,0,4,5,2,2,3,4,1,0
9046,0,4,0,4,2,2,4,4,4,4,1,5,1,0
9053,0,3,0,3,3,2,3,2,3,3,2,4,1,0
9097,0,3,1,3,4,1,5,4,1,1,4,5,1,0
9100,0,2,1,2,5,0,1,5,1,1,3,4,1,0
9115,0,4,0,4,1,1,3,3,4,4,1,4,0,1
9146,0,1,0,3,1,0,2,1,3,3,5,4,1,0
9151,0,3,0,3,4,1,3,4,3,3,3,5,1,0
9170,0,4,1,3,4,1,4,5,4,4,4,2,0,1
9181,0,3,1,3,4,0,4,4,1,2,3,2,1,0
9184,0,2,0,4,3,1,2,2,4,4,2,2,1,0
9233,0,4,1,4,3,0,4,4,2,2,5,4,1,0
9264,0,4,1,4,3,1,2,4,4,4,5,2,1,0
9265,1,4,0,4,5,0,3,3,4,5,3,4,0,1
9267,0,4,1,4,4,0,2,4,3,3,1,4,1,0
9279,0,4,1,4,4,0,5,5,5,4,5,4,0,1
9316,1,4,0,4,3,1,2,2,4,4,2,1,1,0
9386,1,4,0,4,5,1,4,5,5,5,5,5,1,0
9390,0,3,1,3,5,0,4,5,5,5,4,3,1,0
9405,0,3,0,2,1,0,2,2,1,1,2,2,1,0
9408,0,4,1,4,1,1,3,4,3,3,4,3,1,0
9418,0,4,1,4,3,0,4,4,3,3,4,3,1,0
9419,1,4,0,5,4,1,2,2,4,5,2,4,1,0
9472,1,4,0,4,2,2,4,3,4,2,4,4,0,1
9490,0,4,1,4,4,0,4,4,2,2,3,5,1,0
9529,0,4,0,4,1,2,2,1,4,4,3,5,0,1
9538,1,4,0,4,3,1,4,4,3,3,3,4,1,0
9604,0,4,1,4,4,0,4,4,2,2,4,2,1,0
9621,1,4,0,2,4,1,2,2,4,4,1,3,1,0
9679,0,4,0,4,2,1,2,2,3,3,2,5,0,1
9685,0,4,0,3,3,1,4,4,2,2,4,4,1,0
9711,1,4,0,4,4,1,4,3,3,3,2,4,1,0
9735,0,4,1,4,4,0,4,5,4,4,5,3,1,0
9827,0,4,0,4,2,1,3,4,4,4,2,1,1,0
9833,1,4,0,4,4,1,4,5,4,4,4,5,1,0
9834,0,4,0,4,3,1,4,4,3,2,4,4,1,0
9838,0,4,1,4,4,0,5,5,1,1,5,3,1,0
9846,0,4,1,4,5,0,4,5,5,5,4,3,0,1
9912,0,4,1,4,2,1,3,4,2,2,3,4,1,0
9928,0,4,0,3,4,1,3,3,3,1,3,4,0,1
9932,0,2,0,2,1,2,2,2,1,4,2,2,1,0
9946,0,3,1,3,5,0,5,5,4,4,5,3,0,1
10050,1,4,0,4,1,1,3,3,3,2,5,5,1,0
10122,0,4,1,4,4,1,5,1,5,5,1,2,1,0
10160,0,3,1,3,2,1,4,4,5,5,2,4,1,0
10162,1,4,0,4,5,1,4,4,3,3,5,3,0,1
10171,0,3,0,2,2,1,3,3,3,1,3,3,1,0
10173,1,4,0,4,4,1,2,5,4,4,4,3,0,1
10185,1,4,0,4,5,1,4,5,3,3,1,2,1,0
10186,0,4,1,4,5,1,1,2,5,5,2,3,0,1
10195,1,4,0,3,3,1,5,5,2,3,5,4,1,0
10197,1,4,0,5,4,1,5,5,3,3,3,4,1,0
10205,0,4,0,4,3,1,4,4,4,4,4,3,0,1
10264,0,4,0,4,3,1,4,3,4,4,1,1,1,0
10317,0,4,1,4,4,1,4,4,5,3,5,4,1,0
10322,1,4,0,5,5,1,5,5,4,5,5,4,1,0
10363,0,4,1,4,5,2,5,1,4,2,2,5,1,0
10388,0,4,0,4,2,0,4,4,4,4,1,3,1,0
10398,0,4,1,4,5,0,5,5,3,3,3,2,0,1
10428,0,3,0,3,3,2,2,1,3,3,1,1,1,0
10438,0,4,1,4,5,0,4,5,4,4,5,3,1,0
10453,1,4,0,4,4,1,1,1,4,4,1,4,1,0
10499,0,4,0,3,3,2,4,4,2,2,4,4,1,0
10570,0,4,0,4,4,2,2,4,4,4,5,3,0,1
10595,1,4,0,2,4,1,4,4,2,4,4,4,1,0
10635,0,2,1,2,4,0,5,4,1,1,5,5,1,0
10669,1,4,0,4,4,1,4,5,4,4,5,1,1,0
10719,1,4,0,4,3,1,5,1,4,3,5,4,1,0
10756,1,4,0,4,1,2,4,3,4,4,3,4,1,0
10760,0,4,1,4,4,1,3,4,5,5,4,3,0,1
10778,0,4,0,4,4,1,4,4,3,4,4,4,0,1
10797,0,4,0,4,2,1,4,4,3,4,4,4,0,1
10799,0,4,0,3,4,1,4,4,3,3,4,4,1,0
10824,0,4,0,4,4,0,3,3,4,4,3,3,0,1
10826,1,4,0,4,4,1,3,3,5,5,4,2,1,0
10855,1,4,0,1,5,1,2,4,2,1,2,4,1,0
10856,0,4,1,4,5,0,5,4,3,3,5,4,0,1
10859,1,4,0,4,5,1,5,5,1,1,5,3,1,0
10863,1,4,0,4,3,1,5,5,2,2,3,2,0,1
10888,0,4,1,4,4,0,4,4,4,4,3,4,0,1
10983,0,4,0,4,3,1,3,3,5,5,4,5,0,1
10990,1,4,0,4,3,1,4,5,1,1,3,5,0,1
11070,0,4,1,4,2,1,5,2,3,3,5,3,0,1
11075,0,4,0,4,2,1,3,3,4,4,3,2,0,1
11094,0,4,0,4,4,2,3,3,3,4,3,4,0,1
11126,0,2,1,2,3,0,4,4,1,1,3,2,1,0
11137,0,4,0,4,4,1,3,3,4,4,1,1,1,0
11143,1,4,0,2,2,1,5,4,2,2,5,4,1,0
11148,1,4,0,4,2,1,3,2,3,3,2,5,1,0
11150,0,5,0,4,4,0,3,3,5,5,3,5,0,1
11159,0,3,0,2,2,1,3,3,4,3,3,3,1,0
11164,1,4,0,4,2,1,3,4,4,4,1,5,0,1
11203,0,4,1,3,3,1,1,4,5,5,5,2,1,0
11229,0,5,0,2,2,0,5,5,2,3,5,4,0,1
11304,0,2,0,3,4,0,2,2,2,3,2,2,1,0
11315,0,3,1,3,5,0,5,4,5,5,4,5,1,0
11318,1,4,0,0,2,1,4,4,2,2,1,4,0,1
11322,0,4,0,4,2,1,3,3,3,3,1,4,0,1
11329,1,4,0,4,5,1,5,5,1,1,3,5,1,0
11374,0,4,1,4,3,1,1,1,4,4,4,4,1,0
11414,0,5,0,4,2,0,3,4,5,5,2,5,0,1
11416,1,4,0,4,3,1,4,5,5,5,5,2,1,0
11421,1,4,0,2,3,2,3,3,3,5,3,4,0,1
11469,0,4,1,4,3,1,2,2,4,4,4,3,1,0
11479,0,3,0,4,1,0,5,3,3,4,4,4,1,0
11496,1,4,0,4,1,1,3,4,5,5,1,5,0,1
11598,0,4,1,4,4,0,4,3,3,3,5,5,1,0
11616,0,4,0,4,1,1,2,2,3,3,1,3,0,1
11620,0,4,1,4,4,0,3,3,1,1,3,2,0,1
11622,0,2,0,3,4,0,2,2,4,3,2,2,1,0
11633,0,4,1,4,4,1,4,5,1,1,3,4,1,0
11639,1,4,0,1,1,1,3,5,1,1,5,4,1,0
11650,1,4,0,4,1,0,4,3,2,1,1,5,1,0
11665,0,4,1,4,3,2,4,5,1,2,5,5,0,1
11672,0,4,1,4,3,0,3,2,4,4,3,5,0,1
11706,1,4,0,5,5,1,5,3,5,4,5,4,1,0
11747,1,4,0,4,4,1,5,4,3,3,4,3,1,0
11811,0,4,0,4,3,1,4,4,3,2,4,4,1,0
11816,1,4,0,4,5,1,4,5,1,1,4,2,1,0
11856,0,4,0,4,3,1,4,4,4,2,4,4,1,0
11888,1,4,0,4,4,1,3,3,2,2,4,4,1,0
11905,0,4,0,4,3,1,2,2,4,4,4,2,1,0
11915,0,3,0,3,4,0,4,4,3,3,3,4,1,0
11933,1,0,0,4,5,0,5,1,5,3,5,4,1,0
11956,0,4,1,4,5,0,4,4,3,3,4,3,1,0
11975,0,4,0,3,1,2,4,4,2,3,4,4,1,0
11978,1,4,0,4,5,1,5,4,4,4,5,3,1,0
11979,1,4,0,4,5,1,4,4,2,2,5,5,0,1
11999,0,4,1,4,3,1,5,5,5,5,3,5,1,0
12036,0,4,1,4,5,0,4,4,5,5,3,2,0,1
12037,0,4,1,4,5,1,3,4,3,3,2,1,1,0
12053,0,4,1,4,1,1,5,4,2,2,3,4,0,1
12075,0,4,0,4,3,2,4,4,4,4,4,4,1,0
12077,1,4,0,4,3,1,5,4,4,4,3,3,0,1
12079,1,4,0,4,4,1,4,4,1,1,4,5,0,1
12096,0,4,0,4,4,1,4,4,4,4,4,2,1,0
12139,0,2,0,4,2,0,2,1,4,4,2,2,1,0
12155,1,4,0,4,4,1,4,5,4,4,5,5,0,1
12219,1,4,0,4,3,1,4,4,5,5,5,3,1,0
12253,0,4,1,4,1,1,5,5,3,3,4,2,0,1
12290,0,3,0,4,1,2,3,3,4,4,3,3,0,1
12336,0,4,0,4,2,2,2,2,4,4,1,2,0,1
12371,0,5,0,3,3,0,5,5,2,3,5,4,0,1
12376,0,2,0,2,2,1,3,1,2,2,3,3,1,0
12406,1,4,0,4,1,1,3,4,1,1,3,1,0,1
12449,0,4,0,2,3,0,4,4,4,3,4,4,1,0
12450,0,3,0,4,3,0,3,3,4,3,3,3,1,0
12514,1,4,0,3,1,2,4,4,3,4,4,2,1,0
12522,0,4,0,4,4,1,2,2,4,4,1,3,1,0
12548,0,4,0,2,1,1,4,4,2,3,4,4,1,0
12554,1,4,0,3,1,1,4,4,5,1,4,4,1,0
12572,0,3,0,3,3,2,2,2,3,3,1,2,1,0
12574,0,3,0,2,4,0,3,1,2,2,1,2,1,0
12608,1,4,0,4,3,0,4,4,1,4,3,4,1,0
12628,1,4,0,4,5,1,4,5,1,3,3,3,1,0
12633,0,2,0,3,4,0,2,2,4,3,2,2,1,0
12644,0,5,0,3,4,0,5,5,4,4,5,4,0,1
12686,1,4,0,4,2,1,3,4,5,5,1,2,0,1
12689,0,4,1,4,4,1,4,5,4,4,5,4,0,1
12732,0,2,1,2,3,0,4,4,1,1,4,5,1,0
12736,0,4,1,4,5,0,5,5,3,3,5,5,0,1
12765,0,2,1,2,5,0,4,4,3,3,4,3,0,1
12773,1,4,0,4,4,1,1,2,3,3,3,3,1,0
12779,0,3,0,4,4,0,4,4,3,3,2,2,0,1
12822,0,4,1,4,5,0,4,4,4,4,3,5,1,0
12823,1,4,0,4,5,1,5,5,2,2,4,5,1,0
12863,1,4,0,4,1,0,4,4,4,3,4,4,1,0
12870,0,4,0,4,4,0,4,4,3,2,4,4,0,1
12881,0,2,0,4,3,0,2,2,4,4,2,2,1,0
12886,0,4,1,4,5,1,5,1,4,4,4,4,0,1
12938,0,3,0,3,3,1,3,3,4,3,3,3,1,0
12999,1,4,0,4,1,1,4,4,4,2,1,3,0,1
13032,1,4,0,4,2,1,4,3,4,3,3,3,1,0
13034,0,2,0,3,3,1,2,2,2,3,2,2,1,0
13078,1,4,0,4,5,1,4,5,1,1,3,2,0,1
13085,0,3,0,3,4,1,3,4,3,3,3,2,1,0
13110,1,4,0,4,3,1,3,3,3,2,1,5,1,0
13117,1,4,0,4,2,1,5,5,3,3,2,4,1,0
13144,0,4,1,4,5,1,4,5,3,5,5,4,0,1
13242,1,4,0,4,5,1,5,5,5,5,4,2,0,1
13244,0,2,0,4,2,0,4,4,2,4,2,4,0,1
13253,1,4,0,5,5,1,4,4,4,3,4,5,1,0
13254,1,4,0,1,2,1,3,3,2,2,1,3,1,0
13291,0,4,0,2,4,1,4,4,3,4,4,4,1,0
13297,0,4,1,4,5,0,5,4,4,4,3,3,1,0
13324,1,4,0,0,1,1,2,2,2,2,3,1,1,0
13358,1,4,0,4,3,1,4,4,3,2,5,4,1,0
13380,0,4,1,4,5,1,4,5,3,3,5,4,1,0
13388,0,5,0,2,1,0,1,5,2,1,1,2,0,1
13425,0,4,1,4,5,0,4,5,1,1,4,5,0,1
13433,1,4,0,4,4,1,4,4,1,1,5,2,0,1
13444,0,4,1,3,3,0,4,4,5,2,3,2,0,1
13521,0,2,0,2,4,0,4,4,1,1,3,2,1,0
13534,1,4,0,4,1,2,3,3,2,2,1,1,1,0
13565,0,3,1,3,4,0,4,4,1,1,5,4,1,0
13586,0,4,1,4,2,1,1,3,5,5,4,2,1,0
13592,0,4,1,4,4,1,4,3,2,2,1,1,1,0
13601,0,4,0,4,4,0,3,4,4,4,5,4,1,0
13640,1,4,0,4,5,1,5,4,5,4,5,3,1,0
13712,0,4,1,4,3,0,4,3,2,2,3,3,0,1
13717,0,4,1,4,3,1,2,2,5,1,3,4,1,0
13748,0,4,0,2,3,1,4,4,2,3,4,4,1,0
13772,1,4,0,3,1,1,4,3,4,5,2,3,1,0
13784,0,4,1,4,4,0,5,4,4,4,4,5,0,1
13803,0,4,0,4,1,1,4,3,4,4,3,2,1,0
13843,0,4,1,4,2,1,3,5,2,5,1,1,0,1
13863,0,4,0,3,4,1,4,4,4,1,4,4,0,1
13943,0,4,1,4,2,1,5,2,4,3,5,1,0,1
13948,0,3,0,3,4,0,3,3,4,2,3,4,0,1
14020,0,4,0,4,2,1,3,2,4,4,3,4,0,1
14042,0,4,0,4,4,0,4,4,3,2,4,4,0,1
14064,0,4,0,4,2,2,4,3,4,4,1,2,0,1
14132,0,3,0,3,1,1,1,1,4,4,2,4,1,0
14217,0,4,1,4,3,0,5,5,2,2,4,5,1,0
14220,0,4,1,4,3,1,1,5,2,2,1,4,1,0
14306,0,4,0,3,3,0,4,4,3,4,4,4,1,0
14371,1,4,0,4,4,2,4,5,5,5,3,2,1,0
14372,0,4,0,2,1,1,4,4,2,3,4,4,1,0
14391,0,4,0,4,3,1,3,1,4,4,4,4,0,1
14392,0,4,1,4,4,0,5,4,1,1,4,5,0,1
14399,0,4,0,3,2,1,4,4,4,2,4,4,0,1
14403,0,4,0,4,3,1,3,4,4,4,1,3,1,0
14429,0,4,1,4,5,0,4,4,1,1,5,4,0,1
14443,0,4,1,4,5,0,4,4,3,3,5,5,1,0
14487,0,3,1,3,3,0,4,5,2,2,3,5,1,0
14504,0,4,1,4,4,1,5,4,2,2,3,2,0,1
14514,0,4,1,4,4,0,4,4,4,4,4,4,0,1
14519,0,4,1,4,5,1,5,2,2,2,3,4,0,1
14529,1,4,0,4,3,1,4,3,2,1,1,1,0,1
14531,0,4,1,5,5,0,4,4,3,3,5,5,0,1
14547,0,4,0,3,2,1,4,4,4,2,4,4,0,1
14555,0,4,0,4,3,2,2,3,4,4,3,1,1,0
14568,0,4,0,4,4,1,4,3,4,4,5,4,0,1
14615,0,4,0,4,4,0,4,3,4,4,5,2,0,1
14623,1,4,0,5,5,0,5,3,4,4,5,4,1,0
14635,1,4,0,3,4,0,5,5,5,3,5,4,0,1
14653,0,4,1,4,5,1,5,5,1,1,3,5,0,1
14714,0,2,0,4,1,2,2,2,4,4,2,2,1,0
14729,1,4,0,4,4,1,4,3,4,4,3,2,1,0
14736,0,4,1,4,3,0,5,5,2,2,3,3,1,0
14744,0,4,0,4,3,1,2,3,4,4,4,2,0,1
14772,1,4,0,4,2,1,2,2,4,4,2,1,1,0
14775,1,4,0,4,5,1,4,5,3,3,4,3,0,1
14782,0,4,1,4,2,0,5,2,1,1,4,4,0,1
14790,1,4,0,4,5,1,2,1,3,4,4,5,1,0
14800,0,4,0,4,3,0,4,4,4,3,4,4,0,1
14827,1,4,0,4,3,1,4,4,5,5,5,4,1,0
14833,0,1,0,3,4,0,2,2,1,2,2,2,1,0
14835,0,4,0,4,4,0,3,2,4,4,4,3,0,1
14861,1,4,0,4,3,1,5,5,3,3,3,4,1,0
14870,0,4,1,3,3,0,3,5,3,3,3,3,0,1
14901,0,4,0,4,4,0,2,3,4,4,2,2,1,0
14920,0,4,0,4,4,2,2,3,4,4,2,1,1,0
14933,1,4,0,3,2,0,4,4,5,1,4,4,1,0
14940,0,4,1,4,4,0,4,3,5,5,3,5,0,1
14944,0,4,0,4,3,0,4,4,4,4,4,3,0,1
14980,0,3,0,3,3,0,3,3,3,3,3,3,1,0
15004,0,3,1,3,4,0,5,5,2,2,3,3,0,1
15024,0,4,0,3,3,1,4,4,4,3,4,4,0,1
15029,1,4,0,2,1,1,2,2,3,4,2,4,1,0
15108,0,4,1,4,1,1,3,3,3,3,5,4,1,0
15135,0,3,1,3,4,0,4,4,5,5,4,2,1,0
15150,1,4,0,4,4,1,3,2,4,4,1,3,1,0
15156,1,4,0,4,4,1,5,4,5,5,5,4,1,0
15159,0,4,0,3,1,1,3,3,2,4,3,4,1,0
15169,1,4,0,4,1,2,2,1,2,2,4,1,1,0
15175,0,4,1,4,1,1,5,1,1,2,1,3,1,0
15208,1,4,0,2,4,1,5,5,1,1,3,2,1,0
15210,0,3,1,3,3,0,4,3,1,1,3,3,1,0
15257,0,2,0,2,2,1,3,3,2,2,5,3,1,0
15258,1,4,0,4,3,1,5,5,3,3,3,5,1,0
15269,1,4,0,4,5,1,5,4,1,1,5,3,1,0
15299,0,3,0,1,2,1,3,3,3,4,3,3,1,0
15334,0,4,1,1,1,0,5,4,1,1,3,4,0,1
15344,0,2,0,2,3,2,2,2,2,4,2,2,1,0
15348,0,2,0,3,1,1,2,2,2,2,2,2,1,0
15351,0,4,1,4,4,0,4,5,1,2,3,2,1,0
15375,1,4,0,4,5,0,3,4,5,5,1,2,1,0
15383,0,3,0,3,3,1,3,4,3,3,2,5,0,1
15421,1,4,0,4,1,1,4,4,3,3,3,5,0,1
15425,1,4,0,4,3,1,3,3,3,3,2,2,1,0
15435,0,5,0,4,1,1,4,3,5,5,4,4,1,0
15438,1,4,0,4,5,2,4,5,2,2,5,5,0,1
15504,1,4,0,4,2,1,1,2,2,2,3,2,1,0
15514,1,4,0,4,5,1,5,4,1,1,4,2,1,0
15528,0,4,1,3,5,0,4,4,3,2,4,4,0,1
15549,1,4,0,4,3,1,4,4,3,3,3,4,1,0
15554,0,2,1,2,4,0,5,4,5,5,5,2,1,0
15575,1,4,0,4,4,1,4,4,1,1,5,3,0,1
15606,0,4,1,4,5,0,5,4,5,5,4,3,1,0
15650,0,4,0,4,2,2,3,3,4,4,1,2,0,1
15667,0,3,0,2,3,0,3,4,3,3,3,4,1,0
15670,0,3,1,3,3,1,5,2,5,5,4,2,1,0
15680,0,2,0,2,2,1,2,4,2,2,5,2,0,1
15727,0,4,0,4,1,1,3,3,4,4,1,4,0,1
15747,0,2,1,3,3,0,5,5,2,3,5,2,1,0
15777,0,5,0,4,2,0,4,3,5,5,4,4,0,1
15789,0,4,1,4,4,1,3,4,2,2,2,3,0,1
15803,0,4,1,4,2,1,2,3,3,4,5,3,1,0
15820,1,4,0,4,3,2,4,5,1,1,4,2,1,0
15833,0,4,0,3,3,2,5,5,2,4,5,4,0,1
15835,1,4,0,3,3,2,2,2,3,1,2,4,1,0
15892,0,1,0,2,2,0,3,3,4,2,3,3,1,0
15933,1,4,0,4,1,1,1,4,1,1,1,2,1,0
15943,0,4,0,4,2,2,2,2,4,4,2,2,0,1
15959,1,4,0,4,3,1,5,4,4,4,3,3,0,1
15969,1,4,0,3,4,1,3,3,3,4,3,4,1,0
15976,1,4,0,4,3,1,3,4,5,4,1,4,1,0
15981,0,3,1,3,5,0,5,5,4,4,5,3,0,1
16058,0,4,1,4,4,1,4,2,2,2,2,3,1,0
16074,0,1,1,5,5,0,1,1,2,1,1,1,0,1
16080,0,4,1,4,4,1,5,5,4,4,4,2,1,0
16101,0,3,0,3,3,1,1,3,4,4,1,5,1,0
16146,0,1,0,2,4,0,1,2,2,2,1,3,1,0
16193,1,4,0,5,3,1,4,4,5,5,3,5,1,0
16199,0,4,0,3,4,0,4,4,2,4,4,4,1,0
16219,1,4,0,3,4,1,1,1,4,1,1,4,1,0
16259,1,4,0,3,2,1,5,4,3,3,1,2,1,0
16262,1,4,0,4,4,1,3,4,5,5,3,3,1,0
16264,1,4,0,2,4,1,4,4,2,1,4,5,1,0
16295,0,3,0,2,1,0,2,4,2,2,3,4,1,0
16402,1,4,0,4,3,1,3,4,5,5,1,2,1,0
16422,0,4,0,3,1,0,4,4,4,3,4,4,1,0
16449,0,4,0,3,4,1,4,4,2,2,4,4,1,0
16483,1,4,0,4,2,1,3,4,5,5,3,2,0,1
16500,0,4,0,4,2,1,3,3,4,4,3,5,0,1
16531,1,4,0,4,3,1,3,4,5,5,4,3,1,0
16608,1,4,0,4,4,1,4,3,3,3,5,4,1,0
16619,1,4,0,3,3,2,4,4,5,3,4,4,0,1
16649,1,4,0,4,5,1,4,5,2,2,4,5,1,0
16686,0,4,0,4,4,0,1,4,4,4,1,3,1,0
16733,1,4,0,4,3,1,5,4,5,5,4,3,1,0
16799,1,4,0,4,2,1,2,4,1,1,5,1,1,0
16826,0,3,0,3,1,1,4,4,3,3,2,3,1,0
16843,0,4,0,4,4,1,1,3,4,4,3,3,0,1
16867,0,3,1,3,3,0,4,5,5,5,5,2,0,1
16870,0,4,0,4,1,1,4,4,5,5,2,4,0,1
16909,0,3,1,3,4,0,4,4,4,4,5,5,0,1
16912,0,4,1,4,3,0,4,5,3,3,5,5,0,1
16914,0,4,0,4,4,1,3,3,4,4,1,4,1,0
16919,1,4,0,4,5,1,4,5,1,1,5,4,0,1
16925,0,4,1,4,4,0,5,5,5,5,5,2,1,0
17003,0,5,0,4,3,0,5,5,4,4,5,4,0,1
17021,1,4,0,5,3,1,5,4,4,1,5,2,1,0
17024,0,4,0,4,2,1,4,2,2,4,4,4,0,1
17040,1,4,0,4,3,1,1,1,4,2,1,5,1,0
17074,0,4,1,4,2,1,2,5,2,4,2,3,0,1
17093,0,4,1,4,4,1,5,5,4,4,4,2,1,0
17128,0,4,1,4,3,0,5,4,4,4,5,4,0,1
17141,1,4,0,4,4,1,5,5,1,1,3,2,1,0
17151,0,4,0,2,2,0,4,4,2,4,4,4,1,0
17182,0,4,1,4,2,1,1,4,2,2,2,5,1,0
17204,1,4,0,5,3,1,5,5,5,3,5,4,1,0
17206,0,4,1,4,3,1,2,2,1,1,2,2,1,0
17211,0,4,0,4,1,0,4,4,1,1,4,3,1,0
17225,0,4,1,4,2,1,5,4,2,2,3,2,1,0
17252,1,4,0,4,2,1,1,1,3,2,1,4,1,0
17264,1,4,0,5,3,2,5,4,1,1,3,2,1,0
17282,0,3,0,3,4,0,4,4,2,2,3,5,1,0
17365,0,4,1,4,4,0,1,4,5,2,1,3,1,0
17378,0,4,1,5,4,1,5,5,4,4,5,5,0,1
17395,1,4,0,3,2,1,3,3,5,1,3,4,1,0
17405,0,3,0,1,4,0,1,1,3,4,1,2,1,0
17426,0,3,1,3,4,0,5,4,1,1,4,4,1,0
17470,0,4,0,4,3,1,3,4,4,4,3,4,1,0
17478,1,4,0,4,3,1,3,3,4,5,3,4,1,0
17488,1,4,0,4,1,1,3,3,2,2,4,4,0,1
17495,0,2,1,2,5,1,5,5,5,5,3,4,1,0
17528,0,4,0,4,4,0,3,2,4,4,2,2,0,1
17533,0,4,1,3,4,0,5,5,1,1,3,4,1,0
17544,1,4,0,4,4,1,4,3,3,3,3,5,1,0
17554,0,4,0,4,4,0,2,3,4,4,4,5,1,0
17631,0,2,0,4,1,1,2,2,2,1,2,2,1,0
17638,1,4,0,4,3,0,5,5,3,3,5,2,1,0
17650,0,4,1,4,5,1,5,4,3,3,4,4,0,1
17657,0,4,1,4,4,0,4,5,1,1,3,2,1,0
17663,0,4,1,4,5,0,5,5,3,3,5,2,1,0
17665,0,4,0,4,1,1,4,3,4,4,1,1,0,1
17667,1,4,0,4,3,0,5,4,5,5,5,5,1,0
17765,1,4,1,5,5,1,4,4,5,5,4,3,0,1
17820,1,4,0,3,5,1,5,4,4,4,5,3,1,0
17830,1,4,0,4,5,1,1,1,4,1,1,4,1,0
17843,1,4,0,4,5,1,4,5,5,4,3,4,1,0
17850,0,4,0,3,4,1,4,4,3,3,4,4,1,0
17867,1,4,0,0,3,1,5,4,4,2,5,2,1,0
17936,0,2,0,1,3,1,2,2,2,2,2,2,1,0
17951,0,4,0,3,1,0,4,4,3,1,4,4,1,0
17984,1,4,0,3,5,1,4,4,5,5,4,4,1,0
17987,0,4,0,4,2,1,3,3,4,4,2,1,1,0
17997,1,4,0,4,2,1,1,1,4,4,4,5,0,1
18058,1,4,0,4,5,1,5,5,3,3,3,2,1,0
18059,0,4,1,4,3,1,4,4,3,3,3,3,1,0
18078,0,3,1,3,5,0,4,4,4,4,4,3,1,0
18092,0,4,1,4,3,0,4,4,3,3,3,3,0,1
18137,0,4,1,3,2,1,4,1,5,5,3,1,1,0
18147,1,4,0,4,5,1,4,5,1,1,4,5,1,0
18163,0,3,0,3,3,1,2,1,3,3,1,2,1,0
18164,0,4,0,4,3,1,4,4,3,3,4,4,1,0
18194,0,4,1,4,3,0,5,5,1,1,3,3,1,0
18200,0,4,0,4,1,1,1,2,4,4,2,1,1,0
18216,0,4,1,4,2,1,3,4,2,2,2,4,0,1
18226,0,3,0,3,2,0,3,2,3,3,2,1,1,0
18258,1,4,0,4,5,1,5,4,1,1,5,5,1,0
18284,1,4,0,4,4,1,1,5,4,4,1,5,0,1
18289,0,4,1,4,1,1,3,4,3,5,3,2,1,0
18305,0,3,0,4,3,1,4,4,4,1,4,3,1,0
18368,1,4,0,5,4,1,4,4,4,3,4,4,1,0
18516,1,4,0,4,4,1,5,5,4,4,5,4,0,1
18578,0,2,1,2,5,1,5,2,2,2,4,3,1,0
18627,1,4,0,4,5,1,4,4,4,4,3,4,1,0
18649,0,4,0,4,2,1,3,3,5,5,3,1,0,1
18672,0,4,1,4,3,1,4,3,3,3,5,2,1,0
18686,1,4,0,4,5,1,1,2,4,4,3,1,1,0
18700,0,4,1,4,4,0,5,4,5,5,4,2,1,0
18785,0,4,1,4,5,0,4,5,5,5,4,3,0,1
18808,0,4,1,3,5,0,5,4,2,3,5,4,0,1
18816,0,4,1,4,4,1,3,2,3,3,5,5,1,0
18817,1,4,0,4,4,1,2,2,2,2,4,1,1,0
18821,1,4,0,4,5,1,5,4,2,2,3,2,1,0
18836,1,4,0,4,4,1,4,4,5,4,5,3,0,1
18842,0,4,0,1,4,1,4,4,2,4,4,4,0,1
18845,0,4,1,4,4,0,5,5,4,4,3,4,1,0
18862,0,4,1,4,5,0,5,5,4,4,5,4,0,1
18876,0,4,1,4,3,0,4,5,3,3,4,4,1,0
18919,0,0,1,4,5,1,4,5,4,4,5,5,1,0
18936,0,4,1,4,5,1,4,5,1,1,3,5,0,1
18943,0,4,1,4,3,0,4,5,2,3,3,3,0,1
18980,0,4,0,4,3,1,4,4,3,4,4,4,0,1
18995,0,2,0,2,4,2,2,1,2,2,2,3,1,0
19031,0,4,1,4,4,0,4,5,2,2,4,4,0,1
19043,0,4,0,4,4,0,2,1,4,4,1,1,0,1
19044,1,4,0,4,4,1,5,4,2,2,3,2,1,0
19104,1,4,0,4,2,1,4,2,2,2,1,3,0,1
19110,1,4,0,2,4,1,2,2,2,2,2,4,0,1
19120,0,2,1,2,4,1,5,4,1,5,5,4,1,0
19151,0,4,1,4,3,1,4,4,2,3,4,3,1,0
19163,0,4,1,4,5,0,4,1,1,1,1,3,1,0
19178,0,4,1,4,5,0,5,4,2,2,4,4,0,1
19202,0,2,1,2,1,1,5,4,5,3,4,3,1,0
19237,0,4,0,4,4,1,3,2,4,4,2,2,0,1
19290,0,2,0,1,1,1,2,2,3,2,2,2,1,0
19311,1,4,0,4,5,1,4,3,3,3,5,5,1,0
19338,0,4,1,4,4,0,4,3,5,5,3,5,0,1
19379,0,3,1,3,2,1,1,3,3,3,4,4,1,0
19406,0,3,1,3,5,1,4,2,3,3,5,4,1,0
19427,0,1,0,3,4,0,2,1,3,3,3,1,1,0
19457,0,5,0,4,1,1,4,4,5,5,1,1,1,0
19498,1,4,0,4,3,1,4,4,3,3,4,5,0,1
19538,0,4,0,4,4,1,2,2,4,4,3,3,1,0
19573,1,4,0,4,3,1,2,2,4,3,2,4,1,0
19578,0,4,1,4,3,0,4,5,4,4,3,3,0,1
19593,1,4,0,3,3,1,5,2,1,1,5,3,1,0
19607,0,4,0,4,3,1,3,4,4,4,1,1,1,0
19628,0,2,1,2,4,2,4,3,2,2,4,4,1,0
19631,0,4,0,3,3,0,4,4,3,2,4,4,1,0
19669,0,2,0,2,2,0,3,4,2,2,5,4,0,1
19685,0,4,0,4,4,1,3,2,4,4,4,4,1,0
19728,0,4,1,4,4,0,4,4,2,2,5,2,0,1
19781,0,4,1,4,4,0,4,5,1,1,5,3,0,1
19788,0,4,1,4,5,0,4,4,3,3,3,4,0,1
19802,1,4,0,4,2,1,4,4,3,3,4,4,1,0
19819,1,4,0,2,4,0,3,3,3,2,3,5,1,0
19837,0,4,0,4,4,1,4,3,4,4,1,2,0,1
19853,0,4,1,4,5,0,5,5,3,3,5,5,0,1
19898,0,4,0,4,2,0,3,2,4,4,4,1,0,1
19924,0,2,0,4,3,0,3,3,2,4,4,5,0,1
20020,0,4,1,5,3,0,1,1,5,2,1,4,0,1
20051,0,3,0,3,3,0,4,4,3,3,4,4,1,0
20052,1,4,0,4,3,1,5,5,5,5,3,5,1,0
20064,1,4,0,1,3,1,3,3,5,5,1,4,1,0
20084,1,4,0,4,4,1,1,1,4,2,1,4,0,1
20133,0,3,0,3,1,2,4,2,3,3,5,3,1,0
20180,0,4,1,4,4,1,1,5,5,5,3,1,0,1
20249,0,4,1,4,3,0,5,5,4,4,4,4,0,1
20250,0,4,1,4,3,1,5,2,4,4,4,4,1,0
20257,0,4,0,4,2,1,4,4,4,4,1,3,0,1
20271,0,4,1,4,5,0,5,5,4,4,5,5,0,1
20289,1,4,0,5,5,1,5,5,5,5,4,2,0,1
20336,1,4,0,4,3,1,4,5,4,4,3,3,0,1
20355,0,4,0,4,4,1,2,4,4,4,4,4,1,0
20361,1,4,0,4,5,1,5,5,5,3,5,4,0,1
20372,1,4,0,4,4,1,4,5,5,5,4,2,1,0
20376,0,4,1,4,3,0,5,5,2,5,3,3,0,1
20407,0,3,1,3,5,0,4,4,4,4,3,3,1,0
20443,0,4,0,4,4,0,4,4,4,4,2,5,0,1
20449,0,4,1,4,4,1,5,4,5,5,5,3,1,0
20493,0,4,1,3,5,1,1,1,5,5,3,3,1,0
20521,1,4,0,5,5,1,5,5,4,5,5,4,1,0
20574,1,4,0,4,4,1,2,2,5,3,2,4,1,0
20587,0,4,1,4,5,1,4,2,3,3,3,3,1,0
20608,0,2,0,3,1,0,3,3,3,3,1,4,1,0
20618,0,4,1,4,4,0,4,3,2,2,3,2,0,1
20647,1,4,0,5,3,1,4,5,3,3,4,3,1,0
20653,1,4,0,4,3,2,4,4,3,3,3,4,1,0
20656,0,4,1,3,1,1,4,4,5,5,2,1,1,0
20668,0,4,1,4,4,0,5,4,5,5,4,2,1,0
20669,0,4,1,4,3,0,5,4,4,3,5,5,0,1
20716,0,4,0,4,4,0,1,3,4,4,4,4,1,0
20755,0,4,0,4,1,1,4,4,4,3,4,4,1,0
20771,0,4,1,4,4,1,5,5,5,5,3,2,1,0
20785,0,2,0,4,3,0,2,2,4,3,2,2,1,0
20795,0,4,0,4,2,1,2,3,4,4,1,3,0,1
20818,0,4,1,4,4,0,4,4,5,5,5,2,0,1
20824,0,3,0,4,4,0,3,3,4,4,3,2,1,0
20862,1,4,0,4,3,1,3,5,2,2,4,5,1,0
20895,0,5,0,4,3,2,3,4,5,5,1,2,0,1
20963,1,4,0,4,3,1,5,5,5,5,4,4,1,0
20970,1,4,0,4,3,1,1,1,4,4,1,5,1,0
20974,1,4,0,4,3,0,3,3,3,4,3,4,0,1
20997,0,4,1,2,2,0,3,4,2,2,2,4,0,1
21012,1,4,0,0,5,1,1,4,3,3,5,5,1,0
21013,0,4,0,4,4,1,2,2,4,4,4,3,0,1
21036,1,4,0,4,2,1,3,4,4,4,1,5,0,1
21083,1,4,0,0,4,1,4,5,4,4,1,5,1,0
21090,0,4,1,4,5,0,5,5,3,3,4,5,0,1
21122,1,4,0,4,4,1,5,5,1,1,4,2,1,0
21155,0,4,1,4,5,0,4,4,2,2,3,3,0,1
21163,1,4,0,4,5,1,4,5,5,5,3,5,1,0
21168,0,4,1,4,4,0,5,5,4,4,3,5,0,1
21191,0,2,0,2,3,0,2,2,3,2,2,2,1,0
21227,0,4,0,4,3,1,4,4,3,2,4,4,1,0
21244,0,4,0,4,2,1,4,4,4,4,1,3,0,1
21245,1,4,0,4,1,1,4,4,2,2,1,4,0,1
21260,0,4,1,4,3,1,4,4,5,5,2,2,1,0
21290,0,4,1,4,3,1,5,4,1,1,5,5,1,0
21299,0,4,1,4,5,0,5,5,1,1,3,5,0,1
21348,0,1,0,3,3,0,4,4,3,3,2,4,1,0
21377,0,1,0,1,1,0,4,3,1,1,4,4,1,0
21386,1,4,0,4,4,0,1,1,3,3,1,4,0,1
21394,0,4,1,4,2,1,2,3,4,4,3,4,1,0
21425,0,4,1,4,5,0,4,5,5,5,5,5,0,1
21463,1,4,0,4,4,1,5,4,1,1,5,2,0,1
21466,0,4,1,4,5,1,5,4,1,1,3,5,0,1
21510,0,4,1,4,4,0,5,4,2,2,5,5,1,0
21517,0,4,1,4,3,1,2,2,4,3,2,1,1,0
21519,1,4,0,4,4,1,4,4,2,2,4,2,1,0
21544,0,3,0,3,4,2,4,2,3,3,1,2,1,0
21545,0,4,0,4,4,1,2,2,4,4,3,5,0,1
21553,1,4,0,4,4,1,2,2,4,4,2,5,1,0
21583,1,4,0,4,3,1,4,4,5,5,4,3,1,0
21636,0,2,0,4,2,0,4,4,2,4,2,4,0,1
21660,0,3,0,4,4,0,3,3,4,3,3,2,1,0
21674,1,4,0,4,5,1,3,2,3,3,4,5,1,0
21687,1,4,0,4,3,1,4,4,1,1,4,3,0,1
21724,0,2,0,2,2,1,3,2,2,2,2,3,1,0
21737,0,4,0,4,3,1,4,4,4,4,2,3,1,0
21762,0,2,1,2,4,0,1,4,1,5,4,1,1,0
21792,0,4,0,4,4,0,4,2,4,4,2,5,0,1
21806,0,4,0,4,4,1,4,4,3,4,4,4,0,1
21826,1,4,0,4,3,1,5,3,2,2,3,2,1,0
21853,1,4,0,4,3,2,4,4,4,4,4,3,1,0
21856,1,4,0,5,5,0,2,2,4,5,2,4,1,0
21859,1,4,0,4,5,1,5,4,2,2,3,4,1,0
21860,0,4,1,3,5,1,5,5,2,5,3,3,0,1
21900,1,4,0,5,5,0,3,3,5,3,3,4,1,0
21912,1,4,0,4,3,1,3,3,5,5,2,5,1,0
21921,1,4,0,4,4,1,3,3,4,3,3,4,1,0
21958,1,4,0,3,5,1,3,3,3,1,3,4,1,0
22005,1,4,0,3,4,1,2,2,2,3,2,4,1,0
22047,1,4,0,0,1,1,3,4,4,5,2,4,1,0
22049,1,4,0,4,4,1,5,4,4,4,5,2,0,1
22088,0,4,0,4,1,1,2,2,3,4,1,5,1,0
22089,1,4,0,4,3,1,5,5,1,1,5,5,1,0
22092,1,4,0,4,3,1,3,3,2,2,3,4,0,1
22110,1,4,0,5,3,0,4,5,5,5,4,0,1,0
22122,0,4,1,4,5,2,1,1,4,4,4,5,1,0
22204,0,4,1,4,5,0,5,5,5,5,5,4,1,0
22231,0,4,1,4,4,0,1,4,4,4,2,2,0,1
22265,0,4,1,3,3,0,4,5,3,3,4,2,0,1
22271,0,4,1,4,4,1,3,1,2,5,4,1,1,0
22278,1,4,0,2,3,2,2,2,3,3,2,4,0,1
22334,0,4,1,4,4,0,4,4,2,2,4,3,1,0
22352,1,4,0,4,2,1,1,3,1,1,4,4,1,0
22389,0,4,1,4,2,1,4,1,3,3,5,3,1,0
22404,0,3,0,3,2,0,3,3,2,2,3,3,1,0
22429,0,4,0,2,4,0,4,4,1,4,4,4,0,1
22441,0,4,1,3,4,0,4,4,4,4,3,5,1,0
22464,0,4,0,4,2,1,4,3,4,4,2,4,0,1
22467,1,4,0,5,2,1,1,1,3,5,1,4,1,0
22479,0,4,0,2,3,0,4,4,2,1,4,4,1,0
22487,1,4,0,4,5,1,4,5,1,2,4,2,1,0
22531,0,3,1,4,3,1,5,1,3,3,3,3,0,1
22544,0,3,1,2,3,1,5,4,5,5,4,4,1,0
22580,0,3,1,3,3,0,4,4,2,2,3,3,0,1
22629,0,2,0,2,3,1,2,2,2,2,3,5,1,0
22647,0,4,1,4,5,0,4,5,2,2,5,3,0,1
22648,1,4,0,4,1,1,5,5,4,4,5,4,1,0
22667,0,4,0,4,3,0,4,3,4,4,3,2,1,0
22677,0,4,1,4,4,1,3,3,4,5,1,5,1,0
22688,0,3,0,3,3,1,3,4,3,3,2,5,0,1
22745,0,4,1,4,5,0,5,4,5,5,3,5,0,1
22746,1,4,0,4,4,1,4,4,5,5,4,4,0,1
22770,1,4,0,4,5,1,5,4,5,2,4,2,1,0
22799,1,4,0,4,3,1,1,2,3,3,4,1,1,0
22801,0,4,1,4,5,1,5,4,1,1,5,3,1,0
22816,0,4,1,4,3,0,5,4,3,3,4,3,1,0
22848,1,4,0,4,4,1,1,1,4,5,1,4,1,0
22869,0,4,1,4,5,0,5,5,4,4,4,5,1,0
22886,0,4,0,1,4,0,4,4,3,1,4,4,0,1
22892,1,4,0,4,3,0,4,2,1,1,3,5,0,1
22972,1,4,0,1,4,1,2,2,3,3,2,4,1,0
23024,0,4,1,4,3,0,3,5,3,3,5,5,0,1
23028,1,4,1,4,5,1,5,5,4,4,5,4,1,0
23123,0,3,0,4,4,0,3,3,4,4,3,2,1,0
23125,0,4,1,4,3,0,4,4,2,2,5,5,0,1
23216,1,4,0,4,4,1,2,3,3,3,5,4,0,1
23255,1,4,0,4,5,1,4,4,2,2,5,5,0,1
23276,0,2,1,2,4,0,5,4,2,2,3,3,1,0
23314,0,5,0,4,2,1,3,4,5,5,2,4,0,1
23327,0,3,0,1,1,0,3,3,2,3,3,3,1,0
23335,1,4,0,4,1,1,5,5,2,2,4,5,1,0
23367,1,4,0,4,2,1,3,4,2,1,4,3,1,0
23376,0,4,1,4,4,0,5,4,5,5,3,2,0,1
23378,0,4,0,4,2,1,4,3,4,4,2,2,1,0
23459,0,4,1,5,4,0,3,4,4,4,2,4,0,1
23472,1,4,0,4,3,1,5,4,4,4,5,4,0,1
23508,0,4,1,4,4,0,5,4,1,1,4,5,0,1
23603,1,4,0,3,2,1,3,3,3,1,3,4,1,0
23620,0,4,1,4,4,1,5,4,2,2,4,2,0,1
23626,1,4,0,4,3,1,4,5,5,5,5,3,1,0
23633,0,3,0,2,2,1,3,3,3,1,3,3,1,0
23635,1,4,0,4,5,1,4,5,4,4,4,4,0,1
23658,1,4,0,4,5,1,4,5,5,4,3,5,0,1
23663,0,4,1,4,3,1,3,1,2,2,2,1,1,0
23672,0,2,0,4,3,0,3,4,2,4,3,4,0,1
23694,0,2,0,1,1,0,4,4,2,2,4,5,1,0
23700,1,4,0,3,5,1,4,4,3,3,3,3,1,0
23723,1,4,0,4,3,1,4,5,5,5,4,4,1,0
23758,0,4,1,4,5,1,4,5,1,1,5,1,1,0
23807,1,4,0,4,4,1,3,3,3,4,3,4,1,0
23811,0,4,0,4,3,1,3,3,4,4,1,2,1,0
23844,0,4,0,4,1,2,3,3,3,4,4,2,1,0
23915,0,4,0,4,1,1,1,1,4,4,4,2,0,1
23951,0,4,1,4,3,1,5,2,2,2,2,3,0,1
24002,0,3,1,3,3,0,4,5,5,5,5,3,0,1
24012,1,4,0,4,4,2,4,5,3,3,2,2,1,0
24102,0,4,1,4,3,1,3,3,5,5,2,1,0,1
24104,0,2,1,2,5,0,5,4,3,4,5,4,1,0
24115,0,5,0,4,4,1,3,4,4,5,3,5,0,1
24149,0,2,0,3,3,0,3,3,4,4,3,3,1,0
24154,0,4,0,4,2,0,2,1,4,4,3,2,1,0
24166,1,4,0,5,3,2,5,5,4,3,5,4,1,0
24247,0,4,1,4,1,1,4,3,2,2,3,4,1,0
24258,1,4,0,4,5,1,4,5,4,4,4,4,0,1
24289,1,4,0,5,1,0,5,3,3,4,5,4,1,0
24290,1,4,0,4,4,1,4,4,1,1,4,4,1,0
24291,1,4,0,0,4,1,2,3,2,2,4,1,1,0
24301,0,3,1,3,5,0,4,5,4,4,3,3,1,0
24319,1,4,0,5,1,1,5,4,3,3,5,2,1,0
24325,1,4,0,4,2,1,4,2,5,5,4,4,1,0
24332,1,4,0,3,3,1,3,3,4,1,3,4,1,0
24336,0,4,1,3,1,1,3,1,4,4,2,3,1,0
24341,0,3,0,3,1,1,3,3,3,3,2,1,0,1
24351,0,4,0,4,2,0,2,3,4,4,1,5,0,1
24358,0,4,0,2,1,0,4,4,1,3,4,4,0,1
24391,1,4,0,4,3,1,4,5,5,5,5,3,1,0
24402,0,2,1,2,5,0,4,4,3,3,4,3,0,1
24405,0,4,1,4,1,1,1,1,2,2,3,1,1,0
24415,0,3,0,4,3,1,1,4,3,3,5,2,0,1
24430,0,4,1,4,5,0,4,3,4,4,2,4,0,1
24448,0,4,1,4,4,0,5,4,4,4,4,4,0,1
24453,0,4,1,4,1,1,2,2,4,4,5,1,0,1
24460,1,4,0,4,3,1,4,3,4,4,1,2,1,0
24467,0,4,1,4,5,0,4,5,2,2,4,4,0,1
24503,1,4,0,4,3,1,5,4,1,1,3,5,1,0
24514,0,4,0,4,1,1,3,3,4,4,1,1,1,0
24573,1,4,0,4,4,1,3,4,3,3,4,2,1,0
24607,0,4,0,1,4,0,4,4,2,2,4,3,0,1
24656,0,4,0,3,3,2,4,4,3,1,4,4,1,0
24664,0,4,1,4,4,0,4,5,4,4,3,2,1,0
24694,0,4,1,4,4,0,5,4,4,4,4,3,1,0
24751,0,3,0,4,3,1,3,3,4,2,3,3,1,0
24754,0,4,0,4,3,1,4,4,3,1,4,4,1,0
24773,0,4,0,4,2,1,4,3,4,4,4,1,1,0
24775,0,2,0,3,2,0,1,1,4,1,1,2,1,0
24825,0,4,1,4,5,1,5,5,1,1,3,2,1,0
24841,0,4,0,4,4,1,2,1,4,4,1,3,0,1
24958,1,4,0,4,5,1,4,5,4,4,5,5,1,0
25013,0,1,0,3,3,0,3,3,1,4,3,5,0,1
25046,0,2,1,2,5,1,1,3,3,3,1,1,1,0
25055,0,3,0,4,3,2,3,3,2,4,3,3,1,0
25065,0,3,0,4,4,0,2,2,3,2,2,2,1,0
25066,0,4,0,4,4,0,4,4,4,4,4,5,0,1
25107,0,4,1,4,5,1,1,5,2,5,5,5,0,1
25149,0,2,0,3,1,0,3,2,4,4,4,4,1,0
25196,0,5,0,2,3,0,5,5,2,3,5,4,0,1
25218,0,4,1,4,4,0,5,5,4,4,3,5,0,1
25237,0,5,0,5,5,0,1,4,5,5,5,3,0,1
25241,1,4,0,4,4,1,3,3,4,3,3,4,1,0
25245,0,4,1,5,1,0,3,3,4,4,1,1,0,1
25253,0,4,0,4,4,1,4,4,4,4,3,1,1,0
25255,0,4,1,3,2,1,2,2,2,2,3,1,1,0
25256,0,4,0,4,4,0,3,3,4,4,3,4,0,1
25261,1,4,0,4,2,1,4,3,3,3,4,1,1,0
25287,0,2,1,2,4,0,5,4,2,5,5,5,1,0
25308,0,4,0,4,4,0,4,4,4,3,4,4,0,1
25310,1,4,0,4,1,1,1,3,1,1,5,5,1,0
25328,1,4,0,3,5,1,5,4,2,2,3,4,1,0
25338,0,4,0,4,3,1,2,2,5,5,1,3,0,1
25370,0,4,1,4,3,0,5,4,5,5,5,4,1,0
25433,0,4,0,4,1,1,3,3,4,4,3,3,1,0
25486,0,4,1,4,4,1,5,4,5,5,4,5,0,1
25501,1,4,0,4,4,1,4,4,2,2,2,3,1,0
25512,0,0,0,1,1,2,3,4,4,0,2,1,0,1
25551,0,4,0,4,2,1,3,4,4,4,1,5,1,0
25559,1,4,0,4,2,1,1,4,2,2,1,2,1,0
25571,0,4,1,4,4,0,4,4,5,1,3,5,1,0
25574,1,4,0,4,4,1,3,5,4,4,4,4,1,0
25655,0,4,1,4,4,0,4,3,5,5,4,5,0,1
25667,0,4,1,4,4,0,4,4,1,1,5,3,0,1
25671,0,4,1,4,5,1,2,4,2,2,5,2,1,0
25707,1,4,0,4,5,1,5,5,1,1,5,5,1,0
25726,1,4,0,4,5,1,4,3,5,5,4,3,0,1
25731,0,4,1,4,3,1,5,4,2,2,5,5,1,0
25738,0,4,1,5,1,1,3,2,3,5,2,2,1,0
25740,1,4,0,3,3,1,4,4,3,1,4,3,1,0
25756,1,4,0,4,5,1,4,4,4,4,5,2,0,1
25764,0,4,0,2,1,1,4,4,4,3,4,4,0,1
25785,0,4,1,4,4,0,5,5,2,2,5,3,0,1
25827,0,4,1,4,4,0,5,4,4,2,5,5,0,1
25869,1,4,0,4,5,1,5,4,1,1,5,3,1,0
25885,0,2,0,4,4,0,2,2,4,4,2,2,1,0
25930,0,4,0,4,4,1,3,3,4,4,1,5,1,0
25945,0,3,0,4,3,1,1,1,3,3,1,3,1,0
25954,0,4,0,4,3,0,4,2,4,4,3,5,0,1
25960,0,4,1,4,5,1,4,5,1,1,4,4,0,1
