,Type of Travel,Inflight wifi service,Customer Type,Online boarding,Checkin service,Class,Inflight service,Baggage handling,Seat comfort,Cleanliness,On-board service,Leg room service,True_Y,Predicted_Y_Decision Tree
4,0,2,0,1,4,1,2,2,2,4,2,2,1,0
24,0,4,1,5,4,1,4,3,2,2,3,2,0,1
38,0,4,1,4,3,0,5,4,4,2,4,2,0,1
41,0,4,1,4,1,1,5,3,2,2,4,2,1,0
51,0,4,1,4,3,0,5,5,2,2,5,3,1,0
64,0,5,0,4,1,0,2,3,3,3,5,3,1,0
102,1,4,0,4,4,1,4,4,5,5,2,2,1,0
110,0,4,0,4,4,1,3,2,4,4,2,5,0,1
136,0,3,1,3,3,0,5,5,2,2,4,3,0,1
145,0,3,0,3,1,0,2,4,1,1,4,3,0,1
149,1,4,0,4,2,1,4,4,1,1,1,5,1,0
153,0,4,1,4,2,1,2,2,2,2,1,5,1,0
161,1,4,0,3,2,1,3,1,3,2,3,4,1,0
209,0,4,1,4,3,0,5,4,5,5,5,3,1,0
247,1,4,0,0,5,1,5,4,2,2,3,4,1,0
254,0,3,0,4,4,0,3,3,4,3,3,2,1,0
276,0,4,1,4,1,2,1,1,3,3,4,4,0,1
278,0,2,0,2,3,1,3,2,2,2,3,5,1,0
283,0,4,0,4,4,1,3,4,4,4,2,1,1,0
298,0,4,0,4,4,1,3,4,4,4,3,4,0,1
307,1,4,0,4,3,1,4,4,5,5,2,5,1,0
310,0,3,0,4,1,0,3,2,3,4,2,3,1,0
340,0,4,0,4,2,1,3,2,4,4,3,3,1,0
365,0,4,1,4,3,0,5,5,5,5,4,3,0,1
374,1,4,0,3,3,1,3,3,1,1,4,1,1,0
380,0,3,0,2,4,0,1,3,2,2,1,1,1,0
384,0,4,1,4,4,0,5,5,1,1,5,2,1,0
420,0,3,0,3,4,2,4,4,3,3,4,3,0,1
426,1,4,0,4,4,1,4,5,4,3,3,4,1,0
428,0,2,0,2,4,0,5,4,2,2,2,2,0,1
456,1,4,0,4,4,1,2,1,3,3,1,1,0,1
493,0,4,1,3,3,0,1,5,1,1,2,5,1,0
512,0,3,0,4,2,1,3,1,3,3,1,2,1,0
526,0,4,0,1,2,0,4,4,2,2,4,4,1,0
534,0,4,0,4,1,1,3,3,3,4,3,4,0,1
535,0,4,0,4,1,2,4,4,4,4,2,2,1,0
556,0,1,1,1,4,1,5,4,5,1,5,5,0,1
640,0,4,1,4,3,0,5,5,5,5,4,2,0,1
664,0,3,0,3,3,1,1,4,3,3,1,4,1,0
668,0,4,0,4,4,2,4,3,4,4,4,5,0,1
684,1,4,0,4,5,1,5,5,5,3,4,4,0,1
692,0,4,1,5,5,0,5,4,1,1,4,4,1,0
715,1,4,0,4,2,2,2,4,2,2,4,2,0,1
727,0,4,1,4,4,0,4,4,3,4,4,3,1,0
734,0,2,1,2,4,1,4,5,4,4,5,2,0,1
742,0,4,0,3,3,1,4,4,3,3,4,4,1,0
771,0,1,0,1,2,0,3,3,1,5,3,5,1,0
804,0,3,0,3,5,0,1,1,3,3,1,1,0,1
827,0,4,0,4,3,1,3,3,4,4,1,5,1,0
836,0,4,1,4,4,0,5,5,2,2,4,5,0,1
850,0,5,0,4,4,1,4,4,5,5,4,5,1,0
854,1,4,0,5,3,1,5,2,4,5,5,4,1,0
859,0,4,0,4,4,0,4,4,4,4,4,4,0,1
871,0,4,0,4,3,1,3,3,4,4,1,3,1,0
873,0,4,1,4,3,0,5,4,4,4,4,5,1,0
875,0,4,1,4,3,0,5,5,2,2,5,3,1,0
923,0,4,0,4,1,1,2,1,3,4,3,1,1,0
930,0,5,1,4,5,1,5,4,5,4,3,3,1,0
935,1,4,0,4,5,1,4,4,1,1,5,2,0,1
1031,1,4,0,4,3,1,5,4,5,5,2,1,1,0
1064,0,4,1,4,3,0,4,3,2,2,5,4,1,0
1067,1,4,0,4,4,2,4,4,2,2,3,4,1,0
1085,1,4,0,4,4,1,4,4,4,1,3,4,0,1
1155,0,4,0,4,3,0,4,4,3,2,4,4,1,0
1158,1,4,0,4,5,1,4,4,2,2,3,4,1,0
1176,1,4,0,4,1,1,2,4,2,5,5,4,1,0
1198,0,4,1,4,3,0,5,5,2,2,4,3,0,1
1200,0,3,1,3,5,1,5,5,1,1,5,5,0,1
1243,0,4,1,4,1,1,4,5,5,5,5,5,0,1
1274,1,4,0,4,5,1,5,5,2,2,4,4,1,0
1286,0,3,1,3,3,0,4,3,4,4,4,4,0,1
1291,0,4,0,4,4,0,4,4,4,3,4,4,0,1
1443,0,4,0,4,1,0,4,4,4,2,4,4,1,0
1453,1,4,0,4,4,1,5,4,3,3,4,5,0,1
1466,0,4,1,5,5,0,4,4,5,5,3,4,1,0
1470,0,3,1,3,3,0,4,4,4,4,5,3,1,0
1479,1,4,0,4,4,1,4,4,1,1,5,2,1,0
1518,0,4,1,5,3,1,3,4,4,5,2,2,0,1
1523,0,3,0,4,2,1,4,3,3,3,1,1,0,1
1546,1,4,0,4,1,1,2,4,5,5,3,5,0,1
1558,0,5,0,3,3,0,5,5,2,4,5,4,0,1
1560,0,4,1,4,5,1,4,3,4,4,5,4,1,0
1580,0,2,0,2,3,1,3,2,2,2,1,4,1,0
1636,0,4,0,4,3,1,4,3,4,4,1,3,1,0
1666,0,4,0,1,2,1,3,3,1,1,3,4,0,1
1683,0,4,0,5,2,0,4,4,1,1,4,4,0,1
1691,1,4,0,5,4,1,5,4,5,5,4,3,1,0
1709,1,4,0,4,5,1,4,5,1,1,5,5,1,0
1737,0,4,0,4,4,1,4,4,3,2,4,4,1,0
1760,0,2,0,2,2,1,2,2,2,4,2,2,0,1
1775,0,4,1,4,4,0,4,5,3,3,3,5,1,0
1776,1,4,0,4,4,1,2,1,4,4,2,2,0,1
1805,0,3,0,3,2,1,3,3,3,3,5,4,1,0
1809,0,4,1,4,4,0,4,4,4,4,4,2,0,1
1813,0,4,0,4,2,0,1,1,4,4,3,5,0,1
1819,1,4,0,4,5,1,5,5,4,4,4,5,0,1
1839,1,4,0,4,4,1,5,4,3,3,5,3,0,1
1844,1,4,0,5,3,1,2,2,4,5,2,4,1,0
1845,0,1,0,3,2,0,3,5,3,4,3,0,0,1
1867,1,4,0,4,3,1,4,3,2,2,4,3,1,0
1870,0,4,1,4,3,0,4,4,2,2,5,5,1,0
1881,0,4,1,4,4,1,1,3,4,4,1,4,0,1
1917,1,4,0,5,3,0,5,5,4,3,5,4,1,0
1922,1,4,0,4,3,1,5,4,1,1,4,2,0,1
1955,1,4,0,4,3,1,3,3,4,4,1,5,0,1
1974,1,3,0,3,3,0,3,4,1,4,3,3,0,1
1987,0,1,0,3,1,0,3,4,1,4,2,3,0,1
1993,0,4,1,4,3,0,4,4,3,3,3,4,0,1
1998,1,4,0,4,1,1,3,2,2,2,3,2,1,0
2010,1,4,0,4,1,2,4,2,3,3,1,2,0,1
2024,0,4,1,4,2,1,2,3,3,3,3,4,1,0
2033,1,4,0,4,5,1,4,5,2,2,5,2,1,0
2062,0,4,1,4,3,0,5,5,3,4,4,5,0,1
2072,1,4,0,4,1,1,2,4,3,3,3,2,1,0
2094,0,4,0,4,4,1,1,2,4,4,4,2,0,1
2129,0,3,1,3,5,0,4,5,2,2,3,4,1,0
2137,1,4,0,4,5,1,5,4,3,3,5,4,1,0
2151,0,4,1,4,1,1,2,2,4,4,5,1,1,0
2174,0,4,0,4,2,1,4,3,4,4,2,3,1,0
2190,1,4,0,4,3,1,4,4,3,3,5,4,1,0
2197,0,4,0,4,4,2,2,2,3,4,3,3,1,0
2201,0,4,1,3,3,0,3,3,2,1,3,4,1,0
2209,1,4,0,5,3,1,2,3,5,3,2,4,1,0
2231,0,4,1,4,4,0,4,4,4,3,3,4,0,1
2259,1,4,0,4,2,1,4,4,5,3,1,4,1,0
2273,1,4,0,4,3,1,4,2,2,2,4,5,0,1
2275,0,4,0,4,3,0,4,4,4,4,3,3,0,1
2287,0,4,0,3,3,0,4,3,4,3,2,4,0,1
2299,1,4,0,4,5,2,4,3,4,4,5,3,0,1
2311,0,3,0,2,2,0,4,3,3,2,3,1,0,1
2319,1,4,0,0,3,2,5,4,5,3,5,4,1,0
2340,1,4,0,4,2,1,4,4,4,4,4,2,0,1
2403,0,4,1,4,3,0,5,3,5,5,5,5,1,0
2422,1,4,0,4,4,1,4,4,4,4,3,3,1,0
2428,1,4,0,5,5,0,5,5,4,4,5,4,0,1
2462,1,4,0,4,3,1,5,4,1,3,3,2,1,0
2488,0,4,0,4,3,1,3,2,4,4,3,5,0,1
2494,0,2,0,4,3,0,2,2,4,4,1,2,1,0
2497,0,3,0,3,3,2,3,2,3,3,1,1,0,1
2506,1,4,0,4,5,1,4,4,3,3,5,2,1,0
2508,0,4,1,4,3,0,5,5,5,5,5,2,1,0
2523,1,4,0,4,4,1,3,5,4,4,5,5,0,1
2531,0,4,0,3,2,0,4,4,3,1,4,4,1,0
2536,0,4,0,4,4,2,4,4,4,2,4,4,0,1
2537,1,4,0,4,3,1,4,3,4,4,2,4,0,1
2554,1,4,0,4,2,1,4,3,4,4,4,4,0,1
2581,1,4,0,3,1,0,2,2,2,3,2,4,0,1
2629,1,4,0,4,1,1,4,2,5,3,2,2,0,1
2644,0,3,0,3,2,1,4,4,3,3,5,4,1,0
2686,0,4,1,4,5,0,5,5,1,1,3,4,0,1
2706,1,4,0,4,4,2,4,4,3,3,4,3,1,0
2729,0,4,1,4,2,1,2,1,5,5,4,4,1,0
2733,1,4,0,4,1,1,3,2,2,2,2,1,1,0
2741,1,4,0,4,4,2,5,4,1,4,5,4,0,1
2743,1,4,0,4,1,1,3,4,5,5,1,4,0,1
2759,0,3,0,4,4,0,3,3,4,3,3,3,1,0
2773,0,4,1,4,3,0,5,5,5,5,3,3,0,1
2781,1,2,0,2,4,0,3,3,3,2,3,2,0,1
2817,1,4,0,4,5,1,5,4,3,3,3,3,1,0
2823,1,4,0,4,3,1,3,3,4,4,1,1,1,0
2858,0,4,1,4,5,1,4,4,1,1,5,2,1,0
2870,0,3,0,3,1,0,2,3,2,4,2,2,0,1
2876,1,4,0,4,4,1,5,5,4,4,4,5,1,0
2886,0,4,0,4,4,0,4,4,3,3,4,5,1,0
2890,0,4,0,3,4,1,4,4,4,1,4,4,0,1
2898,1,4,0,5,3,1,1,4,5,5,2,5,0,1
2916,1,4,0,4,3,1,5,5,1,1,4,5,1,0
2942,0,3,1,3,3,1,4,5,4,4,3,3,0,1
2956,1,4,0,4,2,1,4,4,4,4,4,2,0,1
2965,0,4,1,4,5,0,4,5,5,3,5,2,0,1
3005,0,4,1,4,1,1,3,1,1,3,5,2,1,0
3012,0,4,0,4,2,0,4,4,3,2,4,4,1,0
3017,0,3,0,4,2,1,2,2,4,3,2,3,0,1
3041,1,4,0,4,3,1,4,4,4,1,5,2,1,0
3049,0,3,0,4,4,0,2,2,4,1,2,2,1,0
3099,0,4,1,4,5,0,5,4,3,3,5,4,0,1
3136,1,4,0,4,1,1,2,4,3,3,5,2,1,0
3138,0,3,0,3,4,0,2,2,3,3,2,2,1,0
3142,0,3,0,3,3,2,1,2,3,3,4,3,1,0
3144,0,4,0,4,4,1,3,2,4,4,2,1,1,0
3157,0,2,0,2,1,1,3,3,2,2,4,4,1,0
3165,0,3,0,4,2,0,4,3,3,1,4,5,1,0
3178,0,4,1,4,2,2,2,3,4,4,1,5,0,1
3180,1,4,0,3,3,1,5,5,3,3,4,5,0,1
3233,0,4,1,3,4,0,4,4,5,5,5,5,0,1
3285,1,4,0,4,1,1,3,3,1,1,2,1,0,1
3287,0,4,1,4,3,0,4,4,3,4,3,2,1,0
3302,0,4,1,4,4,1,4,3,1,2,1,3,1,0
3304,0,4,1,4,4,1,3,3,1,1,1,1,0,1
3322,1,4,0,4,4,1,3,3,5,5,2,3,1,0
3329,1,4,0,4,3,1,4,4,2,4,4,4,0,1
3333,1,4,0,3,3,2,4,4,4,3,4,4,1,0
3337,1,4,0,4,5,1,4,4,4,2,5,5,1,0
3372,1,4,0,4,1,1,4,4,3,3,4,5,0,1
3375,1,4,0,4,3,1,5,5,4,1,5,4,1,0
3383,0,4,1,4,5,0,5,5,4,5,4,3,1,0
3402,0,3,1,3,5,0,5,5,4,4,5,3,0,1
3411,0,2,1,2,4,0,5,4,4,3,3,2,0,1
3471,1,4,0,0,4,1,4,4,3,3,3,5,1,0
3490,0,4,0,4,4,1,3,3,4,4,4,2,1,0
3495,0,2,0,2,1,1,1,2,2,2,1,5,0,1
3496,1,4,0,4,3,1,5,5,3,3,4,4,1,0
3498,0,4,0,4,4,1,1,3,4,4,3,4,0,1
3516,1,4,0,4,2,2,3,3,2,4,2,4,0,1
3527,0,4,0,4,4,1,2,1,4,4,4,2,1,0
3592,1,4,0,4,5,1,5,5,5,5,4,4,1,0
3652,0,2,0,3,1,0,1,3,3,3,1,1,1,0
3654,0,4,0,4,3,0,4,4,3,4,4,4,1,0
3691,0,4,1,4,5,0,4,5,5,4,4,4,0,1
3722,0,2,0,2,2,1,3,4,2,2,4,1,1,0
3741,1,4,0,4,3,1,5,5,2,2,4,4,1,0
3780,0,4,1,4,1,0,5,4,4,4,1,5,1,0
3800,0,4,1,4,2,1,2,4,1,1,1,4,1,0
3819,0,4,0,4,3,2,4,4,3,1,4,4,1,0
3821,0,4,1,4,3,0,5,4,3,3,4,5,1,0
3872,0,4,0,3,1,1,5,5,2,3,5,4,1,0
3906,0,4,1,4,4,1,5,5,3,3,4,3,0,1
3912,0,4,1,4,3,0,4,3,2,2,3,2,0,1
3918,0,2,1,2,5,0,5,5,4,4,3,2,1,0
3944,0,3,0,4,2,1,4,4,3,3,2,1,1,0
3967,0,4,0,2,3,1,4,4,2,1,4,4,0,1
3978,0,3,0,3,4,1,3,2,3,3,4,2,1,0
3982,1,4,0,4,2,1,3,4,3,3,4,4,1,0
3990,1,4,0,4,4,1,4,3,2,2,3,4,0,1
3992,0,4,1,4,3,1,4,4,2,2,4,5,1,0
3996,0,4,1,4,4,0,5,5,3,3,5,4,0,1
4000,0,1,0,1,3,0,1,1,1,1,4,4,0,1
4043,1,4,0,4,1,1,2,1,5,5,1,1,0,1
4049,0,4,1,4,5,0,5,5,5,5,3,2,1,0
4058,1,4,0,3,2,1,4,2,2,2,5,3,0,1
4066,0,2,0,1,2,0,2,2,2,3,2,2,1,0
4082,0,4,1,5,4,1,4,4,1,1,4,2,1,0
4131,1,4,0,4,5,0,5,4,4,4,5,5,1,0
4138,0,3,0,1,4,1,4,4,1,4,4,3,1,0
4153,0,3,0,3,3,0,3,1,3,3,5,1,1,0
4178,0,4,1,5,1,1,1,5,4,4,1,1,1,0
4184,1,4,0,4,3,1,4,3,4,4,3,1,1,0
4190,0,2,1,3,4,0,4,4,1,1,4,2,0,1
4227,0,4,1,5,3,1,5,5,5,5,4,5,1,0
4234,0,4,0,4,4,0,3,4,4,4,2,5,0,1
4252,0,4,0,4,4,1,3,3,2,4,4,4,0,1
4277,0,3,1,3,3,0,4,3,5,4,3,3,0,1
4313,0,4,1,3,4,0,4,5,5,5,5,4,1,0
4324,1,4,0,4,4,1,4,3,1,1,5,2,1,0
4332,0,4,1,4,2,1,3,1,1,1,2,3,0,1
4402,0,4,1,5,3,0,5,5,4,4,5,5,1,0
4435,0,3,0,3,4,1,4,4,3,3,3,2,1,0
4473,1,4,0,3,4,1,4,5,1,5,4,3,0,1
4511,1,4,0,4,5,1,4,4,4,4,4,2,0,1
4516,0,4,0,3,3,1,4,4,4,3,4,4,0,1
4530,0,4,1,4,2,1,5,5,5,5,5,4,0,1
4543,0,4,0,4,2,1,4,4,4,4,1,1,0,1
4594,1,4,0,4,3,2,4,4,3,3,4,4,1,0
4613,0,0,0,5,1,1,2,2,1,2,2,2,1,0
4654,0,4,1,3,5,1,1,4,5,5,5,5,0,1
4666,0,4,1,5,3,1,3,3,1,1,1,3,1,0
4685,0,4,1,4,3,1,4,5,2,2,4,5,1,0
4724,0,4,0,4,3,1,4,4,4,4,1,3,0,1
4736,0,4,1,3,1,0,3,4,2,2,3,2,0,1
4804,1,4,0,0,3,2,4,4,2,1,2,1,1,0
4812,0,4,1,4,4,0,5,5,1,1,3,5,0,1
4884,0,4,0,4,1,1,2,2,4,4,2,1,1,0
4913,1,4,0,5,5,1,4,5,4,3,3,3,0,1
4919,1,4,0,4,3,1,5,4,2,2,3,2,1,0
4933,0,4,1,4,4,1,2,5,2,2,3,4,0,1
4935,1,4,0,5,5,1,5,4,5,5,4,5,0,1
4937,0,2,0,3,3,0,3,3,4,3,3,3,1,0
4940,0,5,0,4,2,0,4,2,4,4,2,5,1,0
4969,0,4,1,2,2,1,3,5,2,2,3,4,0,1
4976,1,4,0,3,2,1,2,2,3,1,2,4,1,0
4985,0,4,1,4,4,0,4,4,3,3,4,4,1,0
4989,0,4,0,4,1,0,2,1,4,4,2,3,0,1
5013,0,3,0,3,3,2,2,2,3,3,2,3,1,0
5017,0,4,1,4,5,0,5,4,5,4,4,5,1,0
5021,0,4,0,4,2,2,1,2,4,4,4,2,1,0
5026,0,5,0,3,4,0,5,5,3,3,5,4,1,0
5042,0,4,1,4,3,1,4,3,1,1,3,4,1,0
5084,1,4,0,4,2,1,4,4,1,1,3,2,0,1
5101,0,4,1,4,3,0,5,4,1,1,4,3,0,1
5103,0,4,1,2,2,0,5,4,2,2,3,3,0,1
5133,0,4,1,4,3,0,3,4,4,4,2,1,0,1
5194,0,4,1,4,4,1,5,5,4,4,4,5,1,0
5228,0,4,1,4,2,1,1,4,5,5,1,2,1,0
5231,1,4,0,4,4,0,3,3,4,3,3,4,0,1
5242,1,4,0,4,5,1,5,5,3,3,5,5,1,0
5298,1,4,0,4,4,1,4,5,5,5,4,5,1,0
5326,0,4,0,4,4,0,1,1,4,4,1,2,1,0
5343,0,4,0,3,1,0,2,2,4,4,4,3,0,1
5362,0,3,0,3,3,1,4,3,3,3,1,1,1,0
5387,0,4,0,4,1,2,4,4,5,5,2,2,0,1
5412,1,4,0,3,3,0,1,1,3,3,1,5,0,1
5415,0,4,0,4,2,1,4,4,3,2,4,4,0,1
5502,0,4,1,4,3,1,2,1,5,5,1,5,1,0
5518,1,4,0,4,3,1,4,2,3,3,1,3,0,1
5540,0,4,0,4,4,1,4,1,4,4,5,1,0,1
5578,1,4,0,4,5,1,4,4,2,2,4,4,1,0
5600,0,4,0,3,2,1,4,4,3,2,4,4,1,0
5610,0,4,0,4,1,1,4,2,4,4,3,2,1,0
5627,0,4,1,4,2,1,3,2,5,5,4,2,0,1
5644,0,4,1,4,4,2,3,3,2,2,1,1,1,0
5671,0,4,1,4,2,1,3,2,4,4,2,1,1,0
5695,0,4,0,4,3,0,4,4,4,4,4,4,0,1
5737,1,4,0,4,3,1,3,3,3,3,1,1,0,1
5813,0,4,1,4,3,1,5,1,5,2,3,3,1,0
5911,0,1,0,2,2,0,4,4,2,2,4,4,1,0
5939,0,4,0,4,1,1,4,4,3,2,4,4,0,1
5959,0,4,0,4,1,1,1,2,4,4,4,1,1,0
5962,1,4,0,4,3,1,5,4,5,3,5,5,1,0
5970,0,4,0,3,3,0,4,4,3,3,4,4,1,0
5972,0,4,1,3,4,0,1,1,4,4,1,4,0,1
5976,0,4,1,4,2,1,5,5,3,3,5,4,0,1
5981,1,4,0,5,3,1,5,4,4,4,3,3,0,1
6002,1,4,0,4,5,1,5,4,2,5,5,5,0,1
6017,0,4,1,4,5,1,5,4,5,5,4,3,0,1
6048,0,4,1,4,4,0,4,4,2,2,3,5,1,0
6062,0,4,1,4,4,1,3,5,3,3,1,5,0,1
6155,0,4,1,4,4,1,5,4,3,3,4,5,1,0
6165,0,4,1,4,1,1,2,1,1,1,5,5,1,0
6197,0,4,1,4,3,0,4,4,2,2,5,4,1,0
6216,0,4,1,4,4,0,4,5,2,2,4,2,1,0
6230,1,4,0,4,5,1,4,4,2,2,4,5,1,0
6269,0,2,1,2,3,1,5,5,1,1,3,4,0,1
6310,0,4,1,4,4,0,5,5,4,4,5,3,1,0
6316,0,4,1,4,4,1,5,4,3,3,2,4,1,0
6333,0,1,0,1,1,0,4,3,3,1,4,4,1,0
6367,0,4,0,3,3,0,4,4,3,3,4,3,1,0
6375,0,4,1,4,4,0,5,4,1,1,4,5,0,1
6386,0,4,1,4,3,1,4,1,5,5,4,4,1,0
6406,0,4,0,4,4,1,1,3,4,4,5,4,0,1
6430,1,4,0,4,3,1,4,2,1,1,2,3,1,0
6431,0,4,1,4,5,0,4,5,2,2,4,5,1,0
6442,1,4,0,4,5,1,4,5,2,2,4,3,1,0
6460,1,4,0,4,4,1,3,1,4,4,4,2,0,1
6496,1,4,0,4,4,1,2,3,3,3,4,1,0,1
6508,0,2,0,2,3,1,2,2,4,1,2,2,0,1
6512,1,4,0,4,2,1,4,2,4,4,3,5,1,0
6532,0,2,1,2,3,1,4,4,4,3,5,4,0,1
6540,1,4,0,5,4,1,4,4,4,4,4,3,1,0
6546,0,2,1,2,5,0,4,5,1,1,5,4,1,0
6550,0,4,1,4,1,0,2,1,3,3,5,2,1,0
6575,0,5,0,1,4,0,5,5,1,3,5,4,0,1
6579,1,4,0,4,4,1,5,4,3,3,3,2,1,0
6584,0,3,0,4,1,0,4,4,3,3,4,5,0,1
6590,1,4,0,3,5,1,5,5,5,3,3,3,0,1
6604,1,4,0,2,3,1,4,4,3,1,4,4,0,1
6609,0,4,1,4,4,0,4,3,4,4,4,5,0,1
6614,0,3,1,3,3,1,5,2,5,4,3,3,0,1
6625,0,4,1,4,2,1,3,3,4,4,1,5,0,1
6644,0,4,0,4,4,1,4,3,4,4,3,4,0,1
6682,0,4,0,4,4,1,2,4,5,5,4,5,1,0
6684,0,4,1,5,5,1,5,4,3,3,4,4,1,0
6701,0,4,1,5,4,0,4,4,3,3,2,2,0,1
6704,0,4,0,4,1,1,4,4,4,4,3,4,1,0
6705,1,4,0,3,1,1,3,3,3,2,3,2,1,0
6765,0,5,0,4,4,0,5,5,3,3,5,4,1,0
6771,0,4,1,4,4,1,1,2,3,3,1,3,0,1
6772,0,4,0,4,3,1,2,1,4,4,3,2,1,0
6779,0,4,0,4,3,0,4,4,4,4,4,4,0,1
6796,0,4,0,4,1,0,2,2,4,4,3,5,0,1
6811,0,4,1,4,5,0,4,5,5,5,3,5,0,1
6838,0,1,0,4,2,0,3,3,3,3,3,0,0,1
6843,0,4,1,1,1,1,3,4,1,1,4,4,1,0
6852,0,4,0,4,3,1,2,1,4,4,3,2,1,0
6864,1,4,0,5,5,1,4,4,4,3,4,4,1,0
6885,0,4,0,4,1,2,3,4,4,4,3,4,1,0
6898,0,2,0,2,3,1,4,3,3,3,2,1,1,0
6924,0,4,0,4,3,0,4,4,4,4,3,2,1,0
6925,0,4,0,4,3,1,4,4,4,4,1,2,0,1
6934,0,4,1,4,3,2,4,4,3,3,3,4,0,1
6937,0,4,0,4,3,1,4,4,4,4,3,1,1,0
6977,0,4,1,4,4,1,5,4,2,2,3,2,1,0
6981,0,3,0,2,4,0,2,3,3,4,2,2,0,1
6987,0,2,0,1,4,0,4,4,2,2,4,4,0,1
7021,1,4,0,4,5,2,5,5,5,3,5,4,0,1
7027,1,4,0,4,3,1,4,5,2,2,5,2,1,0
7053,1,4,0,4,1,1,2,2,5,5,4,1,0,1
7107,1,4,0,3,3,2,4,5,1,1,4,3,0,1
7163,1,4,0,4,5,1,4,4,4,4,3,2,1,0
7165,0,3,1,3,3,1,4,5,1,1,4,4,0,1
7232,0,4,1,4,4,0,4,5,4,2,5,4,0,1
7243,0,2,0,2,2,0,5,3,2,2,1,3,0,1
7250,0,4,0,4,4,0,3,3,4,4,1,5,0,1
7303,0,2,1,2,3,0,4,5,4,4,3,3,0,1
7309,0,4,1,4,2,1,5,1,1,1,3,5,1,0
7318,1,4,0,5,3,1,5,4,5,2,3,3,0,1
7343,0,3,0,3,4,0,3,4,3,3,2,5,1,0
7346,0,4,1,4,5,0,4,4,1,1,3,3,0,1
7417,0,1,0,4,3,0,3,1,3,3,3,0,0,1
7418,0,4,0,4,1,0,4,4,4,4,4,4,1,0
7442,1,4,0,4,2,1,5,1,2,2,3,5,1,0
7443,1,4,0,4,1,1,4,3,4,4,3,5,1,0
7447,1,4,0,4,4,1,5,4,3,3,4,5,0,1
7453,0,4,1,4,4,0,4,5,4,4,3,3,0,1
7456,0,4,1,4,5,1,2,4,4,4,3,3,1,0
7532,0,3,0,3,2,1,3,3,2,3,3,3,1,0
7547,0,4,0,4,3,0,2,3,3,3,3,3,0,1
7596,0,4,1,4,4,0,4,5,5,5,4,2,1,0
7601,0,3,1,3,4,0,4,4,5,5,3,5,1,0
7628,0,1,0,3,5,0,5,1,5,5,5,5,1,0
7659,0,4,1,4,4,1,1,1,2,5,2,4,0,1
7710,1,4,0,4,5,1,1,2,3,3,1,3,1,0
7727,0,4,1,4,5,0,5,4,1,1,5,4,1,0
7732,0,4,0,4,3,1,4,4,4,4,3,1,1,0
7763,1,4,0,4,3,1,1,1,4,2,1,0,0,1
7782,0,4,1,4,3,0,4,4,2,5,5,3,0,1
7789,0,4,0,4,4,1,3,3,4,4,2,3,0,1
7794,1,4,1,4,3,1,4,3,4,4,3,4,1,0
7795,0,4,1,4,3,0,4,5,3,4,5,4,0,1
7800,1,4,0,3,4,1,3,3,3,3,3,5,1,0
7810,0,4,1,4,5,0,4,5,3,3,4,3,0,1
7826,0,4,0,4,4,0,2,1,4,4,4,3,0,1
7828,1,4,0,4,3,1,4,5,2,2,4,2,1,0
7837,0,4,1,4,3,0,1,3,2,2,2,5,1,0
7872,1,4,0,4,5,1,4,5,1,1,4,4,1,0
7882,1,4,0,3,5,1,4,4,2,2,3,2,0,1
7951,0,4,1,4,4,0,4,5,1,1,3,4,0,1
7965,1,4,0,5,5,1,4,5,5,5,5,4,0,1
7969,1,4,0,4,3,1,5,4,4,4,5,3,0,1
7988,0,4,1,4,4,1,4,4,2,2,4,3,1,0
8027,1,4,0,4,3,1,4,4,2,2,3,3,0,1
8070,1,4,0,4,4,1,5,4,4,4,4,3,1,0
8124,0,4,0,4,4,0,4,4,4,4,4,4,0,1
8141,0,4,1,4,4,0,4,5,4,4,5,2,1,0
8151,1,4,0,4,4,1,2,2,2,2,2,2,1,0
8154,0,4,1,4,4,1,4,4,1,1,5,3,1,0
8183,0,3,0,4,2,0,1,3,4,4,1,1,0,1
8211,0,3,0,4,4,1,3,3,3,3,3,3,1,0
8216,0,2,0,2,3,2,2,2,1,1,4,2,1,0
8260,1,4,0,4,1,1,5,4,2,2,4,3,1,0
8267,0,3,1,3,1,0,5,1,4,4,1,2,1,0
8317,0,4,0,3,1,0,4,4,4,4,4,4,1,0
8323,0,4,0,4,4,2,3,3,3,4,3,1,0,1
8326,0,4,0,4,1,1,3,4,4,4,3,4,1,0
8341,0,2,0,2,4,1,1,2,2,2,1,5,0,1
8366,0,4,0,1,1,0,4,4,3,2,4,4,1,0
8373,1,4,1,4,3,1,3,3,4,4,4,2,0,1
8377,1,4,0,4,1,1,5,3,2,2,5,3,1,0
8422,0,4,1,4,5,0,4,4,1,1,5,3,1,0
8423,0,4,1,4,5,1,4,4,2,2,4,5,0,1
8427,1,4,0,4,4,1,5,4,5,5,4,5,1,0
8438,0,1,0,1,4,0,3,3,4,4,3,2,0,1
8454,0,4,1,4,3,1,4,4,1,1,3,4,1,0
8459,1,4,0,4,1,1,4,3,2,2,1,5,0,1
8460,0,3,1,3,3,0,5,5,5,5,5,4,0,1
8484,0,4,1,4,3,0,4,4,2,4,4,3,1,0
8489,0,3,0,3,3,1,4,3,3,3,3,2,1,0
8490,0,4,0,4,2,0,4,3,4,4,3,5,1,0
8493,0,4,1,4,1,1,3,3,3,3,3,1,1,0
8506,0,4,0,4,1,1,4,4,4,1,4,4,0,1
8533,1,4,0,4,1,1,2,2,3,2,2,4,0,1
8572,0,4,1,4,3,1,2,1,3,3,4,4,1,0
8607,0,4,0,4,1,1,4,4,4,4,2,2,1,0
8624,1,4,0,4,3,0,3,3,5,5,3,4,0,1
8625,0,4,1,4,3,0,5,4,3,3,4,5,1,0
8627,0,4,0,4,4,2,3,3,3,4,2,1,0,1
8664,0,4,1,4,3,0,5,5,5,5,3,5,0,1
8704,1,4,0,2,3,1,5,4,4,4,3,4,0,1
8725,1,4,0,5,3,1,1,1,4,4,1,4,1,0
8735,0,4,1,4,3,0,5,4,4,4,3,3,0,1
8741,1,4,0,4,2,1,3,3,1,1,3,5,0,1
8754,0,4,0,3,3,0,4,4,4,2,4,4,1,0
8775,0,4,0,4,4,1,1,4,4,4,3,4,1,0
8809,0,2,1,2,4,0,4,4,1,5,1,2,0,1
8815,1,4,0,4,4,1,4,4,1,1,5,3,0,1
8912,0,4,0,4,4,1,1,2,4,4,1,5,0,1
8918,0,2,1,2,5,0,4,4,3,3,4,3,0,1
8919,0,4,1,4,4,0,5,5,5,5,4,5,1,0
8955,0,4,1,4,3,0,4,4,5,5,5,3,0,1
8965,0,4,0,4,4,0,3,3,4,4,3,4,0,1
8980,0,4,1,4,1,1,3,4,4,2,4,2,1,0
8994,0,2,1,2,3,0,5,4,2,2,5,4,1,0
8997,0,3,1,3,3,0,4,4,3,3,3,4,1,0
9001,0,4,0,4,2,1,3,4,4,4,4,5,1,0
9006,0,4,1,4,5,0,4,5,2,2,3,4,1,0
9046,0,4,0,4,2,2,4,4,4,4,1,5,1,0
9053,0,3,0,3,3,2,3,2,3,3,2,4,1,0
9073,0,4,0,1,4,2,2,3,4,4,2,3,0,1
9088,0,4,1,4,3,1,4,4,4,4,4,4,0,1
9097,0,3,1,3,4,1,5,4,1,1,4,5,1,0
9100,0,2,1,2,5,0,1,5,1,1,3,4,1,0
9115,0,4,0,4,1,1,3,3,4,4,1,4,0,1
9140,1,4,0,4,5,2,4,5,3,3,3,4,0,1
9146,0,1,0,3,1,0,2,1,3,3,5,4,1,0
9151,0,3,0,3,4,1,3,4,3,3,3,5,1,0
9170,0,4,1,3,4,1,4,5,4,4,4,2,0,1
9181,0,3,1,3,4,0,4,4,1,2,3,2,1,0
9184,0,2,0,4,3,1,2,2,4,4,2,2,1,0
9233,0,4,1,4,3,0,4,4,2,2,5,4,1,0
9264,0,4,1,4,3,1,2,4,4,4,5,2,1,0
9267,0,4,1,4,4,0,2,4,3,3,1,4,1,0
9279,0,4,1,4,4,0,5,5,5,4,5,4,0,1
9316,1,4,0,4,3,1,2,2,4,4,2,1,1,0
9340,1,4,0,4,4,1,2,3,2,1,5,1,0,1
9386,1,4,0,4,5,1,4,5,5,5,5,5,1,0
9390,0,3,1,3,5,0,4,5,5,5,4,3,1,0
9408,0,4,1,4,1,1,3,4,3,3,4,3,1,0
9415,1,2,0,3,4,0,3,3,3,2,3,2,0,1
9419,1,4,0,5,4,1,2,2,4,5,2,4,1,0
9472,1,4,0,4,2,2,4,3,4,2,4,4,0,1
9490,0,4,1,4,4,0,4,4,2,2,3,5,1,0
9496,1,4,0,5,1,1,3,3,2,2,2,1,0,1
9529,0,4,0,4,1,2,2,1,4,4,3,5,0,1
9538,1,4,0,4,3,1,4,4,3,3,3,4,1,0
9541,0,4,0,4,4,1,2,4,4,4,3,5,1,0
9542,1,4,0,5,4,1,5,2,4,5,5,0,0,1
9570,0,2,1,2,3,1,5,3,5,1,5,5,0,1
9604,0,4,1,4,4,0,4,4,2,2,4,2,1,0
9669,1,4,0,4,4,1,5,5,3,3,5,3,0,1
9674,1,4,0,4,2,1,5,4,4,4,2,3,0,1
9685,0,4,0,3,3,1,4,4,2,2,4,4,1,0
9735,0,4,1,4,4,0,4,5,4,4,5,3,1,0
9827,0,4,0,4,2,1,3,4,4,4,2,1,1,0
9833,1,4,0,4,4,1,4,5,4,4,4,5,1,0
9834,0,4,0,4,3,1,4,4,3,2,4,4,1,0
9838,0,4,1,4,4,0,5,5,1,1,5,3,1,0
9846,0,4,1,4,5,0,4,5,5,5,4,3,0,1
9872,0,4,0,2,1,0,4,4,4,1,4,4,1,0
9876,0,4,0,1,4,0,4,4,1,1,4,4,1,0
9900,0,3,1,4,3,1,4,4,5,3,4,5,0,1
9912,0,4,1,4,2,1,3,4,2,2,3,4,1,0
9914,0,4,1,4,3,1,3,1,5,3,3,3,0,1
9928,0,4,0,3,4,1,3,3,3,1,3,4,0,1
9930,1,4,0,5,4,1,4,4,2,2,3,5,0,1
9932,0,2,0,2,1,2,2,2,1,4,2,2,1,0
9946,0,3,1,3,5,0,5,5,4,4,5,3,0,1
9970,1,4,0,4,1,2,2,3,1,1,5,3,0,1
10030,1,4,0,4,1,1,4,4,4,4,2,4,0,1
10050,1,4,0,4,1,1,3,3,3,2,5,5,1,0
10053,1,4,0,4,4,1,4,3,4,4,5,5,0,1
10122,0,4,1,4,4,1,5,1,5,5,1,2,1,0
10153,0,4,1,4,3,1,1,3,3,3,2,3,0,1
10160,0,3,1,3,2,1,4,4,5,5,2,4,1,0
10162,1,4,0,4,5,1,4,4,3,3,5,3,0,1
10171,0,3,0,2,2,1,3,3,3,1,3,3,1,0
10173,1,4,0,4,4,1,2,5,4,4,4,3,0,1
10185,1,4,0,4,5,1,4,5,3,3,1,2,1,0
10186,0,4,1,4,5,1,1,2,5,5,2,3,0,1
10195,1,4,0,3,3,1,5,5,2,3,5,4,1,0
10205,0,4,0,4,3,1,4,4,4,4,4,3,0,1
10264,0,4,0,4,3,1,4,3,4,4,1,1,1,0
10284,0,4,0,4,3,0,4,4,3,3,4,3,1,0
10317,0,4,1,4,4,1,4,4,5,3,5,4,1,0
10322,1,4,0,5,5,1,5,5,4,5,5,4,1,0
10336,0,4,1,4,5,0,4,4,3,3,4,2,1,0
10363,0,4,1,4,5,2,5,1,4,2,2,5,1,0
10388,0,4,0,4,2,0,4,4,4,4,1,3,1,0
10390,1,4,0,3,3,1,4,5,1,1,3,2,0,1
10398,0,4,1,4,5,0,5,5,3,3,3,2,0,1
10418,0,1,0,4,3,0,2,2,3,3,5,4,1,0
10428,0,3,0,3,3,2,2,1,3,3,1,1,1,0
10438,0,4,1,4,5,0,4,5,4,4,5,3,1,0
10453,1,4,0,4,4,1,1,1,4,4,1,4,1,0
10459,0,4,0,1,1,1,4,4,2,1,4,4,1,0
10462,1,4,0,4,5,2,4,5,5,5,1,4,0,1
10499,0,4,0,3,3,2,4,4,2,2,4,4,1,0
10504,1,4,0,4,3,1,3,3,5,5,4,1,0,1
10521,0,1,1,1,1,0,3,4,2,3,3,3,0,1
10570,0,4,0,4,4,2,2,4,4,4,5,3,0,1
10595,1,4,0,2,4,1,4,4,2,4,4,4,1,0
10635,0,2,1,2,4,0,5,4,1,1,5,5,1,0
10661,0,4,0,4,3,2,1,1,4,4,3,2,1,0
10716,0,4,1,5,5,0,4,5,4,4,3,4,1,0
10719,1,4,0,4,3,1,5,1,4,3,5,4,1,0
10756,1,4,0,4,1,2,4,3,4,4,3,4,1,0
10764,1,4,0,4,1,0,3,3,5,5,4,5,0,1
10778,0,4,0,4,4,1,4,4,3,4,4,4,0,1
10797,0,4,0,4,2,1,4,4,3,4,4,4,0,1
10799,0,4,0,3,4,1,4,4,3,3,4,4,1,0
10824,0,4,0,4,4,0,3,3,4,4,3,3,0,1
10826,1,4,0,4,4,1,3,3,5,5,4,2,1,0
10855,1,4,0,1,5,1,2,4,2,1,2,4,1,0
10856,0,4,1,4,5,0,5,4,3,3,5,4,0,1
10859,1,4,0,4,5,1,5,5,1,1,5,3,1,0
10863,1,4,0,4,3,1,5,5,2,2,3,2,0,1
10924,0,3,0,4,4,1,3,5,5,3,5,1,1,0
10942,0,3,1,3,3,1,5,2,1,1,3,1,0,1
10960,0,4,1,5,4,0,4,4,2,2,3,4,1,0
10976,0,4,1,4,4,0,5,5,1,4,3,4,1,0
10983,0,4,0,4,3,1,3,3,5,5,4,5,0,1
10989,0,4,1,4,3,1,4,5,4,4,5,2,0,1
10990,1,4,0,4,3,1,4,5,1,1,3,5,0,1
10991,1,4,0,3,3,1,4,4,3,3,3,1,0,1
11094,0,4,0,4,4,2,3,3,3,4,3,4,0,1
11126,0,2,1,2,3,0,4,4,1,1,3,2,1,0
11137,0,4,0,4,4,1,3,3,4,4,1,1,1,0
11148,1,4,0,4,2,1,3,2,3,3,2,5,1,0
11150,0,5,0,4,4,0,3,3,5,5,3,5,0,1
11159,0,3,0,2,2,1,3,3,4,3,3,3,1,0
11164,1,4,0,4,2,1,3,4,4,4,1,5,0,1
11173,0,5,0,4,4,0,4,3,4,4,4,2,1,0
11199,1,4,0,1,1,1,5,5,5,1,5,2,0,1
11203,0,4,1,3,3,1,1,4,5,5,5,2,1,0
11243,0,4,1,4,4,1,1,3,3,3,3,1,0,1
11258,1,4,0,4,4,1,5,4,5,5,5,2,0,1
11291,1,4,0,4,3,1,4,2,4,4,1,1,0,1
11304,0,2,0,3,4,0,2,2,2,3,2,2,1,0
11315,0,3,1,3,5,0,5,4,5,5,4,5,1,0
11318,1,4,0,0,2,1,4,4,2,2,1,4,0,1
11329,1,4,0,4,5,1,5,5,1,1,3,5,1,0
11333,1,4,0,5,3,1,4,4,5,5,2,5,0,1
11374,0,4,1,4,3,1,1,1,4,4,4,4,1,0
11414,0,5,0,4,2,0,3,4,5,5,2,5,0,1
11416,1,4,0,4,3,1,4,5,5,5,5,2,1,0
11434,0,3,0,4,2,0,3,3,2,1,3,4,1,0
11469,0,4,1,4,3,1,2,2,4,4,4,3,1,0
11496,1,4,0,4,1,1,3,4,5,5,1,5,0,1
11597,1,4,0,4,1,1,3,3,1,1,3,5,0,1
11616,0,4,0,4,1,1,2,2,3,3,1,3,0,1
11620,0,4,1,4,4,0,3,3,1,1,3,2,0,1
11622,0,2,0,3,4,0,2,2,4,3,2,2,1,0
11633,0,4,1,4,4,1,4,5,1,1,3,4,1,0
11639,1,4,0,1,1,1,3,5,1,1,5,4,1,0
11650,1,4,0,4,1,0,4,3,2,1,1,5,1,0
11672,0,4,1,4,3,0,3,2,4,4,3,5,0,1
11706,1,4,0,5,5,1,5,3,5,4,5,4,1,0
11747,1,4,0,4,4,1,5,4,3,3,4,3,1,0
11811,0,4,0,4,3,1,4,4,3,2,4,4,1,0
11816,1,4,0,4,5,1,4,5,1,1,4,2,1,0
11830,0,3,0,3,4,0,1,1,3,3,4,5,0,1
11835,0,4,1,4,3,1,5,4,5,5,3,2,1,0
11856,0,4,0,4,3,1,4,4,4,2,4,4,1,0
11905,0,4,0,4,3,1,2,2,4,4,4,2,1,0
11915,0,3,0,3,4,0,4,4,3,3,3,4,1,0
11938,1,4,0,4,3,1,3,3,5,5,1,2,0,1
11956,0,4,1,4,5,0,4,4,3,3,4,3,1,0
11958,1,4,0,4,1,1,5,2,1,1,2,2,0,1
11975,0,4,0,3,1,2,4,4,2,3,4,4,1,0
11978,1,4,0,4,5,1,5,4,4,4,5,3,1,0
11979,1,4,0,4,5,1,4,4,2,2,5,5,0,1
11997,0,2,1,2,3,1,4,5,3,3,5,3,0,1
11999,0,4,1,4,3,1,5,5,5,5,3,5,1,0
12022,0,3,1,3,4,0,4,5,2,2,5,3,0,1
12036,0,4,1,4,5,0,4,4,5,5,3,2,0,1
12037,0,4,1,4,5,1,3,4,3,3,2,1,1,0
12052,1,3,0,3,3,0,3,2,1,3,3,3,0,1
12075,0,4,0,4,3,2,4,4,4,4,4,4,1,0
12077,1,4,0,4,3,1,5,4,4,4,3,3,0,1
12087,0,4,0,4,4,1,1,2,4,4,5,3,1,0
12096,0,4,0,4,4,1,4,4,4,4,4,2,1,0
12139,0,2,0,4,2,0,2,1,4,4,2,2,1,0
12155,1,4,0,4,4,1,4,5,4,4,5,5,0,1
12253,0,4,1,4,1,1,5,5,3,3,4,2,0,1
12290,0,3,0,4,1,2,3,3,4,4,3,3,0,1
12308,0,3,0,3,4,0,1,2,3,3,4,5,0,1
12337,0,4,1,4,1,2,2,4,4,5,5,5,0,1
12363,1,4,0,4,4,1,4,3,4,4,4,3,0,1
12371,0,5,0,3,3,0,5,5,2,3,5,4,0,1
12376,0,2,0,2,2,1,3,1,2,2,3,3,1,0
12406,1,4,0,4,1,1,3,4,1,1,3,1,0,1
12444,0,4,1,4,1,0,3,3,5,3,4,2,0,1
12445,1,4,0,5,2,2,1,4,1,1,5,3,0,1
12449,0,4,0,2,3,0,4,4,4,3,4,4,1,0
12450,0,3,0,4,3,0,3,3,4,3,3,3,1,0
12461,0,4,1,4,5,0,4,4,4,4,3,3,1,0
12472,0,4,1,3,3,0,3,5,3,3,5,5,1,0
12514,1,4,0,3,1,2,4,4,3,4,4,2,1,0
12522,0,4,0,4,4,1,2,2,4,4,1,3,1,0
12548,0,4,0,2,1,1,4,4,2,3,4,4,1,0
12554,1,4,0,3,1,1,4,4,5,1,4,4,1,0
12572,0,3,0,3,3,2,2,2,3,3,1,2,1,0
12574,0,3,0,2,4,0,3,1,2,2,1,2,1,0
12597,1,4,0,2,3,1,5,3,3,2,5,4,0,1
12608,1,4,0,4,3,0,4,4,1,4,3,4,1,0
12628,1,4,0,4,5,1,4,5,1,3,3,3,1,0
12633,0,2,0,3,4,0,2,2,4,3,2,2,1,0
12644,0,5,0,3,4,0,5,5,4,4,5,4,0,1
12686,1,4,0,4,2,1,3,4,5,5,1,2,0,1
12689,0,4,1,4,4,1,4,5,4,4,5,4,0,1
12697,0,4,0,4,2,1,4,4,5,5,3,3,0,1
12732,0,2,1,2,3,0,4,4,1,1,4,5,1,0
12736,0,4,1,4,5,0,5,5,3,3,5,5,0,1
12765,0,2,1,2,5,0,4,4,3,3,4,3,0,1
12773,1,4,0,4,4,1,1,2,3,3,3,3,1,0
12808,1,4,0,4,4,1,3,4,4,4,2,5,0,1
12822,0,4,1,4,5,0,4,4,4,4,3,5,1,0
12823,1,4,0,4,5,1,5,5,2,2,4,5,1,0
12831,1,4,0,4,4,1,3,3,1,1,1,4,0,1
12852,0,1,0,4,4,0,4,1,3,4,4,4,0,1
12857,0,3,0,3,3,1,3,3,3,3,5,1,0,1
12863,1,4,0,4,1,0,4,4,4,3,4,4,1,0
12870,0,4,0,4,4,0,4,4,3,2,4,4,0,1
12881,0,2,0,4,3,0,2,2,4,4,2,2,1,0
12886,0,4,1,4,5,1,5,1,4,4,4,4,0,1
12887,0,3,1,3,4,0,3,4,5,5,4,2,0,1
12938,0,3,0,3,3,1,3,3,4,3,3,3,1,0
12992,0,4,1,4,2,1,4,1,1,1,3,2,0,1
12999,1,4,0,4,1,1,4,4,4,2,1,3,0,1
13023,0,4,0,4,2,0,2,3,4,4,3,5,0,1
13032,1,4,0,4,2,1,4,3,4,3,3,3,1,0
13034,0,2,0,3,3,1,2,2,2,3,2,2,1,0
13035,0,2,1,1,4,0,4,4,4,4,3,3,0,1
13078,1,4,0,4,5,1,4,5,1,1,3,2,0,1
13085,0,3,0,3,4,1,3,4,3,3,3,2,1,0
13105,0,4,1,4,4,0,4,5,4,4,3,4,1,0
13110,1,4,0,4,3,1,3,3,3,2,1,5,1,0
13117,1,4,0,4,2,1,5,5,3,3,2,4,1,0
13134,0,3,0,3,1,0,4,4,3,3,3,2,0,1
13144,0,4,1,4,5,1,4,5,3,5,5,4,0,1
13180,0,3,0,4,2,1,3,3,3,5,3,3,1,0
13188,0,4,1,4,5,0,1,3,3,3,1,5,1,0
13242,1,4,0,4,5,1,5,5,5,5,4,2,0,1
13253,1,4,0,5,5,1,4,4,4,3,4,5,1,0
13264,1,4,0,4,3,1,4,4,4,4,4,3,0,1
13291,0,4,0,2,4,1,4,4,3,4,4,4,1,0
13292,1,4,0,4,4,1,5,5,4,4,5,3,0,1
13297,0,4,1,4,5,0,5,4,4,4,3,3,1,0
13302,1,4,0,4,4,1,3,3,5,5,4,1,0,1
13324,1,4,0,0,1,1,2,2,2,2,3,1,1,0
13358,1,4,0,4,3,1,4,4,3,2,5,4,1,0
13380,0,4,1,4,5,1,4,5,3,3,5,4,1,0
13397,1,4,0,4,1,1,2,5,2,4,3,5,0,1
13425,0,4,1,4,5,0,4,5,1,1,4,5,0,1
13441,0,4,1,5,3,0,4,5,3,3,5,3,1,0
13474,0,4,1,4,5,1,5,5,2,3,4,5,1,0
13513,0,3,0,3,1,0,4,4,3,3,4,5,0,1
13534,1,4,0,4,1,2,3,3,2,2,1,1,1,0
13565,0,3,1,3,4,0,4,4,1,1,5,4,1,0
13592,0,4,1,4,4,1,4,3,2,2,1,1,1,0
13595,0,3,0,4,1,0,3,3,2,1,3,4,1,0
13601,0,4,0,4,4,0,3,4,4,4,5,4,1,0
13640,1,4,0,4,5,1,5,4,5,4,5,3,1,0
13661,0,1,1,3,3,1,1,4,3,3,5,3,0,1
13712,0,4,1,4,3,0,4,3,2,2,3,3,0,1
13717,0,4,1,4,3,1,2,2,5,1,3,4,1,0
13748,0,4,0,2,3,1,4,4,2,3,4,4,1,0
13772,1,4,0,3,1,1,4,3,4,5,2,3,1,0
13784,0,4,1,4,4,0,5,4,4,4,4,5,0,1
13802,0,4,1,4,4,0,3,3,4,4,4,2,0,1
13803,0,4,0,4,1,1,4,3,4,4,3,2,1,0
13826,0,4,0,4,4,2,3,4,4,4,1,1,0,1
13831,1,4,0,3,1,1,5,3,1,2,4,2,0,1
13843,0,4,1,4,2,1,3,5,2,5,1,1,0,1
13863,0,4,0,3,4,1,4,4,4,1,4,4,0,1
13878,1,4,0,4,2,2,3,2,4,4,1,2,0,1
13882,0,4,0,3,3,0,4,3,4,3,3,5,0,1
13929,1,4,0,4,3,2,4,4,4,4,4,5,0,1
13943,0,4,1,4,2,1,5,2,4,3,5,1,0,1
13948,0,3,0,3,4,0,3,3,4,2,3,4,0,1
13957,0,4,0,3,1,1,4,4,4,2,4,4,1,0
13984,1,4,0,3,2,0,1,1,4,1,1,4,0,1
14006,0,2,0,3,3,0,4,4,2,2,4,3,0,1
14023,0,4,0,2,4,0,3,3,4,1,3,3,1,0
14042,0,4,0,4,4,0,4,4,3,2,4,4,0,1
14064,0,4,0,4,2,2,4,3,4,4,1,2,0,1
14092,0,3,0,3,5,1,1,2,3,3,1,1,1,0
14132,0,3,0,3,1,1,1,1,4,4,2,4,1,0
14143,0,4,1,4,5,1,5,4,3,3,3,2,1,0
14217,0,4,1,4,3,0,5,5,2,2,4,5,1,0
14220,0,4,1,4,3,1,1,5,2,2,1,4,1,0
14296,0,3,1,3,5,1,1,5,3,3,1,2,0,1
14306,0,4,0,3,3,0,4,4,3,4,4,4,1,0
14371,1,4,0,4,4,2,4,5,5,5,3,2,1,0
14372,0,4,0,2,1,1,4,4,2,3,4,4,1,0
14391,0,4,0,4,3,1,3,1,4,4,4,4,0,1
14392,0,4,1,4,4,0,5,4,1,1,4,5,0,1
14399,0,4,0,3,2,1,4,4,4,2,4,4,0,1
14403,0,4,0,4,3,1,3,4,4,4,1,3,1,0
14429,0,4,1,4,5,0,4,4,1,1,5,4,0,1
14442,1,4,0,2,4,2,1,1,2,4,1,4,0,1
14443,0,4,1,4,5,0,4,4,3,3,5,5,1,0
14487,0,3,1,3,3,0,4,5,2,2,3,5,1,0
14519,0,4,1,4,5,1,5,2,2,2,3,4,0,1
14520,0,4,0,4,4,1,4,2,4,4,5,4,1,0
14523,0,4,1,5,3,1,5,5,2,2,5,5,1,0
14529,1,4,0,4,3,1,4,3,2,1,1,1,0,1
14546,0,4,0,1,1,0,4,4,4,1,4,4,1,0
14547,0,4,0,3,2,1,4,4,4,2,4,4,0,1
14555,0,4,0,4,3,2,2,3,4,4,3,1,1,0
14569,0,4,1,5,3,1,4,5,4,4,3,4,0,1
14573,0,3,0,3,1,2,1,2,3,3,3,5,0,1
14615,0,4,0,4,4,0,4,3,4,4,5,2,0,1
14628,0,4,1,4,5,1,5,2,5,5,3,3,0,1
14635,1,4,0,3,4,0,5,5,5,3,5,4,0,1
14653,0,4,1,4,5,1,5,5,1,1,3,5,0,1
14710,0,4,1,4,4,0,4,5,5,5,3,4,1,0
14714,0,2,0,4,1,2,2,2,4,4,2,2,1,0
14729,1,4,0,4,4,1,4,3,4,4,3,2,1,0
14736,0,4,1,4,3,0,5,5,2,2,3,3,1,0
14744,0,4,0,4,3,1,2,3,4,4,4,2,0,1
14772,1,4,0,4,2,1,2,2,4,4,2,1,1,0
14775,1,4,0,4,5,1,4,5,3,3,4,3,0,1
14800,0,4,0,4,3,0,4,4,4,3,4,4,0,1
14807,1,4,0,5,3,1,3,3,3,3,1,2,0,1
14833,0,1,0,3,4,0,2,2,1,2,2,2,1,0
14835,0,4,0,4,4,0,3,2,4,4,4,3,0,1
14836,0,4,1,3,5,1,2,1,3,3,3,3,0,1
14861,1,4,0,4,3,1,5,5,3,3,3,4,1,0
14901,0,4,0,4,4,0,2,3,4,4,2,2,1,0
14920,0,4,0,4,4,2,2,3,4,4,2,1,1,0
14928,1,4,0,4,5,1,3,2,1,1,1,1,0,1
14931,0,3,0,4,1,2,4,3,1,3,3,3,0,1
14933,1,4,0,3,2,0,4,4,5,1,4,4,1,0
14940,0,4,1,4,4,0,4,3,5,5,3,5,0,1
14944,0,4,0,4,3,0,4,4,4,4,4,3,0,1
14980,0,3,0,3,3,0,3,3,3,3,3,3,1,0
15004,0,3,1,3,4,0,5,5,2,2,3,3,0,1
15024,0,4,0,3,3,1,4,4,4,3,4,4,0,1
15029,1,4,0,2,1,1,2,2,3,4,2,4,1,0
15087,1,4,0,4,1,1,3,3,1,1,4,1,0,1
15108,0,4,1,4,1,1,3,3,3,3,5,4,1,0
15126,0,4,1,4,4,0,4,4,4,4,4,3,1,0
15127,1,4,0,4,4,1,3,3,2,2,4,2,0,1
15136,0,3,0,3,5,1,1,3,3,3,4,2,1,0
15150,1,4,0,4,4,1,3,2,4,4,1,3,1,0
15156,1,4,0,4,4,1,5,4,5,5,5,4,1,0
15159,0,4,0,3,1,1,3,3,2,4,3,4,1,0
15169,1,4,0,4,1,2,2,1,2,2,4,1,1,0
15208,1,4,0,2,4,1,5,5,1,1,3,2,1,0
15210,0,3,1,3,3,0,4,3,1,1,3,3,1,0
15257,0,2,0,2,2,1,3,3,2,2,5,3,1,0
15258,1,4,0,4,3,1,5,5,3,3,3,5,1,0
15269,1,4,0,4,5,1,5,4,1,1,5,3,1,0
15293,1,4,0,3,3,0,4,4,3,4,4,4,0,1
15299,0,3,0,1,2,1,3,3,3,4,3,3,1,0
15334,0,4,1,1,1,0,5,4,1,1,3,4,0,1
15344,0,2,0,2,3,2,2,2,2,4,2,2,1,0
15348,0,2,0,3,1,1,2,2,2,2,2,2,1,0
15351,0,4,1,4,4,0,4,5,1,2,3,2,1,0
15375,1,4,0,4,5,0,3,4,5,5,1,2,1,0
15383,0,3,0,3,3,1,3,4,3,3,2,5,0,1
15388,0,1,1,1,4,1,5,4,5,5,5,4,0,1
15421,1,4,0,4,1,1,4,4,3,3,3,5,0,1
15425,1,4,0,4,3,1,3,3,3,3,2,2,1,0
15427,0,4,1,4,1,1,1,3,4,2,5,4,0,1
15494,1,4,0,4,4,1,4,4,1,1,4,3,0,1
15501,0,4,0,4,3,0,3,3,4,4,3,5,0,1
15504,1,4,0,4,2,1,1,2,2,2,3,2,1,0
15505,1,4,0,4,4,1,3,3,3,1,3,5,0,1
15514,1,4,0,4,5,1,5,4,1,1,4,2,1,0
15528,0,4,1,3,5,0,4,4,3,2,4,4,0,1
15549,1,4,0,4,3,1,4,4,3,3,3,4,1,0
15554,0,2,1,2,4,0,5,4,5,5,5,2,1,0
15568,0,4,0,4,2,1,2,2,4,4,1,3,1,0
15575,1,4,0,4,4,1,4,4,1,1,5,3,0,1
15606,0,4,1,4,5,0,5,4,5,5,4,3,1,0
15614,0,2,0,3,4,0,3,4,2,2,2,1,0,1
15622,0,4,1,4,4,0,5,4,5,5,4,5,1,0
15650,0,4,0,4,2,2,3,3,4,4,1,2,0,1
15658,0,4,1,3,4,0,4,4,2,2,2,4,0,1
15667,0,3,0,2,3,0,3,4,3,3,3,4,1,0
15670,0,3,1,3,3,1,5,2,5,5,4,2,1,0
15671,1,4,0,4,4,1,3,4,1,1,3,3,0,1
15679,1,4,0,4,4,1,3,4,4,4,4,2,0,1
15680,0,2,0,2,2,1,2,4,2,2,5,2,0,1
15727,0,4,0,4,1,1,3,3,4,4,1,4,0,1
15741,1,4,0,4,5,1,4,2,5,5,1,5,0,1
15747,0,2,1,3,3,0,5,5,2,3,5,2,1,0
15777,0,5,0,4,2,0,4,3,5,5,4,4,0,1
15784,0,4,1,4,4,1,1,3,4,4,2,4,0,1
15789,0,4,1,4,4,1,3,4,2,2,2,3,0,1
15803,0,4,1,4,2,1,2,3,3,4,5,3,1,0
15820,1,4,0,4,3,2,4,5,1,1,4,2,1,0
15835,1,4,0,3,3,2,2,2,3,1,2,4,1,0
15846,0,4,1,3,4,1,4,4,3,3,2,2,0,1
15914,0,4,1,4,3,1,1,1,1,1,1,1,0,1
15927,0,4,0,4,2,2,4,4,4,4,1,3,1,0
15933,1,4,0,4,1,1,1,4,1,1,1,2,1,0
15943,0,4,0,4,2,2,2,2,4,4,2,2,0,1
15959,1,4,0,4,3,1,5,4,4,4,3,3,0,1
15968,0,4,0,1,1,1,4,4,2,1,4,4,1,0
15969,1,4,0,3,4,1,3,3,3,4,3,4,1,0
15976,1,4,0,4,3,1,3,4,5,4,1,4,1,0
15981,0,3,1,3,5,0,5,5,4,4,5,3,0,1
16058,0,4,1,4,4,1,4,2,2,2,2,3,1,0
16061,0,3,1,3,3,0,4,4,4,4,5,5,0,1
16080,0,4,1,4,4,1,5,5,4,4,4,2,1,0
16083,0,4,0,4,4,2,2,4,4,4,2,1,1,0
16086,0,4,1,4,5,0,5,5,3,3,4,2,1,0
16114,1,4,0,4,2,2,4,3,3,2,4,4,0,1
16146,0,1,0,2,4,0,1,2,2,2,1,3,1,0
16199,0,4,0,3,4,0,4,4,2,4,4,4,1,0
16219,1,4,0,3,4,1,1,1,4,1,1,4,1,0
16228,0,4,1,4,5,0,4,5,4,4,4,4,1,0
16236,0,4,1,3,5,1,5,1,2,2,3,2,1,0
16253,0,4,0,4,3,1,3,2,4,4,4,2,1,0
16262,1,4,0,4,4,1,3,4,5,5,3,3,1,0
16264,1,4,0,2,4,1,4,4,2,1,4,5,1,0
16295,0,3,0,2,1,0,2,4,2,2,3,4,1,0
16336,0,4,0,4,4,1,1,4,4,4,1,2,1,0
16347,0,4,1,4,4,1,5,4,5,5,5,5,1,0
16402,1,4,0,4,3,1,3,4,5,5,1,2,1,0
16422,0,4,0,3,1,0,4,4,4,3,4,4,1,0
16449,0,4,0,3,4,1,4,4,2,2,4,4,1,0
16483,1,4,0,4,2,1,3,4,5,5,3,2,0,1
16485,0,3,1,4,3,0,4,5,4,4,5,4,0,1
16500,0,4,0,4,2,1,3,3,4,4,3,5,0,1
16520,0,3,1,3,4,1,2,3,2,2,4,2,0,1
16531,1,4,0,4,3,1,3,4,5,5,4,3,1,0
16534,0,4,0,4,4,1,1,4,4,4,1,2,1,0
16589,1,4,0,4,3,1,4,4,3,1,3,2,0,1
16608,1,4,0,4,4,1,4,3,3,3,5,4,1,0
16613,1,4,0,5,3,1,5,4,4,4,3,5,0,1
16619,1,4,0,3,3,2,4,4,5,3,4,4,0,1
16626,0,4,0,4,1,1,5,5,5,4,5,4,1,0
16637,1,4,0,4,3,1,3,3,5,4,4,2,0,1
16649,1,4,0,4,5,1,4,5,2,2,4,5,1,0
16686,0,4,0,4,4,0,1,4,4,4,1,3,1,0
16701,0,2,0,2,3,0,4,4,1,1,4,4,1,0
16723,0,4,1,4,3,1,3,4,4,5,3,1,0,1
16733,1,4,0,4,3,1,5,4,5,5,4,3,1,0
16737,0,4,1,4,2,1,1,3,2,2,3,3,0,1
16750,0,4,1,5,3,0,4,5,4,5,4,2,1,0
16761,0,4,1,4,4,0,5,5,5,4,4,2,1,0
16795,0,4,0,3,3,0,4,4,3,3,3,4,1,0
16799,1,4,0,4,2,1,2,4,1,1,5,1,1,0
16826,0,3,0,3,1,1,4,4,3,3,2,3,1,0
16827,0,4,1,4,5,1,4,5,5,2,4,3,1,0
16843,0,4,0,4,4,1,1,3,4,4,3,3,0,1
16867,0,3,1,3,3,0,4,5,5,5,5,2,0,1
16870,0,4,0,4,1,1,4,4,5,5,2,4,0,1
16909,0,3,1,3,4,0,4,4,4,4,5,5,0,1
16914,0,4,0,4,4,1,3,3,4,4,1,4,1,0
16919,1,4,0,4,5,1,4,5,1,1,5,4,0,1
16925,0,4,1,4,4,0,5,5,5,5,5,2,1,0
16944,0,5,0,4,4,0,4,4,4,1,4,4,1,0
17003,0,5,0,4,3,0,5,5,4,4,5,4,0,1
17024,0,4,0,4,2,1,4,2,2,4,4,4,0,1
17040,1,4,0,4,3,1,1,1,4,2,1,5,1,0
17041,0,3,0,3,3,1,4,2,3,3,1,5,0,1
17044,1,4,0,4,5,1,4,4,2,1,4,4,0,1
17057,0,4,1,4,4,1,2,5,2,2,4,2,1,0
17072,0,4,0,1,3,0,4,4,3,2,4,4,1,0
17074,0,4,1,4,2,1,2,5,2,4,2,3,0,1
17093,0,4,1,4,4,1,5,5,4,4,4,2,1,0
17128,0,4,1,4,3,0,5,4,4,4,5,4,0,1
17141,1,4,0,4,4,1,5,5,1,1,3,2,1,0
17150,0,3,0,4,1,1,2,2,4,4,2,3,0,1
17151,0,4,0,2,2,0,4,4,2,4,4,4,1,0
17172,0,3,0,3,1,0,2,1,3,3,1,2,0,1
17173,0,4,1,4,2,1,4,4,5,3,3,2,0,1
17182,0,4,1,4,2,1,1,4,2,2,2,5,1,0
17188,1,4,0,4,5,1,4,4,4,3,1,1,0,1
17201,0,4,1,3,5,0,5,5,1,1,5,4,1,0
17204,1,4,0,5,3,1,5,5,5,3,5,4,1,0
17206,0,4,1,4,3,1,2,2,1,1,2,2,1,0
17225,0,4,1,4,2,1,5,4,2,2,3,2,1,0
17252,1,4,0,4,2,1,1,1,3,2,1,4,1,0
17262,0,4,1,4,3,0,5,4,3,3,4,5,1,0
17332,1,4,0,0,1,1,3,1,4,4,4,4,0,1
17335,1,4,0,2,3,1,4,4,2,4,4,4,0,1
17363,0,2,0,2,1,1,4,2,2,2,5,1,1,0
17378,0,4,1,5,4,1,5,5,4,4,5,5,0,1
17398,0,4,1,4,4,0,4,4,4,4,3,4,1,0
17419,0,4,1,4,4,1,3,5,2,2,5,5,1,0
17426,0,3,1,3,4,0,5,4,1,1,4,4,1,0
17470,0,4,0,4,3,1,3,4,4,4,3,4,1,0
17476,0,5,1,4,4,1,1,3,2,2,1,1,1,0
17478,1,4,0,4,3,1,3,3,4,5,3,4,1,0
17488,1,4,0,4,1,1,3,3,2,2,4,4,0,1
17495,0,2,1,2,5,1,5,5,5,5,3,4,1,0
17528,0,4,0,4,4,0,3,2,4,4,2,2,0,1
17533,0,4,1,3,4,0,5,5,1,1,3,4,1,0
17544,1,4,0,4,4,1,4,3,3,3,3,5,1,0
17554,0,4,0,4,4,0,2,3,4,4,4,5,1,0
17620,0,5,0,4,3,0,3,2,5,5,3,1,1,0
17631,0,2,0,4,1,1,2,2,2,1,2,2,1,0
17650,0,4,1,4,5,1,5,4,3,3,4,4,0,1
17657,0,4,1,4,4,0,4,5,1,1,3,2,1,0
17663,0,4,1,4,5,0,5,5,3,3,5,2,1,0
17665,0,4,0,4,1,1,4,3,4,4,1,1,0,1
17667,1,4,0,4,3,0,5,4,5,5,5,5,1,0
17691,1,4,0,4,5,2,1,1,5,5,1,4,0,1
17754,0,4,0,4,1,1,4,3,2,4,4,4,0,1
17761,0,4,1,4,1,1,2,5,1,1,2,5,0,1
17765,1,4,1,5,5,1,4,4,5,5,4,3,0,1
17788,0,4,1,4,4,1,5,3,3,3,1,5,1,0
17805,0,4,1,4,4,1,2,2,4,2,2,1,0,1
17814,0,4,1,4,5,1,5,4,2,2,5,3,1,0
17820,1,4,0,3,5,1,5,4,4,4,5,3,1,0
17821,0,4,1,4,3,1,3,2,4,4,3,2,0,1
17824,0,4,0,3,2,1,3,3,4,3,3,4,0,1
17830,1,4,0,4,5,1,1,1,4,1,1,4,1,0
17842,1,4,0,2,1,0,3,3,2,1,3,4,0,1
17843,1,4,0,4,5,1,4,5,5,4,3,4,1,0
17850,0,4,0,3,4,1,4,4,3,3,4,4,1,0
17867,1,4,0,0,3,1,5,4,4,2,5,2,1,0
17936,0,2,0,1,3,1,2,2,2,2,2,2,1,0
17951,0,4,0,3,1,0,4,4,3,1,4,4,1,0
17961,0,4,1,4,2,1,4,4,4,4,5,2,0,1
17987,0,4,0,4,2,1,3,3,4,4,2,1,1,0
18058,1,4,0,4,5,1,5,5,3,3,3,2,1,0
18059,0,4,1,4,3,1,4,4,3,3,3,3,1,0
18078,0,3,1,3,5,0,4,4,4,4,4,3,1,0
18091,0,4,1,4,3,0,5,5,3,3,4,4,1,0
18092,0,4,1,4,3,0,4,4,3,3,3,3,0,1
18102,1,4,0,4,3,1,1,4,2,5,3,2,0,1
18107,1,4,0,4,3,2,5,4,3,3,3,5,0,1
18147,1,4,0,4,5,1,4,5,1,1,4,5,1,0
18156,1,4,0,3,3,1,2,5,3,3,4,1,0,1
18164,0,4,0,4,3,1,4,4,3,3,4,4,1,0
18192,0,4,0,2,1,0,4,4,4,4,4,3,0,1
18200,0,4,0,4,1,1,1,2,4,4,2,1,1,0
18216,0,4,1,4,2,1,3,4,2,2,2,4,0,1
18226,0,3,0,3,2,0,3,2,3,3,2,1,1,0
18258,1,4,0,4,5,1,5,4,1,1,5,5,1,0
18276,0,4,0,4,2,0,2,2,1,3,2,3,1,0
18289,0,4,1,4,1,1,3,4,3,5,3,2,1,0
18290,0,4,0,3,1,0,3,3,3,4,3,4,1,0
18305,0,3,0,4,3,1,4,4,4,1,4,3,1,0
18315,0,4,0,4,4,0,3,4,4,4,3,5,1,0
18364,0,5,0,4,4,0,4,4,4,2,4,4,1,0
18368,1,4,0,5,4,1,4,4,4,3,4,4,1,0
18372,0,3,1,3,4,1,5,1,3,3,3,2,0,1
18452,1,4,0,4,1,1,3,4,2,2,4,5,0,1
18481,0,4,1,4,3,1,2,2,4,4,2,5,0,1
18516,1,4,0,4,4,1,5,5,4,4,5,4,0,1
18527,0,4,1,4,5,1,5,5,5,5,3,4,1,0
18539,0,3,0,2,4,0,2,2,3,3,3,1,0,1
18578,0,2,1,2,5,1,5,2,2,2,4,3,1,0
18627,1,4,0,4,5,1,4,4,4,4,3,4,1,0
18686,1,4,0,4,5,1,1,2,4,4,3,1,1,0
18700,0,4,1,4,4,0,5,4,5,5,4,2,1,0
18718,1,4,0,4,5,1,4,4,2,2,4,5,1,0
18729,1,4,0,4,4,1,3,3,4,4,1,3,0,1
18749,0,2,0,2,5,0,3,4,2,2,4,5,1,0
18785,0,4,1,4,5,0,4,5,5,5,4,3,0,1
18808,0,4,1,3,5,0,5,4,2,3,5,4,0,1
18816,0,4,1,4,4,1,3,2,3,3,5,5,1,0
18817,1,4,0,4,4,1,2,2,2,2,4,1,1,0
18821,1,4,0,4,5,1,5,4,2,2,3,2,1,0
18836,1,4,0,4,4,1,4,4,5,4,5,3,0,1
18837,0,4,0,4,4,0,4,2,4,4,2,3,1,0
18842,0,4,0,1,4,1,4,4,2,4,4,4,0,1
18845,0,4,1,4,4,0,5,5,4,4,3,4,1,0
18851,0,4,1,5,5,0,5,5,3,3,5,3,1,0
18862,0,4,1,4,5,0,5,5,4,4,5,4,0,1
18870,0,4,0,4,3,2,3,4,1,4,4,4,0,1
18876,0,4,1,4,3,0,4,5,3,3,4,4,1,0
18936,0,4,1,4,5,1,4,5,1,1,3,5,0,1
18943,0,4,1,4,3,0,4,5,2,3,3,3,0,1
18980,0,4,0,4,3,1,4,4,3,4,4,4,0,1
18995,0,2,0,2,4,2,2,1,2,2,2,3,1,0
19031,0,4,1,4,4,0,4,5,2,2,4,4,0,1
19044,1,4,0,4,4,1,5,4,2,2,3,2,1,0
19059,1,4,0,5,4,1,3,4,4,4,5,5,0,1
19104,1,4,0,4,2,1,4,2,2,2,1,3,0,1
19110,1,4,0,2,4,1,2,2,2,2,2,4,0,1
19120,0,2,1,2,4,1,5,4,1,5,5,4,1,0
19139,0,4,0,4,2,1,2,4,4,4,4,2,1,0
19151,0,4,1,4,3,1,4,4,2,3,4,3,1,0
19163,0,4,1,4,5,0,4,1,1,1,1,3,1,0
19178,0,4,1,4,5,0,5,4,2,2,4,4,0,1
19202,0,2,1,2,1,1,5,4,5,3,4,3,1,0
19237,0,4,0,4,4,1,3,2,4,4,2,2,0,1
19275,1,4,0,3,5,1,3,3,3,5,3,4,0,1
19311,1,4,0,4,5,1,4,3,3,3,5,5,1,0
19338,0,4,1,4,4,0,4,3,5,5,3,5,0,1
19377,1,4,0,5,4,1,4,4,2,2,2,1,0,1
19379,0,3,1,3,2,1,1,3,3,3,4,4,1,0
19385,1,4,0,3,3,1,3,1,3,3,4,4,0,1
19406,0,3,1,3,5,1,4,2,3,3,5,4,1,0
19427,0,1,0,3,4,0,2,1,3,3,3,1,1,0
19457,0,5,0,4,1,1,4,4,5,5,1,1,1,0
19498,1,4,0,4,3,1,4,4,3,3,4,5,0,1
19505,1,4,0,4,3,1,1,2,4,4,1,4,0,1
19523,0,4,1,4,3,0,5,4,5,2,3,5,1,0
19538,0,4,0,4,4,1,2,2,4,4,3,3,1,0
19541,0,4,1,5,4,0,4,4,5,5,5,2,1,0
19573,1,4,0,4,3,1,2,2,4,3,2,4,1,0
19578,0,4,1,4,3,0,4,5,4,4,3,3,0,1
19628,0,2,1,2,4,2,4,3,2,2,4,4,1,0
19631,0,4,0,3,3,0,4,4,3,2,4,4,1,0
19655,0,3,1,1,4,1,5,2,4,4,3,3,0,1
19662,0,4,1,4,3,1,4,5,5,5,4,2,1,0
19668,0,4,0,3,2,2,2,2,2,4,4,4,0,1
19669,0,2,0,2,2,0,3,4,2,2,5,4,0,1
19685,0,4,0,4,4,1,3,2,4,4,4,4,1,0
19695,1,4,0,4,5,2,4,5,2,2,4,3,0,1
19728,0,4,1,4,4,0,4,4,2,2,5,2,0,1
19788,0,4,1,4,5,0,4,4,3,3,3,4,0,1
19819,1,4,0,2,4,0,3,3,3,2,3,5,1,0
19837,0,4,0,4,4,1,4,3,4,4,1,2,0,1
19853,0,4,1,4,5,0,5,5,3,3,5,5,0,1
19898,0,4,0,4,2,0,3,2,4,4,4,1,0,1
19911,0,4,1,4,4,1,4,4,2,2,3,3,0,1
19920,1,4,0,4,5,1,1,3,2,2,2,5,0,1
19922,1,4,0,2,2,1,1,3,2,2,1,4,0,1
19939,0,1,0,2,4,1,4,2,2,1,2,4,0,1
19947,1,4,0,4,1,1,4,4,4,1,4,4,0,1
19950,1,4,0,5,5,1,4,4,2,5,3,2,0,1
19953,0,3,0,4,4,0,4,3,3,1,4,4,0,1
19997,1,4,0,4,4,1,2,1,4,4,2,2,0,1
20024,0,4,0,3,2,1,2,2,4,4,3,2,0,1
20051,0,3,0,3,3,0,4,4,3,3,4,4,1,0
20052,1,4,0,4,3,1,5,5,5,5,3,5,1,0
20081,0,2,0,2,1,1,4,3,3,3,4,3,0,1
20084,1,4,0,4,4,1,1,1,4,2,1,4,0,1
20133,0,3,0,3,1,2,4,2,3,3,5,3,1,0
20180,0,4,1,4,4,1,1,5,5,5,3,1,0,1
20248,0,3,0,3,4,0,4,4,3,3,3,5,0,1
20249,0,4,1,4,3,0,5,5,4,4,4,4,0,1
20250,0,4,1,4,3,1,5,2,4,4,4,4,1,0
20257,0,4,0,4,2,1,4,4,4,4,1,3,0,1
20271,0,4,1,4,5,0,5,5,4,4,5,5,0,1
20289,1,4,0,5,5,1,5,5,5,5,4,2,0,1
20323,1,4,0,4,3,2,4,4,4,4,3,2,0,1
20329,0,3,1,2,3,0,5,4,4,2,4,2,0,1
20335,0,4,1,4,5,1,2,5,5,5,3,1,1,0
20341,1,4,0,4,3,1,5,4,4,4,1,3,0,1
20355,0,4,0,4,4,1,2,4,4,4,4,4,1,0
20361,1,4,0,4,5,1,5,5,5,3,5,4,0,1
20372,1,4,0,4,4,1,4,5,5,5,4,2,1,0
20376,0,4,1,4,3,0,5,5,2,5,3,3,0,1
20407,0,3,1,3,5,0,4,4,4,4,3,3,1,0
20443,0,4,0,4,4,0,4,4,4,4,2,5,0,1
20449,0,4,1,4,4,1,5,4,5,5,5,3,1,0
20466,1,4,0,4,2,2,3,1,4,4,2,2,0,1
20468,0,4,1,4,4,1,3,3,2,2,2,3,0,1
20473,0,4,0,4,1,0,3,3,4,4,3,3,0,1
20493,0,4,1,3,5,1,1,1,5,5,3,3,1,0
20508,0,3,1,4,4,0,4,4,3,3,3,4,0,1
20521,1,4,0,5,5,1,5,5,4,5,5,4,1,0
20618,0,4,1,4,4,0,4,3,2,2,3,2,0,1
20624,0,4,1,4,5,1,3,4,5,5,4,2,1,0
20647,1,4,0,5,3,1,4,5,3,3,4,3,1,0
20653,1,4,0,4,3,2,4,4,3,3,3,4,1,0
20656,0,4,1,3,1,1,4,4,5,5,2,1,1,0
20667,1,4,0,3,3,2,1,2,4,1,1,4,0,1
20668,0,4,1,4,4,0,5,4,5,5,4,2,1,0
20669,0,4,1,4,3,0,5,4,4,3,5,5,0,1
20691,1,4,0,4,4,1,2,4,3,2,2,5,0,1
20755,0,4,0,4,1,1,4,4,4,3,4,4,1,0
20771,0,4,1,4,4,1,5,5,5,5,3,2,1,0
20772,1,4,0,3,3,1,5,5,3,3,2,4,0,1
20785,0,2,0,4,3,0,2,2,4,3,2,2,1,0
20795,0,4,0,4,2,1,2,3,4,4,1,3,0,1
20818,0,4,1,4,4,0,4,4,5,5,5,2,0,1
20824,0,3,0,4,4,0,3,3,4,4,3,2,1,0
20832,0,4,1,5,5,0,4,5,3,5,5,4,1,0
20848,0,3,0,2,1,0,2,3,3,4,2,2,0,1
20862,1,4,0,4,3,1,3,5,2,2,4,5,1,0
20895,0,5,0,4,3,2,3,4,5,5,1,2,0,1
20910,0,4,0,4,3,0,1,1,4,4,1,1,1,0
20957,0,4,1,4,3,0,5,5,4,4,4,2,1,0
20963,1,4,0,4,3,1,5,5,5,5,4,4,1,0
20964,0,3,0,3,1,0,2,3,4,3,2,2,0,1
20970,1,4,0,4,3,1,1,1,4,4,1,5,1,0
20974,1,4,0,4,3,0,3,3,3,4,3,4,0,1
20997,0,4,1,2,2,0,3,4,2,2,2,4,0,1
21012,1,4,0,0,5,1,1,4,3,3,5,5,1,0
21013,0,4,0,4,4,1,2,2,4,4,4,3,0,1
21036,1,4,0,4,2,1,3,4,4,4,1,5,0,1
21039,0,4,0,4,4,0,2,4,4,4,1,4,0,1
21083,1,4,0,0,4,1,4,5,4,4,1,5,1,0
21122,1,4,0,4,4,1,5,5,1,1,4,2,1,0
21155,0,4,1,4,5,0,4,4,2,2,3,3,0,1
21163,1,4,0,4,5,1,4,5,5,5,3,5,1,0
21168,0,4,1,4,4,0,5,5,4,4,3,5,0,1
21191,0,2,0,2,3,0,2,2,3,2,2,2,1,0
21217,1,4,0,4,5,1,4,5,2,1,1,1,0,1
21220,0,1,1,1,3,1,5,2,5,2,4,4,0,1
21227,0,4,0,4,3,1,4,4,3,2,4,4,1,0
21238,0,4,1,4,2,1,3,4,5,4,2,5,0,1
21244,0,4,0,4,2,1,4,4,4,4,1,3,0,1
21245,1,4,0,4,1,1,4,4,2,2,1,4,0,1
21254,0,4,1,4,3,2,1,5,2,2,5,2,0,1
21260,0,4,1,4,3,1,4,4,5,5,2,2,1,0
21262,0,4,1,4,5,1,5,2,3,3,2,5,0,1
21290,0,4,1,4,3,1,5,4,1,1,5,5,1,0
21298,0,4,1,3,1,1,2,5,5,5,2,5,0,1
21299,0,4,1,4,5,0,5,5,1,1,3,5,0,1
21321,0,4,1,4,4,0,5,5,2,2,5,4,1,0
21348,0,1,0,3,3,0,4,4,3,3,2,4,1,0
21377,0,1,0,1,1,0,4,3,1,1,4,4,1,0
21394,0,4,1,4,2,1,2,3,4,4,3,4,1,0
21413,1,4,0,4,4,1,4,3,2,2,2,5,0,1
21425,0,4,1,4,5,0,4,5,5,5,5,5,0,1
21442,0,2,0,4,1,1,3,3,3,3,3,2,0,1
21463,1,4,0,4,4,1,5,4,1,1,5,2,0,1
21466,0,4,1,4,5,1,5,4,1,1,3,5,0,1
21510,0,4,1,4,4,0,5,4,2,2,5,5,1,0
21517,0,4,1,4,3,1,2,2,4,3,2,1,1,0
21519,1,4,0,4,4,1,4,4,2,2,4,2,1,0
21529,0,4,0,4,1,2,3,1,5,4,4,3,1,0
21544,0,3,0,3,4,2,4,2,3,3,1,2,1,0
21545,0,4,0,4,4,1,2,2,4,4,3,5,0,1
21553,1,4,0,4,4,1,2,2,4,4,2,5,1,0
21579,1,3,0,2,1,0,2,4,2,4,2,3,0,1
21583,1,4,0,4,3,1,4,4,5,5,4,3,1,0
21641,0,4,0,4,3,1,1,2,4,4,2,2,1,0
21660,0,3,0,4,4,0,3,3,4,3,3,2,1,0
21674,1,4,0,4,5,1,3,2,3,3,4,5,1,0
21687,1,4,0,4,3,1,4,4,1,1,4,3,0,1
21700,1,4,0,4,4,1,5,5,4,4,5,3,0,1
21711,0,4,1,4,3,0,4,5,4,4,3,2,1,0
21724,0,2,0,2,2,1,3,2,2,2,2,3,1,0
21737,0,4,0,4,3,1,4,4,4,4,2,3,1,0
21792,0,4,0,4,4,0,4,2,4,4,2,5,0,1
21805,0,3,0,3,1,1,1,3,3,3,2,2,0,1
21806,0,4,0,4,4,1,4,4,3,4,4,4,0,1
21826,1,4,0,4,3,1,5,3,2,2,3,2,1,0
21850,1,4,0,5,5,1,5,5,5,3,5,4,0,1
21853,1,4,0,4,3,2,4,4,4,4,4,3,1,0
21856,1,4,0,5,5,0,2,2,4,5,2,4,1,0
21859,1,4,0,4,5,1,5,4,2,2,3,4,1,0
21900,1,4,0,5,5,0,3,3,5,3,3,4,1,0
21912,1,4,0,4,3,1,3,3,5,5,2,5,1,0
21921,1,4,0,4,4,1,3,3,4,3,3,4,1,0
21958,1,4,0,3,5,1,3,3,3,1,3,4,1,0
22040,0,4,0,4,2,2,4,2,2,4,1,1,0,1
22047,1,4,0,0,1,1,3,4,4,5,2,4,1,0
22088,0,4,0,4,1,1,2,2,3,4,1,5,1,0
22089,1,4,0,4,3,1,5,5,1,1,5,5,1,0
22092,1,4,0,4,3,1,3,3,2,2,3,4,0,1
22104,0,4,1,4,3,1,4,1,4,4,1,3,0,1
22204,0,4,1,4,5,0,5,5,5,5,5,4,1,0
22214,0,1,0,1,4,0,4,4,3,3,4,4,1,0
22231,0,4,1,4,4,0,1,4,4,4,2,2,0,1
22255,0,4,0,4,4,1,4,3,3,3,1,1,0,1
22271,0,4,1,4,4,1,3,1,2,5,4,1,1,0
22278,1,4,0,2,3,2,2,2,3,3,2,4,0,1
22352,1,4,0,4,2,1,1,3,1,1,4,4,1,0
22398,0,4,1,4,5,1,4,3,5,5,4,2,1,0
22404,0,3,0,3,2,0,3,3,2,2,3,3,1,0
22412,0,1,0,4,1,0,3,3,4,4,3,0,0,1
22441,0,4,1,3,4,0,4,4,4,4,3,5,1,0
22464,0,4,0,4,2,1,4,3,4,4,2,4,0,1
22479,0,4,0,2,3,0,4,4,2,1,4,4,1,0
22487,1,4,0,4,5,1,4,5,1,2,4,2,1,0
22544,0,3,1,2,3,1,5,4,5,5,4,4,1,0
22580,0,3,1,3,3,0,4,4,2,2,3,3,0,1
22599,0,2,0,4,4,0,3,2,4,3,3,3,0,1
22608,1,4,0,4,1,1,3,2,4,4,4,1,0,1
22618,0,3,1,3,3,1,1,4,3,3,5,4,0,1
22629,0,2,0,2,3,1,2,2,2,2,3,5,1,0
22647,0,4,1,4,5,0,4,5,2,2,5,3,0,1
22648,1,4,0,4,1,1,5,5,4,4,5,4,1,0
22667,0,4,0,4,3,0,4,3,4,4,3,2,1,0
22677,0,4,1,4,4,1,3,3,4,5,1,5,1,0
22688,0,3,0,3,3,1,3,4,3,3,2,5,0,1
22711,1,4,0,4,4,1,3,2,2,4,3,5,0,1
22737,0,4,0,4,2,2,2,2,4,4,1,2,1,0
22770,1,4,0,4,5,1,5,4,5,2,4,2,1,0
22801,0,4,1,4,5,1,5,4,1,1,5,3,1,0
22816,0,4,1,4,3,0,5,4,3,3,4,3,1,0
22819,1,4,0,4,3,2,5,4,3,3,3,5,0,1
22848,1,4,0,4,4,1,1,1,4,5,1,4,1,0
22869,0,4,1,4,5,0,5,5,4,4,4,5,1,0
22886,0,4,0,1,4,0,4,4,3,1,4,4,0,1
22887,0,4,1,4,5,1,4,4,5,5,3,3,1,0
22909,0,4,1,5,3,0,5,4,2,2,3,3,1,0
22972,1,4,0,1,4,1,2,2,3,3,2,4,1,0
22993,0,4,0,4,4,0,1,2,4,4,2,3,1,0
23024,0,4,1,4,3,0,3,5,3,3,5,5,0,1
23123,0,3,0,4,4,0,3,3,4,4,3,2,1,0
23210,0,3,0,4,4,0,3,4,3,4,2,2,0,1
23255,1,4,0,4,5,1,4,4,2,2,5,5,0,1
23276,0,2,1,2,4,0,5,4,2,2,3,3,1,0
23280,0,3,0,3,1,1,3,2,3,3,4,5,0,1
23283,1,4,0,4,3,1,5,2,1,1,5,4,0,1
23302,0,4,0,2,3,0,4,4,3,2,4,3,0,1
23314,0,5,0,4,2,1,3,4,5,5,2,4,0,1
23316,1,4,0,4,4,2,5,4,1,1,5,2,0,1
23326,1,4,0,0,4,1,4,5,4,4,5,4,0,1
23327,0,3,0,1,1,0,3,3,2,3,3,3,1,0
23335,1,4,0,4,1,1,5,5,2,2,4,5,1,0
23360,0,2,0,3,3,0,3,4,3,3,3,4,1,0
23365,0,2,0,2,3,2,1,1,2,2,1,1,0,1
23367,1,4,0,4,2,1,3,4,2,1,4,3,1,0
23393,1,4,0,2,1,1,3,3,2,2,4,1,0,1
23459,0,4,1,5,4,0,3,4,4,4,2,4,0,1
23462,0,2,0,1,2,1,1,3,2,2,2,4,0,1
23472,1,4,0,4,3,1,5,4,4,4,5,4,0,1
23508,0,4,1,4,4,0,5,4,1,1,4,5,0,1
23529,0,1,0,0,1,1,4,2,4,4,1,2,0,1
23587,0,2,0,4,4,0,3,2,4,3,3,3,0,1
23603,1,4,0,3,2,1,3,3,3,1,3,4,1,0
23620,0,4,1,4,4,1,5,4,2,2,4,2,0,1
23624,0,2,1,2,4,0,4,4,4,3,2,1,0,1
23626,1,4,0,4,3,1,4,5,5,5,5,3,1,0
23629,0,5,0,4,2,1,4,3,5,5,1,1,0,1
23633,0,3,0,2,2,1,3,3,3,1,3,3,1,0
23653,1,4,0,4,4,2,4,5,2,2,4,3,0,1
23658,1,4,0,4,5,1,4,5,5,4,3,5,0,1
23660,0,4,1,5,4,1,4,4,4,4,4,2,0,1
23672,0,2,0,4,3,0,3,4,2,4,3,4,0,1
23681,0,3,0,4,1,0,2,3,4,4,2,2,0,1
23689,0,3,1,3,3,0,5,4,1,5,3,5,0,1
23694,0,2,0,1,1,0,4,4,2,2,4,5,1,0
23698,0,2,0,4,3,0,4,2,4,4,4,3,1,0
23700,1,4,0,3,5,1,4,4,3,3,3,3,1,0
23723,1,4,0,4,3,1,4,5,5,5,4,4,1,0
23758,0,4,1,4,5,1,4,5,1,1,5,1,1,0
23807,1,4,0,4,4,1,3,3,3,4,3,4,1,0
23811,0,4,0,4,3,1,3,3,4,4,1,2,1,0
23826,1,4,0,4,3,1,3,4,2,2,3,3,1,0
23844,0,4,0,4,1,2,3,3,3,4,4,2,1,0
23865,1,4,0,4,1,1,5,1,1,3,4,2,0,1
23880,1,4,0,4,5,1,4,5,4,4,4,4,1,0
23915,0,4,0,4,1,1,1,1,4,4,4,2,0,1
23951,0,4,1,4,3,1,5,2,2,2,2,3,0,1
23959,0,4,0,4,2,1,4,3,5,5,2,2,0,1
24002,0,3,1,3,3,0,4,5,5,5,5,3,0,1
24012,1,4,0,4,4,2,4,5,3,3,2,2,1,0
24048,1,4,1,4,2,1,1,4,1,1,3,4,0,1
24102,0,4,1,4,3,1,3,3,5,5,2,1,0,1
24104,0,2,1,2,5,0,5,4,3,4,5,4,1,0
24115,0,5,0,4,4,1,3,4,4,5,3,5,0,1
24143,0,3,1,3,3,1,4,5,1,1,4,5,0,1
24145,0,4,0,4,1,1,1,1,3,4,2,3,1,0
24149,0,2,0,3,3,0,3,3,4,4,3,3,1,0
24154,0,4,0,4,2,0,2,1,4,4,3,2,1,0
24166,1,4,0,5,3,2,5,5,4,3,5,4,1,0
24212,0,4,1,4,5,0,4,5,2,4,4,3,1,0
24247,0,4,1,4,1,1,4,3,2,2,3,4,1,0
24264,0,3,1,4,1,1,3,3,3,3,3,4,0,1
24270,0,4,1,4,5,1,5,4,2,2,4,5,1,0
24280,0,3,0,3,2,1,4,4,4,4,3,3,0,1
24289,1,4,0,5,1,0,5,3,3,4,5,4,1,0
24290,1,4,0,4,4,1,4,4,1,1,4,4,1,0
24301,0,3,1,3,5,0,4,5,4,4,3,3,1,0
24319,1,4,0,5,1,1,5,4,3,3,5,2,1,0
24325,1,4,0,4,2,1,4,2,5,5,4,4,1,0
24332,1,4,0,3,3,1,3,3,4,1,3,4,1,0
24336,0,4,1,3,1,1,3,1,4,4,2,3,1,0
24341,0,3,0,3,1,1,3,3,3,3,2,1,0,1
24351,0,4,0,4,2,0,2,3,4,4,1,5,0,1
24358,0,4,0,2,1,0,4,4,1,3,4,4,0,1
24391,1,4,0,4,3,1,4,5,5,5,5,3,1,0
24402,0,2,1,2,5,0,4,4,3,3,4,3,0,1
24404,0,4,0,2,3,1,3,3,4,3,3,4,1,0
24405,0,4,1,4,1,1,1,1,2,2,3,1,1,0
24415,0,3,0,4,3,1,1,4,3,3,5,2,0,1
24431,1,4,0,2,2,1,1,1,2,5,1,4,0,1
24448,0,4,1,4,4,0,5,4,4,4,4,4,0,1
24460,1,4,0,4,3,1,4,3,4,4,1,2,1,0
24476,0,2,1,2,3,1,4,4,3,3,5,5,0,1
24503,1,4,0,4,3,1,5,4,1,1,3,5,1,0
24514,0,4,0,4,1,1,3,3,4,4,1,1,1,0
24531,0,4,0,4,4,1,1,3,4,4,3,1,1,0
24554,1,4,0,5,1,1,4,4,5,5,1,3,0,1
24573,1,4,0,4,4,1,3,4,3,3,4,2,1,0
24635,0,4,1,4,2,1,5,3,3,3,2,4,1,0
24652,0,4,0,2,1,0,3,3,1,3,3,3,1,0
24656,0,4,0,3,3,2,4,4,3,1,4,4,1,0
24664,0,4,1,4,4,0,4,5,4,4,3,2,1,0
24694,0,4,1,4,4,0,5,4,4,4,4,3,1,0
24699,0,3,0,4,2,0,3,2,3,3,4,2,0,1
24721,0,3,1,4,3,1,4,4,4,4,5,5,0,1
24751,0,3,0,4,3,1,3,3,4,2,3,3,1,0
24754,0,4,0,4,3,1,4,4,3,1,4,4,1,0
24773,0,4,0,4,2,1,4,3,4,4,4,1,1,0
24775,0,2,0,3,2,0,1,1,4,1,1,2,1,0
24823,0,4,0,3,4,1,2,3,1,4,1,3,0,1
24825,0,4,1,4,5,1,5,5,1,1,3,2,1,0
24841,0,4,0,4,4,1,2,1,4,4,1,3,0,1
24885,1,4,0,4,5,1,5,4,4,2,4,3,0,1
24907,0,4,0,4,3,1,2,3,4,4,3,1,1,0
24912,0,4,1,4,3,0,3,2,5,5,3,4,0,1
24915,0,3,0,3,1,0,4,4,3,3,3,2,0,1
24958,1,4,0,4,5,1,4,5,4,4,5,5,1,0
25046,0,2,1,2,5,1,1,3,3,3,1,1,1,0
25065,0,3,0,4,4,0,2,2,3,2,2,2,1,0
25066,0,4,0,4,4,0,4,4,4,4,4,5,0,1
25112,0,2,0,2,3,1,5,2,2,2,1,2,1,0
25122,1,4,0,4,1,1,4,5,1,3,3,1,0,1
25149,0,2,0,3,1,0,3,2,4,4,4,4,1,0
25196,0,5,0,2,3,0,5,5,2,3,5,4,0,1
25218,0,4,1,4,4,0,5,5,4,4,3,5,0,1
25235,0,3,0,3,4,0,4,3,3,3,4,5,0,1
25237,0,5,0,5,5,0,1,4,5,5,5,3,0,1
25241,1,4,0,4,4,1,3,3,4,3,3,4,1,0
25244,0,4,0,4,4,2,4,3,4,4,4,2,0,1
25253,0,4,0,4,4,1,4,4,4,4,3,1,1,0
25256,0,4,0,4,4,0,3,3,4,4,3,4,0,1
25261,1,4,0,4,2,1,4,3,3,3,4,1,1,0
25287,0,2,1,2,4,0,5,4,2,5,5,5,1,0
25308,0,4,0,4,4,0,4,4,4,3,4,4,0,1
25310,1,4,0,4,1,1,1,3,1,1,5,5,1,0
25328,1,4,0,3,5,1,5,4,2,2,3,4,1,0
25338,0,4,0,4,3,1,2,2,5,5,1,3,0,1
25353,0,4,0,4,4,1,4,3,4,4,4,1,1,0
25370,0,4,1,4,3,0,5,4,5,5,5,4,1,0
25427,0,4,1,4,2,1,2,3,5,2,4,4,0,1
25433,0,4,0,4,1,1,3,3,4,4,3,3,1,0
25486,0,4,1,4,4,1,5,4,5,5,4,5,0,1
25488,0,1,0,4,3,1,3,1,4,4,3,1,0,1
25551,0,4,0,4,2,1,3,4,4,4,1,5,1,0
25559,1,4,0,4,2,1,1,4,2,2,1,2,1,0
25564,0,4,1,4,4,0,5,2,5,5,2,4,0,1
25574,1,4,0,4,4,1,3,5,4,4,4,4,1,0
25576,0,3,1,2,2,1,1,5,2,2,2,4,0,1
25626,1,4,0,4,1,1,4,3,2,2,4,5,1,0
25643,0,4,1,4,4,0,4,5,1,3,3,5,1,0
25655,0,4,1,4,4,0,4,3,5,5,4,5,0,1
25667,0,4,1,4,4,0,4,4,1,1,5,3,0,1
25677,0,4,1,4,4,0,4,3,2,2,1,3,0,1
25707,1,4,0,4,5,1,5,5,1,1,5,5,1,0
25726,1,4,0,4,5,1,4,3,5,5,4,3,0,1
25731,0,4,1,4,3,1,5,4,2,2,5,5,1,0
25738,0,4,1,5,1,1,3,2,3,5,2,2,1,0
25740,1,4,0,3,3,1,4,4,3,1,4,3,1,0
25756,1,4,0,4,5,1,4,4,4,4,5,2,0,1
25758,0,4,0,4,4,1,1,4,4,4,5,4,1,0
25764,0,4,0,2,1,1,4,4,4,3,4,4,0,1
25780,0,4,1,4,5,0,2,4,4,4,3,3,1,0
25785,0,4,1,4,4,0,5,5,2,2,5,3,0,1
25827,0,4,1,4,4,0,5,4,4,2,5,5,0,1
25838,1,4,0,4,3,1,4,3,3,3,3,2,0,1
25846,1,4,0,4,3,2,5,4,1,1,4,2,0,1
25869,1,4,0,4,5,1,5,4,1,1,5,3,1,0
25873,0,2,0,4,3,0,3,3,3,3,4,5,1,0
25885,0,2,0,4,4,0,2,2,4,4,2,2,1,0
25930,0,4,0,4,4,1,3,3,4,4,1,5,1,0
25954,0,4,0,4,3,0,4,2,4,4,3,5,0,1
25960,0,4,1,4,5,1,4,5,1,1,4,4,0,1
